ID,vegyes_1,vegyes_2,lexikalis_disztribucios_3,mondatresz_disztribucios_4,topik_fokusz_5,kotoszo_6,mondatresz_disztribucios_7,alaktan_disztribucios_8,alaktan_disztribucios_9,lexikalis_disztribucios_10,kotoszo_11,vegyes_12,alaktan_disztribucios_13,mondatresz_disztribucios_14,alaktan_disztribucios_15,vegyes_16,lexikalis_disztribucios_17,lexikalis_disztribucios_18,mondatresz_disztribucios_19,vegyes_20
1001,0,1,1,0,0,0,1,0,1,1,1,0,1,1,1,1,1,1,1,0
1002,0,1,0,0,1,1,1,0,1,0,0,0,1,1,1,1,1,1,1,1
1004,1,0,1,1,0,1,0,1,1,0,1,1,1,1,1,1,1,1,0,0
1005,0,1,1,1,1,1,1,1,1,1,1,0,1,1,1,1,1,1,1,0
1102,0,1,1,1,1,1,1,1,1,0,1,1,1,1,1,1,1,1,0,1
1103,0,1,0,1,1,1,0,0,0,1,1,0,1,1,1,1,1,1,0,1
1201,1,0,0,1,0,1,1,1,1,0,1,0,1,1,1,1,1,0,0,1
1202,0,1,1,1,1,1,1,1,1,1,1,1,1,1,1,1,1,0,1,0
1203,1,1,1,0,1,0,1,1,0,1,1,1,1,1,1,1,0,0,0,0
1204,1,1,1,1,1,1,1,1,1,1,1,0,1,1,1,1,0,1,0,0
1205,0,1,1,1,1,1,1,1,1,0,1,1,1,1,1,1,1,1,0,1
1207,1,1,1,0,1,1,1,1,1,1,1,1,1,0,1,1,1,0,1,0
1208,1,1,1,1,1,1,1,0,1,0,1,0,1,1,1,1,0,1,1,0
1209,0,1,1,1,1,1,1,0,1,0,1,1,1,0,1,1,1,0,1,0
1210,0,1,1,1,1,1,1,1,1,0,1,1,1,1,1,1,1,1,0,1
1211,0,1,0,1,0,0,1,0,0,0,0,1,0,1,0,0,1,0,1,0
1212,0,1,1,1,1,1,1,1,1,1,1,1,1,1,1,1,1,1,1,1
1213,1,1,1,1,1,1,1,1,0,0,1,1,1,1,1,1,1,0,1,0
1214,1,1,0,1,1,1,1,0,1,1,1,0,1,1,1,1,1,0,1,0
1215,0,1,1,0,1,1,0,0,1,1,1,0,0,1,1,1,1,0,0,0
1303,0,1,1,1,1,1,1,0,0,1,1,0,1,1,1,1,0,1,0,0
1305,1,1,1,0,1,0,1,1,1,1,1,1,1,1,1,1,1,1,1,0
1306,0,1,1,0,0,1,0,0,1,1,1,0,1,1,1,1,0,0,0,0
1308,0,1,1,1,0,0,1,1,0,1,1,0,1,1,1,1,1,0,0,1
1309,1,1,1,1,1,1,1,0,1,1,1,1,1,0,1,1,1,1,0,0
1310,0,0,0,1,0,1,0,1,1,1,1,0,0,0,1,0,1,0,0,1
1312,0,0,1,1,1,1,0,0,0,1,1,0,1,1,0,0,1,1,1,1
1313,1,0,1,1,1,1,1,1,1,1,1,1,1,1,1,1,1,0,0,1
1314,0,1,1,1,1,1,1,1,1,1,1,0,1,1,1,1,1,1,1,1
1315,0,1,1,1,0,1,1,1,0,1,1,1,1,1,1,1,1,1,0,1
1316,0,0,1,1,1,0,0,1,0,1,0,0,0,1,1,0,1,1,1,0
1317,1,1,1,1,1,0,1,1,1,0,1,1,1,1,1,0,0,1,0,1
1318,0,1,1,1,1,1,1,1,1,1,1,0,1,1,0,1,1,1,1,1
1320,1,1,1,1,1,1,1,1,1,1,1,1,1,0,1,1,1,0,0,1
1321,0,1,1,1,1,1,1,1,0,1,1,1,1,1,1,1,1,1,1,0
1322,0,1,1,1,0,1,0,1,1,0,1,0,1,1,1,1,1,1,0,1
1323,0,1,1,1,1,1,1,1,1,1,1,1,1,1,1,1,1,1,0,1
1324,1,1,1,1,1,1,1,1,1,1,1,1,1,1,1,1,0,0,0,0
1325,1,1,1,1,1,1,0,1,1,1,1,0,1,1,1,1,1,1,0,1
1327,0,0,1,0,0,1,1,1,1,1,1,1,1,1,1,1,1,0,1,0
1328,1,1,1,1,1,1,1,1,1,0,1,0,1,1,1,1,1,1,0,1
1329,1,1,1,1,1,1,1,1,1,1,1,1,1,1,1,1,1,1,0,1
1331,1,1,1,1,1,1,1,1,0,1,1,0,1,1,1,1,0,1,1,1
1332,0,1,1,0,1,1,1,1,1,1,1,0,1,0,0,0,1,1,0,1
1334,1,1,1,1,0,0,1,1,1,1,1,1,1,0,1,1,1,0,0,0
1335,1,0,1,1,0,1,1,0,1,0,0,1,0,1,0,0,1,0,1,0
1336,0,1,1,1,1,1,1,1,1,1,1,0,0,0,1,0,1,1,0,0
1337,1,1,1,0,1,1,1,0,1,1,1,1,1,1,1,1,1,0,0,0
1338,0,1,1,1,1,1,1,1,1,0,1,1,0,1,1,1,1,0,1,0
1339,0,1,1,1,1,1,1,1,1,1,1,0,1,1,1,1,1,1,1,0
1341,1,1,1,1,1,1,1,1,1,1,1,0,1,0,1,0,1,1,1,0
1342,1,1,1,1,1,1,1,1,1,0,1,1,0,1,1,1,1,1,0,1
1343,1,1,1,1,1,1,1,1,1,0,1,0,1,0,1,1,1,1,1,1
1345,0,1,0,0,0,0,1,1,1,1,1,0,0,1,0,1,0,1,1,0
1346,0,1,1,1,1,1,1,1,1,0,1,0,0,0,0,1,1,0,0,1
1347,1,1,1,1,0,1,0,1,0,1,1,1,1,1,1,1,1,1,0,1
1348,0,1,0,1,1,1,1,0,0,1,1,0,1,1,0,1,1,1,1,0
1349,1,0,0,1,0,1,1,1,1,1,1,1,1,1,1,1,1,1,1,0
1350,1,1,1,0,1,1,1,1,1,1,0,0,1,1,1,1,1,1,1,1
1351,0,1,1,1,1,1,1,1,1,1,1,1,1,1,1,1,1,0,1,1
1352,0,1,1,1,1,1,1,1,1,1,1,1,1,1,1,1,1,1,1,0
1353,0,1,1,1,1,1,1,1,1,1,1,1,1,1,1,1,1,0,0,1
1354,1,1,1,0,0,1,1,0,1,0,0,1,1,0,1,0,0,0,1,1
1355,0,1,1,1,1,1,1,1,0,1,1,0,1,1,1,1,1,1,0,0
1356,1,1,1,1,1,1,1,1,1,0,1,1,1,0,1,1,1,1,1,0
1357,0,1,1,1,1,1,1,0,0,1,1,0,1,1,1,1,0,0,0,1
1358,1,1,0,1,1,1,1,1,1,1,1,0,1,1,1,1,0,1,1,1
1359,1,0,0,1,0,1,1,0,0,1,1,0,1,0,1,1,1,0,0,1
1360,1,1,1,0,1,1,1,0,1,1,1,0,1,1,1,1,0,0,1,1
1361,1,0,1,0,1,1,1,1,0,1,1,0,1,1,1,1,1,1,0,1
1362,1,1,0,1,0,1,0,0,0,1,1,1,1,1,1,1,1,0,0,1
1363,1,0,1,1,1,1,1,1,1,1,1,1,1,1,0,1,1,1,0,0
1364,0,0,0,1,0,1,1,0,0,1,1,0,0,0,1,1,1,0,1,1
1365,1,1,1,1,1,1,0,1,1,1,1,1,0,1,1,1,0,1,0,0
1366,1,1,1,1,1,1,1,1,1,1,1,1,1,1,0,1,1,1,1,0
1367,0,1,1,1,1,1,1,0,0,0,1,1,1,0,1,1,1,0,1,1
1368,1,1,1,1,0,1,1,1,1,1,1,1,0,1,1,0,1,1,1,1
1369,0,1,1,1,0,1,0,1,1,0,1,1,1,1,1,0,0,1,1,0
1371,0,1,0,1,1,1,1,1,0,1,1,0,1,0,1,1,1,1,1,0
1372,0,1,0,1,1,0,1,0,1,0,1,0,1,1,0,1,0,1,0,0
1373,0,1,1,1,1,1,1,1,1,1,1,0,0,0,1,1,1,0,1,0
1374,1,1,1,0,1,1,1,1,1,1,1,0,1,1,1,1,1,1,0,0
1375,1,1,1,1,1,0,0,1,1,1,1,1,1,1,1,0,1,1,0,1
1376,1,0,0,1,0,1,0,1,1,0,0,0,0,0,0,1,1,0,1,1
1377,1,1,1,1,1,1,1,0,1,1,1,1,1,1,1,1,1,1,1,0
1378,0,1,1,1,1,0,1,0,1,1,1,0,1,1,1,1,0,1,1,0
1379,0,1,1,0,1,1,0,1,1,1,1,0,1,1,1,1,1,1,1,1
1380,1,1,0,1,0,0,0,1,1,0,0,1,1,0,1,1,1,0,1,1
1381,1,1,1,1,1,0,0,0,0,0,1,0,1,1,1,1,0,0,1,0
1382,0,1,1,1,1,1,1,1,1,0,1,0,1,1,1,1,1,1,0,1
1383,0,1,1,1,1,1,0,1,1,1,1,0,1,1,1,1,1,1,1,0
1918,1,1,1,0,1,1,0,1,1,0,1,0,0,1,1,0,1,1,1,0
200,1,0,1,1,1,0,1,1,1,0,1,0,0,0,1,0,1,0,0,0
2001,1,1,1,1,1,1,1,0,0,1,0,1,1,1,1,1,1,1,1,0
2002,0,1,0,1,0,1,1,1,0,1,1,1,0,0,0,1,0,0,1,0
2003,1,1,1,0,1,0,1,0,0,1,1,0,1,1,1,1,1,1,0,0
2004,0,1,1,1,0,1,1,0,1,0,1,1,1,0,1,1,0,0,1,1
2005,1,1,1,0,1,1,1,0,1,1,1,0,1,1,1,1,1,1,0,1
2006,1,1,0,1,1,1,1,1,1,1,1,0,1,1,1,1,1,1,0,1
2007,1,1,1,1,1,1,1,0,1,1,1,1,1,1,1,1,1,0,0,0
2030,0,1,0,1,0,1,0,0,1,0,1,0,1,1,1,1,1,1,0,1
2101,0,1,1,1,1,0,1,1,1,1,1,0,1,1,1,1,0,1,1,0
2102,0,0,1,1,0,0,1,0,1,1,0,0,1,1,1,1,1,1,1,0
2103,1,0,1,1,1,1,1,1,1,1,1,1,1,1,0,1,1,0,0,1
2201,0,1,1,1,1,1,1,1,1,0,1,1,1,1,1,1,1,1,0,1
2202,0,1,0,1,1,1,1,0,1,1,1,0,1,1,1,1,0,1,0,1
2203,1,1,1,1,1,1,1,1,1,1,1,0,1,0,1,1,1,1,1,0
2204,1,1,1,0,1,1,0,1,1,1,1,0,1,1,1,1,1,0,1,0
2205,1,1,1,1,1,1,1,1,1,1,1,1,1,1,1,1,1,0,0,0
2206,1,1,0,1,0,1,1,1,1,1,1,0,1,1,1,0,1,1,0,0
2207,1,0,1,1,1,1,1,1,0,1,1,0,1,1,1,0,1,1,1,1
2208,1,1,1,1,1,1,1,1,1,1,1,1,1,1,1,1,0,1,0,0
2210,1,1,1,1,1,1,1,1,1,1,1,1,1,1,1,1,1,0,1,1
2211,0,1,1,1,1,1,1,1,1,1,1,0,0,1,1,1,1,1,1,1
2212,0,1,0,0,0,0,0,0,1,0,0,0,0,0,0,0,0,0,0,1
2213,0,1,0,1,1,1,1,1,1,1,1,1,1,1,1,0,0,1,0,0
2214,1,1,1,1,1,1,1,1,1,1,1,1,1,1,0,1,1,1,1,1
2215,1,1,0,1,1,1,1,1,1,0,1,1,1,1,1,1,0,1,0,0
2301,0,0,1,0,0,1,0,1,1,1,1,0,0,0,0,1,0,1,1,0
2302,0,1,1,1,1,1,1,0,0,0,1,0,1,0,1,1,1,1,0,1
2303,1,1,1,1,0,1,0,1,1,0,1,1,1,1,1,1,1,1,1,0
2305,0,1,1,1,1,1,0,1,0,1,1,1,1,0,1,1,0,1,0,1
2306,0,1,1,1,0,1,1,1,0,1,1,1,0,0,1,1,1,0,1,1
2307,0,1,1,1,1,1,1,1,0,1,1,0,1,1,1,0,0,0,1,0
2308,0,1,1,1,1,0,1,0,0,0,1,1,1,1,1,1,1,1,0,1
2309,0,1,1,0,0,1,0,1,0,1,0,0,1,1,1,1,1,0,1,1
2310,1,1,1,1,1,1,1,1,0,0,1,0,1,1,1,1,1,0,1,0
2311,0,1,1,0,1,1,1,0,0,0,0,0,1,0,0,0,1,1,0,1
2312,0,1,1,1,1,1,1,1,1,1,1,0,1,1,1,1,0,0,0,0
2313,0,1,1,0,1,1,1,1,1,0,1,0,1,1,1,1,0,1,1,1
2314,1,0,1,1,1,1,0,0,1,0,1,0,0,1,1,1,0,0,1,1
2315,1,1,1,0,1,1,1,1,1,1,1,0,0,1,1,1,1,1,0,1
2316,1,0,0,1,1,1,1,0,0,1,1,1,1,1,1,1,1,1,1,0
2317,0,1,1,1,1,1,1,1,1,1,1,0,1,1,1,1,1,1,0,0
2318,1,1,1,1,0,0,1,1,0,1,1,1,1,1,1,1,0,0,1,1
2320,0,1,1,0,0,1,0,0,1,1,1,0,1,1,1,1,1,1,1,1
2321,1,1,1,1,1,1,0,1,1,0,1,1,1,1,1,1,1,1,1,1
2322,1,1,1,0,1,1,1,0,1,1,1,1,1,1,1,1,1,1,0,0
2323,1,1,1,0,0,1,1,1,1,1,1,0,1,1,1,1,1,0,1,1
2324,1,1,0,1,0,1,0,1,1,1,0,1,1,1,1,1,1,1,0,1
2325,0,0,0,1,1,0,1,0,0,1,1,0,0,1,0,1,1,1,0,1
2326,1,1,1,1,1,1,0,1,1,0,1,1,1,1,1,1,1,0,0,1
2327,1,1,1,1,1,1,1,1,0,0,1,0,0,1,1,1,1,0,0,1
2328,0,0,0,0,0,1,0,0,1,1,1,0,0,0,1,0,1,1,1,0
2329,0,1,1,1,1,0,1,1,1,0,1,0,1,1,1,0,1,1,0,1
2330,0,0,1,1,1,0,1,0,0,1,0,0,0,1,0,1,1,1,0,0
2331,1,1,1,1,1,0,1,1,1,1,1,0,1,0,1,1,0,1,1,0
2333,1,1,1,1,1,1,0,0,1,1,1,0,1,1,1,0,1,0,0,1
2334,0,1,1,0,1,0,1,0,0,1,1,0,1,1,1,1,1,1,0,1
2335,0,1,0,1,0,1,1,1,0,1,0,0,1,0,1,1,1,1,1,0
2336,1,1,1,0,0,1,0,1,1,0,1,0,1,0,0,1,0,0,1,1
2337,0,1,1,1,1,0,1,1,0,1,1,1,1,1,1,1,0,1,1,0
2338,0,1,0,1,1,1,1,1,1,1,1,0,0,1,1,1,1,1,1,1
2339,0,0,0,1,0,0,0,0,0,0,1,0,0,0,0,0,0,0,0,1
2340,1,1,1,1,1,0,1,1,1,0,0,1,1,0,1,0,1,0,0,1
2341,1,0,1,1,1,1,1,0,1,1,1,0,1,1,1,1,1,0,1,1
2345,0,1,1,1,1,1,1,1,1,1,1,0,1,1,1,1,1,1,1,0
2346,0,1,0,1,1,0,0,1,1,1,1,0,1,0,1,0,1,0,1,0
2347,0,1,1,1,1,1,1,0,1,1,1,1,1,1,1,1,1,1,0,0
2348,1,0,1,1,0,1,1,1,1,1,1,0,0,0,1,0,1,1,1,1
2349,0,1,1,1,1,1,0,0,0,1,1,0,1,0,1,0,1,1,1,0
2350,1,1,0,0,0,1,1,1,1,1,1,0,1,1,1,1,1,1,1,0
2351,1,1,1,1,1,0,1,1,1,0,1,1,1,0,1,1,1,1,1,1
2352,1,0,1,0,0,1,1,1,1,1,1,0,0,0,1,1,0,1,0,1
2353,1,1,1,1,1,1,1,0,1,0,1,1,1,1,1,1,1,0,1,1
2354,1,1,1,1,1,1,1,1,1,1,1,1,1,1,1,1,1,1,1,1
2355,0,1,1,1,1,1,1,1,0,1,1,0,1,1,1,1,0,1,0,1
2356,1,1,1,1,1,1,0,1,1,1,1,0,0,1,0,1,1,0,1,0
2357,0,1,1,1,0,0,0,0,1,1,0,0,1,1,1,1,1,0,1,0
2358,0,1,1,1,1,1,1,1,1,0,1,0,1,1,0,1,0,1,1,0
2359,0,1,1,1,1,1,1,1,1,1,1,0,0,1,0,1,0,1,1,1
2360,0,1,1,1,1,1,1,0,1,1,1,1,1,1,1,1,1,0,0,1
2361,1,1,1,1,1,0,1,1,1,1,1,1,1,1,1,1,0,0,0,1
2362,1,1,1,1,0,1,0,1,1,1,1,0,0,1,1,1,1,1,0,0
2363,1,1,1,1,1,0,1,1,1,1,1,1,1,1,1,1,0,1,1,0
2364,0,1,1,1,1,1,1,1,1,1,1,0,1,0,1,1,1,0,0,0
2365,0,0,0,0,0,1,1,1,1,1,1,0,0,1,1,1,1,0,1,0
2366,1,0,1,0,1,1,1,1,1,1,1,0,1,1,1,1,0,0,1,0
2367,1,1,1,1,1,1,1,1,1,1,1,1,1,1,1,1,1,0,1,0
2368,0,1,1,1,1,1,1,0,0,0,1,0,1,1,1,1,1,0,0,1
2369,1,1,1,1,0,1,0,1,1,1,1,1,1,1,1,1,1,0,1,0
2370,0,1,1,1,1,1,1,1,0,1,1,0,1,1,1,1,1,1,0,1
2371,0,1,1,1,1,0,0,1,1,1,1,1,1,1,1,0,0,1,0,0
2372,1,0,1,0,1,1,1,0,0,1,1,1,1,1,1,1,1,1,0,0
2373,0,1,1,1,1,1,1,1,0,0,1,0,0,0,1,0,1,1,0,1
2374,0,1,1,0,1,1,1,1,0,1,1,1,1,1,1,1,0,1,0,0
2375,1,1,1,1,1,1,1,1,0,1,1,0,1,1,1,1,1,1,1,1
2376,1,1,1,1,0,1,1,1,1,1,1,0,1,1,1,0,0,1,1,0
2377,0,1,0,1,1,1,1,1,0,1,1,0,1,0,1,1,1,1,0,0
2378,0,1,1,1,0,1,0,1,0,1,1,1,0,1,1,1,1,1,1,0
2380,1,1,1,1,1,1,1,0,1,1,1,0,1,1,1,0,1,0,0,0
2381,1,1,1,1,1,1,1,1,0,0,1,0,1,1,1,1,1,1,1,1
3001,0,1,0,1,1,1,1,1,0,1,1,0,0,0,1,1,1,1,1,0
3002,0,1,1,1,0,1,1,1,0,1,1,1,1,0,1,1,1,1,0,0
3003,0,1,1,1,1,1,1,0,1,0,1,1,0,0,1,1,1,1,0,0
3004,1,0,0,1,0,0,0,1,1,1,0,0,0,0,1,0,1,0,1,1
3005,0,1,1,1,1,1,0,1,0,0,1,0,1,1,1,1,0,1,0,1
3006,0,1,1,1,1,1,0,1,1,1,1,1,0,0,0,1,0,0,1,1
3007,0,1,1,1,1,1,1,0,1,1,1,1,1,0,1,1,0,1,1,0
3035,0,1,1,1,1,1,1,1,1,0,1,1,0,1,1,1,0,0,0,1
3101,0,0,0,0,0,0,0,1,1,1,0,0,0,1,1,1,1,0,1,1
3102,0,1,1,1,1,1,1,1,1,1,1,1,1,1,1,0,1,1,1,0
3103,1,1,1,1,1,1,1,1,1,1,1,1,1,1,1,1,1,1,1,1
3201,1,1,1,1,1,1,1,1,1,1,1,1,1,1,1,1,1,0,1,1
3202,0,1,1,1,1,1,1,1,1,0,1,0,1,1,1,1,0,0,1,0
3203,1,1,1,0,0,1,1,1,1,1,1,1,1,1,1,1,0,1,0,1
3204,0,1,1,0,1,1,1,1,0,1,1,1,1,1,1,1,0,1,1,0
3205,1,1,1,1,0,1,0,1,1,1,1,0,1,0,1,1,1,1,0,0
3206,1,1,1,0,0,1,1,1,1,1,1,0,0,1,1,0,1,0,0,1
3207,0,1,1,1,1,0,1,1,1,0,1,0,1,1,1,1,1,1,1,0
3208,1,1,1,1,0,1,1,0,0,0,1,0,1,1,1,1,1,0,1,1
3209,1,1,1,1,1,1,1,1,1,1,1,1,1,1,1,1,0,1,1,1
3210,0,1,0,0,1,1,0,1,1,1,1,0,1,1,1,0,0,1,0,0
3211,0,1,0,1,0,0,1,1,1,1,1,0,1,1,1,1,0,0,1,1
3212,1,1,1,1,1,1,1,0,1,1,1,1,1,1,1,1,1,0,0,0
3213,1,1,1,1,1,1,1,1,1,1,1,1,1,1,1,1,1,0,1,0
3214,0,1,1,1,0,1,1,1,1,1,1,0,1,1,1,0,1,1,0,0
3301,0,1,0,1,1,1,1,1,1,0,1,1,1,1,1,0,1,0,1,0
3302,0,1,1,1,1,1,1,1,1,1,1,1,1,1,1,1,1,1,1,1
3303,0,1,1,1,1,1,1,1,1,0,1,1,1,1,1,1,1,1,1,1
3304,0,1,1,1,1,1,1,0,1,1,1,0,1,1,0,0,1,1,1,0
3305,1,1,1,1,1,1,1,1,1,0,1,1,1,1,1,1,0,0,1,0
3306,1,1,1,1,0,1,1,0,1,1,0,1,1,1,1,1,0,1,0,1
3307,1,1,1,1,1,1,1,1,1,1,1,0,1,1,1,1,1,1,1,1
3308,0,1,1,1,1,1,0,1,1,0,1,0,1,1,1,1,1,1,1,0
3309,0,1,1,1,1,1,1,1,0,1,1,1,0,0,1,1,1,1,1,1
3310,0,1,1,1,1,1,1,1,0,1,1,1,1,1,1,1,1,1,1,1
3311,0,0,1,1,0,1,0,0,0,0,1,1,1,1,0,1,1,0,1,0
3312,1,0,1,0,1,0,1,0,1,1,1,0,1,1,1,1,0,1,0,0
3313,0,1,1,1,0,0,1,0,1,1,1,1,0,1,1,1,1,1,1,0
3314,0,1,1,1,0,1,0,1,1,0,1,0,1,1,1,1,1,1,1,1
3316,0,1,1,1,1,1,1,1,1,1,1,1,1,0,1,1,1,0,1,0
3317,1,1,1,1,1,1,0,1,1,1,1,1,1,1,1,1,1,1,1,0
3318,0,0,1,1,1,1,1,1,0,1,1,0,0,1,1,1,0,1,1,0
3319,0,1,0,0,0,1,0,1,1,1,1,0,1,0,1,0,0,0,0,1
3320,1,1,1,1,0,1,1,1,1,1,1,1,1,1,1,1,1,1,1,0
3321,1,0,1,1,1,1,0,0,0,1,0,1,1,1,0,1,1,1,1,0
3322,0,0,1,1,0,1,1,0,1,0,1,1,1,1,1,0,1,0,0,0
3323,0,1,1,1,1,1,1,1,1,0,1,0,1,1,0,1,1,1,0,1
3324,1,1,1,1,0,1,1,1,1,1,1,0,0,1,1,0,1,1,1,0
3325,0,1,0,1,1,0,0,0,0,1,0,0,0,0,1,1,1,1,1,0
3326,0,1,1,1,0,0,1,1,1,1,1,1,0,1,0,0,1,1,0,1
3327,0,1,1,1,1,1,1,1,0,0,1,1,1,0,1,1,0,1,1,1
3328,0,1,1,1,1,1,1,1,1,1,1,1,0,0,1,1,1,1,1,0
3329,0,1,1,1,0,1,0,0,0,0,1,0,1,0,1,1,1,1,1,1
3330,0,1,1,1,1,1,0,1,1,1,1,0,1,1,1,1,0,1,1,1
3331,0,0,0,0,0,0,0,1,0,0,0,1,0,0,1,0,0,1,1,0
3332,1,1,1,1,1,1,1,1,1,1,1,0,1,1,1,0,0,0,1,1
3333,1,1,1,1,0,1,1,1,1,1,1,1,1,1,1,1,1,1,0,0
3334,0,0,0,0,0,0,1,1,1,1,1,0,0,1,0,1,0,0,1,1
3335,0,1,1,1,1,1,1,1,1,1,1,0,1,1,1,1,1,1,0,0
3336,0,1,1,1,0,1,1,1,0,1,1,0,1,0,1,0,1,1,0,0
3337,1,1,1,1,1,0,1,1,1,1,1,1,1,1,1,1,1,0,1,1
3338,1,0,1,0,0,0,1,1,1,1,0,0,0,1,1,1,1,1,1,0
3339,1,1,0,1,0,1,1,1,1,1,1,0,1,1,1,1,1,1,1,0
3340,0,1,1,1,0,1,1,1,1,1,1,1,1,1,1,1,1,0,1,0
3341,1,1,1,1,1,1,1,1,1,1,1,0,1,1,1,1,1,0,1,1
3342,0,1,0,1,1,0,1,1,1,0,1,1,1,1,0,1,1,0,1,1
3343,0,1,1,1,1,0,1,1,1,1,1,1,1,1,1,1,1,1,0,1
3344,1,1,1,1,1,1,1,1,1,0,1,1,1,0,1,1,1,1,0,0
3345,0,1,1,1,1,0,1,0,1,1,0,0,0,1,1,1,0,1,1,1
3346,1,1,1,1,1,1,1,1,1,1,1,1,0,1,1,0,0,0,1,1
3347,0,1,1,1,0,1,1,1,0,1,1,0,1,1,1,1,1,0,1,1
3348,1,1,1,1,1,0,1,1,1,1,1,0,0,1,0,1,1,0,1,0
3349,0,0,1,1,0,1,0,1,1,1,1,0,0,1,0,1,1,1,1,1
3350,0,1,1,1,1,1,0,0,0,1,1,0,1,1,1,0,1,0,1,0
3351,1,1,1,1,1,1,0,1,1,1,1,0,1,1,1,1,1,1,0,1
3352,1,1,1,0,1,1,1,1,1,0,1,1,1,1,1,1,1,1,1,0
3353,0,1,1,1,0,0,0,0,0,0,0,0,0,1,0,1,0,0,0,0
3354,0,1,1,1,1,1,1,1,0,1,1,1,0,1,1,1,1,0,0,0
3355,1,1,0,1,0,0,1,1,1,1,1,1,1,1,1,0,1,1,0,0
3356,0,1,1,1,1,1,1,0,1,1,1,0,1,1,0,1,0,1,1,0
3357,1,0,1,1,0,0,1,1,1,0,1,1,1,0,1,1,0,0,1,0
3358,0,1,0,0,0,0,0,0,0,1,0,0,1,1,0,1,0,0,1,1
3359,0,1,1,1,1,1,1,0,1,1,1,0,1,1,1,1,0,1,1,1
3360,0,1,1,1,1,1,1,1,1,1,1,1,1,0,1,1,0,1,0,1
3361,1,1,1,1,1,0,1,1,1,1,1,1,1,1,1,1,1,1,1,0
3362,0,0,1,1,0,1,0,0,1,1,0,0,1,1,1,1,0,1,0,1
3363,1,1,1,1,1,1,1,1,1,1,1,1,1,1,1,1,1,0,1,1
3364,0,1,0,1,1,0,1,1,1,1,0,1,1,1,1,1,1,1,1,1
3365,1,1,1,1,1,1,1,1,1,1,1,1,1,1,1,1,1,1,0,1
3366,1,0,0,0,0,0,0,0,0,0,0,1,0,1,1,0,0,0,0,0
3367,0,1,1,1,1,1,1,0,1,0,1,0,1,1,1,1,1,1,1,0
3368,1,1,1,1,1,1,1,1,1,1,1,1,1,1,1,1,1,0,1,1
3369,1,0,1,1,1,1,0,0,1,1,1,0,0,1,1,0,0,1,1,0
3370,1,1,1,1,0,1,1,1,0,1,1,0,1,1,1,0,1,0,1,0
3371,1,1,1,1,0,1,1,1,1,1,1,1,0,1,1,1,0,1,0,1
3372,1,0,1,1,0,1,1,1,1,1,1,1,0,1,1,1,0,1,0,0
3373,1,1,1,1,1,1,1,1,1,0,1,0,1,1,1,1,1,1,1,1
3374,0,1,0,0,1,0,0,0,0,1,1,0,0,1,1,0,1,0,0,0
3375,1,1,1,1,1,1,1,1,1,1,1,0,1,1,1,1,1,0,1,0
3376,0,1,1,1,1,0,0,0,0,1,0,0,1,0,0,0,0,0,0,1
3378,1,1,1,1,0,1,1,1,0,1,1,0,1,0,0,1,1,1,0,0
3379,1,0,1,1,0,1,1,1,1,1,1,1,1,0,1,0,0,0,1,1
3380,0,0,1,0,0,1,1,1,1,1,0,1,1,1,1,1,1,0,0,1
3381,0,1,1,1,1,1,1,1,1,1,1,0,1,1,1,1,1,1,0,1
5002,0,0,0,1,0,0,1,1,1,0,1,0,0,0,0,0,0,0,0,1
5003,0,1,1,1,1,1,1,1,1,1,1,0,1,1,1,1,1,0,0,1
5004,0,1,0,0,1,0,0,0,1,0,0,0,0,0,0,1,0,1,1,0
5005,0,1,1,1,1,1,1,0,1,1,1,1,1,1,1,1,0,1,0,1
5006,0,1,1,1,1,1,1,1,1,0,1,0,1,1,1,1,0,1,0,0
5008,0,1,1,1,1,1,1,0,1,0,1,0,1,1,1,1,1,0,1,1
5011,1,1,1,1,0,1,1,0,1,1,0,1,1,0,1,1,1,0,1,1
5012,1,1,0,1,1,1,1,1,1,1,1,1,1,0,1,0,0,1,0,1
5013,0,1,1,1,1,1,1,1,1,0,1,0,1,1,0,1,1,1,0,1
5014,1,1,1,1,1,1,1,1,0,1,1,1,1,1,1,1,0,1,1,0
5015,1,0,1,1,0,0,1,1,0,0,1,1,1,1,1,0,1,0,0,0
5016,0,1,1,1,1,1,1,1,1,1,1,0,1,1,1,1,1,1,1,0
5018,0,0,1,1,0,1,1,1,1,1,1,0,0,1,0,1,0,0,1,0
5019,0,1,1,0,0,1,0,0,0,1,1,0,1,0,1,1,0,1,1,1
5020,0,1,0,1,1,1,0,1,0,0,0,1,1,1,1,1,1,1,1,0
5021,0,1,1,1,0,1,0,0,0,1,1,0,1,1,1,1,0,0,1,1
5022,0,1,1,0,1,1,1,1,1,1,1,1,1,1,1,0,1,1,1,1
5023,1,1,1,1,1,0,0,1,1,1,0,0,0,1,1,1,0,0,1,0
5024,1,1,1,1,0,1,1,1,1,0,1,1,0,1,1,1,1,1,0,0
5025,1,1,1,1,0,0,1,1,1,1,1,1,0,1,1,1,1,1,1,0
5027_1,0,1,1,1,1,1,1,1,1,1,1,0,1,1,1,1,0,1,1,0
5027_2,0,1,1,1,1,1,1,0,1,1,1,1,1,1,1,1,1,0,1,0
5029,0,1,1,1,1,1,1,0,1,0,1,1,1,1,1,1,1,1,0,1
5030,1,1,1,1,1,1,1,1,1,1,0,1,1,1,1,1,1,0,1,1
5031,1,1,1,1,0,1,1,1,1,1,1,1,1,0,1,1,1,1,1,1
5032,1,0,1,0,1,1,1,0,1,1,1,0,0,1,1,0,0,0,1,1
5033,0,0,1,0,1,1,0,1,1,0,1,0,1,1,1,1,0,0,1,1
5034,1,0,1,1,0,0,1,1,1,1,1,0,0,0,1,1,0,1,1,0
5036,0,1,1,1,1,1,1,1,1,1,1,0,1,0,1,1,0,1,1,0
5037,1,1,1,0,0,1,1,1,1,1,1,1,0,1,1,1,1,0,1,0
5038,0,1,1,1,1,1,1,1,1,1,1,1,1,1,1,1,1,1,0,1
5039,0,1,1,1,1,1,1,0,0,1,1,1,1,1,1,1,1,0,1,0
5040,1,1,1,0,1,0,1,1,1,0,1,1,1,1,1,1,0,0,0,0
5042,0,1,1,1,1,1,1,0,1,1,1,0,1,0,1,1,1,1,0,1
5044,1,0,0,0,0,0,0,0,1,0,0,1,0,0,1,0,0,1,0,1
5045,1,0,1,0,0,0,0,0,0,1,1,0,0,1,1,1,1,0,0,0
5046,0,0,1,1,1,1,0,1,0,0,1,0,0,1,1,1,0,1,1,1
5047,0,1,1,1,1,1,1,1,1,1,1,1,1,1,1,1,1,0,1,0
5048,0,1,1,1,1,1,1,1,1,0,1,0,1,1,1,0,1,1,0,1
5050,0,1,0,1,1,0,1,0,0,0,0,1,1,0,1,1,1,0,1,0
5051,0,1,1,1,0,1,0,0,1,1,1,1,1,1,1,1,1,0,0,1
5052,0,1,1,1,1,1,1,1,1,1,1,1,1,0,1,1,0,1,0,0
5055,1,0,0,1,0,0,1,1,0,1,1,0,0,0,1,0,1,0,1,1
5056,0,1,1,1,0,0,1,0,1,1,1,0,1,1,1,0,1,0,1,1
5057,0,1,1,1,1,1,1,1,1,0,1,1,1,1,1,1,1,1,1,0
5058,0,1,1,1,1,1,1,1,1,0,1,0,1,1,1,1,1,1,0,0
5059,0,1,1,1,1,1,1,1,1,1,1,0,1,1,1,0,1,1,1,0
5060,0,1,1,1,1,1,0,1,1,1,1,0,0,0,1,1,0,0,0,1
5061,1,1,1,1,1,1,0,1,1,1,1,1,0,0,1,1,1,1,0,0
5062,0,1,1,1,1,0,1,1,1,0,1,0,1,1,1,1,1,0,1,0
5063,0,0,1,1,0,1,0,1,1,0,1,0,0,0,1,0,0,1,0,0
5064,1,1,1,1,1,1,0,0,0,1,1,0,1,1,1,1,1,1,0,0
5065,0,1,1,1,0,1,1,0,1,1,1,0,1,1,1,1,0,1,0,0
5066,0,1,1,1,1,1,1,1,1,0,1,1,0,1,1,1,0,1,1,0
5067,0,0,1,1,0,0,0,0,1,1,1,1,0,0,1,0,1,1,0,0
5068,0,0,1,1,0,1,0,1,1,1,0,0,0,1,0,1,1,1,1,0
5071,1,1,1,1,1,1,1,1,1,1,1,1,1,1,1,1,1,1,1,1
5072,0,1,1,0,1,1,0,1,1,1,1,0,1,1,1,1,1,1,0,1
5073,0,0,1,1,1,1,1,1,1,1,1,0,1,0,1,1,1,1,1,1
5074,1,1,1,1,1,1,1,1,0,1,1,0,1,0,1,1,0,1,0,1
5075,0,1,1,1,1,1,1,0,1,1,1,0,1,1,1,0,1,1,0,1
5076,1,1,0,0,1,1,0,1,1,0,1,0,1,1,1,1,1,1,1,1
5077,0,1,0,1,1,1,1,1,1,1,1,1,1,1,0,1,1,1,1,1
5078,0,1,1,1,1,1,0,0,1,1,1,0,1,1,1,1,0,1,0,1
5080,0,0,1,1,0,1,1,1,1,0,1,0,1,0,1,0,1,1,0,0
5081,1,1,1,0,0,1,0,1,1,1,1,1,1,0,1,0,0,1,0,0
5083,0,1,1,1,1,0,1,1,0,0,1,1,1,1,1,1,1,0,0,0
5084,1,1,1,1,0,1,0,0,1,1,1,0,1,1,1,1,1,1,0,1
5085,0,1,1,1,1,1,1,0,1,0,1,1,1,1,1,1,0,0,1,1
5086,1,1,0,1,1,1,1,0,1,0,1,1,1,0,1,1,0,1,1,1
5087,0,1,1,1,0,1,1,0,1,1,1,0,1,1,1,0,1,0,0,0
5088,0,1,0,0,1,0,0,0,1,0,0,0,0,0,0,0,0,1,0,0
5090,1,1,1,1,1,1,1,0,1,1,1,0,1,1,1,1,0,0,1,1
5091,0,1,1,1,0,1,1,0,1,1,1,0,0,0,1,1,1,1,0,0
5092,0,1,1,1,1,1,1,1,1,1,1,1,1,1,1,1,1,1,1,0
5093,0,1,1,1,1,1,1,1,1,1,1,0,1,1,1,1,1,1,1,0
5094,1,1,1,1,1,1,1,1,1,1,1,0,1,1,1,1,0,0,1,1
5095,1,1,1,0,0,1,1,1,1,1,1,0,1,1,1,0,0,1,1,0
5096,1,1,1,1,1,1,1,1,1,1,1,0,1,0,0,0,1,0,0,0
5097,1,1,1,0,1,1,1,1,1,1,1,1,1,1,1,1,1,1,1,1
5098,0,1,1,1,1,1,1,0,1,1,1,0,0,1,1,1,1,1,0,0
5099,1,1,1,1,1,1,1,1,1,0,1,1,1,1,1,1,1,0,1,1
5100,0,0,1,1,0,1,0,0,1,1,1,0,0,0,0,1,1,1,0,0
5101,1,1,1,1,1,1,1,1,0,0,1,0,1,1,1,1,1,0,0,1
5102,0,1,1,1,1,0,1,1,1,1,1,1,1,1,1,1,1,0,0,0
5103,1,1,1,1,1,1,1,1,1,1,1,1,1,1,0,1,1,1,0,1
5104,0,1,1,1,1,1,1,1,1,1,1,1,0,1,1,1,1,1,1,1
5105,0,1,1,1,1,1,1,1,1,1,1,0,1,1,1,1,0,1,1,0
5106,1,1,1,1,1,1,1,1,1,1,0,1,1,0,1,1,1,1,0,1
5107,1,1,1,0,1,1,1,1,1,1,1,0,1,1,1,1,1,1,1,0
5108,0,0,1,1,0,0,1,1,1,1,0,1,1,1,0,0,1,0,1,0
5109,1,1,1,0,1,1,1,1,1,1,1,1,1,0,1,1,1,1,1,0
5111,0,1,0,1,1,0,1,1,0,1,1,1,1,1,1,1,0,1,0,1
5112,1,1,1,0,1,0,1,0,1,1,1,1,1,0,0,1,1,0,0,0
5114,0,0,1,1,1,1,1,1,0,1,1,0,1,0,1,1,1,0,1,0
5116,1,1,1,1,1,1,1,1,1,1,1,1,1,1,1,1,0,1,1,1
5117,0,1,1,1,1,1,1,1,0,0,1,0,1,1,1,0,0,1,0,0
5119,0,1,0,1,1,1,1,1,1,1,1,0,1,1,1,1,1,1,1,1
5120,0,1,0,1,0,0,0,0,0,1,0,0,1,1,0,1,0,0,0,1
5201,1,0,1,1,0,1,1,1,1,1,1,0,1,0,1,1,1,0,1,1
5202,0,1,1,1,1,1,1,1,1,1,1,1,1,1,1,1,0,0,1,1
5203,0,1,1,1,1,1,1,1,1,0,1,1,1,1,1,1,1,0,1,1
5205,0,1,1,1,1,1,1,1,1,0,1,1,0,1,1,1,1,1,0,1
5206,0,1,0,0,1,1,1,1,0,1,1,1,1,1,1,1,0,1,0,1
5209,0,1,1,1,1,1,1,0,1,1,1,1,1,1,1,1,1,0,1,1
5210,1,1,1,0,1,1,1,0,0,1,1,1,1,1,1,1,1,1,0,1
5213,0,0,1,1,0,0,0,1,1,1,1,0,1,0,1,1,1,1,0,0
5216,0,1,1,1,1,1,1,1,1,1,1,0,1,1,1,0,0,1,1,1
7519,1,1,1,1,1,1,1,1,1,1,1,1,1,1,1,1,1,1,0,0
BL102,1,1,1,1,1,1,1,1,1,1,1,1,1,0,1,1,1,1,1,0
BL104,1,1,0,1,1,1,1,1,1,1,1,1,1,1,1,1,1,0,1,1
BL105,1,1,1,1,1,1,1,1,1,1,1,1,1,1,1,1,1,1,1,0
BL106,0,1,1,1,1,0,1,1,1,1,1,1,1,1,1,1,1,0,0,0
BL110,1,1,1,0,1,1,0,1,1,1,1,1,1,1,1,0,1,1,1,1
BL111,0,1,1,1,1,1,1,1,1,1,1,1,1,1,1,1,1,1,1,1
BL112,0,1,1,1,1,1,1,1,1,1,1,1,1,1,1,1,1,1,1,0
BL116,0,1,1,1,1,1,1,0,1,1,1,0,1,1,1,1,1,1,1,0
BL117,1,1,1,1,1,1,1,1,1,1,1,1,1,1,1,1,1,0,0,0
BL119,1,1,1,1,1,1,1,1,1,1,1,1,1,1,1,1,1,0,0,1
BL121,0,1,1,1,1,1,1,1,1,0,1,1,1,1,1,1,1,1,1,1
BL122,0,0,0,0,0,0,1,0,0,0,0,0,1,0,0,0,0,1,0,0
BL123,1,1,1,1,1,1,1,1,0,1,1,0,0,0,1,1,1,1,1,1
BL124,1,1,1,1,1,1,1,1,1,1,1,1,1,1,1,1,1,1,0,1
BL125,1,1,1,1,1,0,1,1,1,1,0,1,1,1,1,1,0,0,0,0
BL126,1,1,1,1,1,1,1,1,1,1,1,1,1,1,1,1,1,1,1,1
BL127,0,1,1,0,0,0,0,0,0,0,1,0,0,0,1,1,0,0,0,0
BL129,0,1,1,1,1,1,1,1,1,1,1,0,1,1,0,0,1,1,0,1
BL130,1,1,1,1,1,1,0,1,0,1,1,0,1,1,1,1,0,1,0,1
BL131,1,1,1,1,1,0,1,1,1,1,1,1,1,1,1,1,1,1,1,0
BL132,1,1,1,1,1,1,1,1,0,0,1,1,1,1,1,0,0,1,1,0
BL133,0,1,1,0,1,1,1,1,1,1,1,0,1,1,0,1,0,0,0,1
BL134,0,1,1,1,1,1,1,1,1,0,1,1,1,1,1,1,1,1,1,1
BL135,0,0,1,0,0,1,0,0,1,0,1,0,0,0,1,0,0,0,0,0
BL136,0,0,1,1,1,1,1,1,1,0,1,0,1,1,1,1,0,1,0,0
BL137,0,1,1,1,1,1,1,1,0,1,1,0,1,1,1,1,1,0,1,0
BL138,0,1,1,1,1,1,1,1,0,0,1,1,1,1,1,1,1,0,1,0
BL140,1,0,1,1,0,1,1,1,1,1,1,1,1,1,1,1,1,1,0,0
BL142,1,1,1,1,1,1,1,0,1,1,1,1,0,1,1,1,1,0,1,1
BL143,1,1,1,1,1,1,1,1,1,1,1,1,1,1,1,1,1,1,0,1
BL144,1,0,1,1,0,1,0,0,0,0,1,1,1,1,1,1,1,0,1,1
BL145,1,1,1,1,1,1,1,1,1,1,1,1,0,1,1,1,0,1,0,0
BL146,1,1,1,1,1,1,1,1,1,0,1,1,1,1,1,1,1,1,0,1
BL147,0,1,1,1,1,1,1,1,1,1,1,0,0,1,1,0,0,0,0,0
BL148,1,1,1,1,1,1,1,1,1,1,1,1,1,1,1,1,1,1,1,0
BL149,0,1,1,1,1,1,1,1,1,1,1,0,1,1,1,0,1,1,1,0
BL150,1,1,1,1,1,1,1,1,1,1,1,1,1,1,1,1,0,1,1,1
ID115,1,1,0,1,0,0,1,1,1,1,1,1,0,0,1,0,0,1,1,0
ID116,1,1,1,1,1,0,1,0,0,0,1,0,1,1,1,0,1,1,0,0
ID117,0,1,1,1,0,0,1,0,1,0,0,1,1,1,1,1,1,1,0,0
ID118,1,0,0,1,0,1,0,0,1,0,0,0,1,0,1,1,0,0,0,1
ID120,0,1,1,1,0,0,0,0,1,0,0,0,1,1,1,1,0,1,0,0
ID121,1,1,1,1,1,0,1,0,1,0,1,0,1,1,1,1,1,1,0,0
ID122,1,1,1,1,1,0,1,0,1,1,0,1,0,1,1,1,0,0,1,0
ID123,0,0,1,1,0,0,1,0,0,1,0,1,1,1,0,1,0,1,1,0
ID124,1,1,1,1,1,0,0,0,0,0,1,0,0,1,1,1,0,1,0,0
ID125,0,1,1,0,1,1,0,0,1,0,1,0,1,0,1,1,1,1,0,1
KOR101,0,0,0,0,1,1,0,0,1,1,1,0,0,1,0,0,1,0,1,0
KOR102,1,0,1,0,0,0,1,1,0,0,0,0,0,1,0,1,0,0,0,1
KOR103,1,0,1,1,0,0,0,0,0,1,1,0,0,1,1,1,0,1,1,1
KOR104,0,0,0,1,1,0,1,1,1,1,0,0,1,1,0,0,0,1,0,0
KOR105,0,0,1,0,0,1,1,0,1,0,1,0,1,1,1,1,1,1,1,1
KOR106,1,0,0,0,0,1,1,1,1,1,1,0,1,0,1,1,0,1,1,0
KOR107,1,1,1,1,1,1,0,1,0,0,1,0,1,0,1,1,0,1,0,1
KOR108_2,1,1,1,1,0,1,1,1,1,0,1,1,1,1,1,1,1,1,1,0
KOR109_1,1,1,1,1,1,0,1,0,1,0,1,1,0,1,0,0,0,0,1,1
KOR109_2,0,1,1,0,1,0,0,0,0,0,1,1,0,0,1,1,1,1,1,1
KOR110,1,0,0,1,0,1,0,1,0,1,1,0,1,1,1,1,0,1,1,0
KOR111,1,1,1,1,0,0,0,1,0,1,1,1,1,1,1,1,1,0,0,0
KOR112,0,1,0,0,0,1,1,1,1,1,1,1,0,0,1,1,1,1,1,1
KOR113,1,1,0,0,1,1,1,1,1,1,1,0,1,1,1,1,1,0,1,0
KOR114,0,1,0,1,1,1,1,1,1,1,1,0,0,0,1,0,0,0,1,0
KOR115,0,1,0,1,1,0,0,0,1,1,1,0,1,1,1,0,0,1,0,1
KOR116,0,0,0,1,0,0,1,0,1,0,0,1,1,1,1,0,0,0,0,0
KOR118,0,1,1,1,1,1,1,1,1,1,1,1,1,1,1,1,1,1,1,1
KOR119,1,1,1,1,1,1,1,1,1,1,1,1,1,1,1,1,1,1,0,1
KOR120,1,1,1,1,1,1,1,1,1,1,1,0,1,0,1,1,0,0,1,0
KOR121,0,0,1,0,1,1,1,0,0,1,1,0,1,1,1,1,0,0,0,0
KOR124,0,1,1,1,1,1,1,1,1,0,1,0,1,1,1,1,0,1,1,1
KOR125,0,1,1,1,0,1,1,1,0,1,0,0,0,0,1,1,1,0,0,0
KOR126,1,0,1,1,0,1,0,0,1,0,1,0,1,0,1,0,1,1,0,0
KOR127,1,1,1,1,1,1,1,1,1,1,1,1,1,1,1,1,1,1,1,0
KOR128,0,1,1,1,1,1,1,1,1,0,1,0,1,1,1,1,0,1,0,1
KOR129,0,1,1,1,1,1,1,1,1,1,1,1,1,1,1,1,0,1,0,0
KOR201,0,0,0,0,0,0,0,1,0,1,0,0,0,1,0,0,1,0,1,0
KOR202,1,1,1,1,1,1,1,1,0,1,1,0,0,0,0,0,0,1,1,0
KOR203,1,1,1,1,1,1,1,0,1,1,1,0,1,0,1,1,1,1,0,1
LA101,1,1,1,1,1,1,1,1,1,0,1,0,1,1,1,1,1,0,1,1
LA102,0,1,1,1,1,1,1,1,1,1,1,0,1,1,1,1,1,1,0,1
LA103,0,1,1,1,1,0,0,1,0,1,1,0,0,0,1,1,0,1,1,0
LA104,0,0,0,1,0,0,1,1,1,1,1,0,1,0,1,1,0,1,1,0
LA105,1,1,1,1,0,1,1,1,1,1,1,0,1,1,1,1,1,1,1,1
MG100,0,1,1,0,0,1,1,1,0,1,1,1,0,1,1,1,1,0,0,0
TB101,0,0,1,1,0,1,1,1,1,0,1,0,1,1,1,1,1,1,0,1
TB102,1,1,1,0,0,1,1,1,1,0,1,0,1,1,1,1,0,1,0,1
TB105,1,0,1,1,1,0,0,1,1,1,1,0,0,1,0,1,1,1,1,0
TB107,0,1,1,0,1,1,1,1,1,0,1,0,0,0,1,0,1,1,1,1
TB108,0,0,1,0,0,1,1,0,1,1,1,0,1,1,1,1,1,1,0,0
TB140,0,0,0,1,1,1,0,0,1,1,1,0,0,1,0,0,1,0,1,0
