trial_number,0,1,2,3,4,5,6,7,8,9,10,11,12,13,14,15,16,17,18,19,20,21,22,23
ID,,,,,,,,,,,,,,,,,,,,,,,,
1306,1,0,1,1,0,1,0,1,1,1,1,0,0,0,0,0,0,0,0,0,0,0,0,1
1344,0,0,0,1,0,0,0,0,0,1,1,1,1,1,0,0,1,0,1,0,0,1,1,1
1352,0,1,1,0,1,0,1,1,0,0,1,0,1,1,1,0,1,1,0,0,1,0,1,0
200,0,0,0,1,0,0,1,1,0,0,1,0,0,1,0,0,0,0,1,0,0,0,1,0
3001,0,1,0,0,0,0,1,1,0,0,1,0,0,1,0,0,1,0,0,0,1,1,0,0
3002,0,0,1,1,0,1,0,1,0,1,1,1,1,0,1,1,1,0,0,0,1,1,1,1
3003,0,1,1,1,0,0,1,1,1,0,1,0,0,0,0,0,1,1,1,1,0,1,0,0
3004,1,1,1,0,0,1,1,1,0,0,1,0,1,0,0,1,0,0,0,1,1,0,1,0
3005,0,1,1,1,1,1,1,0,1,0,1,1,0,1,1,1,0,0,0,1,0,1,1,1
3006,0,1,0,0,1,0,1,0,1,1,0,0,1,1,1,1,0,0,1,1,0,0,0,0
3007,1,1,1,1,0,1,1,1,1,1,1,1,1,1,1,1,0,0,0,1,1,1,1,1
3035,0,1,0,0,0,1,0,1,0,0,1,0,0,1,1,0,0,0,0,1,1,0,1,0
3101,0,1,0,1,1,1,1,0,0,0,1,1,0,1,1,1,1,0,0,0,0,0,1,0
3102,0,1,0,0,0,1,0,0,1,0,0,0,1,0,0,0,0,0,0,0,0,0,0,0
3103,0,0,1,1,1,1,0,1,1,1,0,1,1,1,0,0,0,0,0,0,1,1,1,0
3201,0,1,0,0,1,1,0,1,1,1,1,0,0,0,0,1,1,0,0,0,0,1,1,0
3202,1,0,0,1,1,0,0,0,1,1,1,1,0,1,1,1,0,0,0,1,1,1,1,1
3203,0,1,1,1,0,0,1,0,1,1,1,1,0,1,0,1,0,1,0,1,1,1,1,0
3204,0,1,1,1,1,0,1,0,1,1,0,0,1,1,1,1,1,1,0,1,0,0,1,1
3205,0,0,0,1,0,1,1,1,1,1,1,1,1,1,1,1,0,0,0,1,1,0,0,0
3206,0,0,1,1,1,0,0,1,1,1,1,0,0,0,1,1,0,1,0,1,0,1,0,0
3207,0,0,1,1,0,1,0,0,1,0,1,0,0,1,1,1,0,1,0,1,1,1,0,0
3208,0,1,1,0,1,0,0,0,1,1,1,0,0,0,0,0,0,0,0,0,0,1,0,0
3209,0,1,1,1,0,1,1,1,1,0,1,1,0,1,1,1,1,1,0,1,1,1,1,1
3210,0,1,1,0,0,1,1,0,1,0,1,0,1,1,1,0,0,1,1,0,0,0,1,0
3211,1,1,0,0,1,1,0,0,1,0,1,0,0,0,1,1,0,1,0,0,0,0,0,1
3212,0,1,1,0,0,1,0,1,1,1,1,1,1,1,1,1,0,1,1,1,0,1,1,1
3213,0,1,0,0,0,0,0,1,1,0,0,0,0,1,0,0,0,1,0,1,0,0,0,0
3214,1,0,0,1,0,0,1,1,1,0,1,0,0,0,1,1,0,0,0,1,1,1,1,1
3301,0,1,0,0,1,0,1,0,0,0,0,0,0,1,0,0,0,0,0,0,0,1,0,0
3302,0,1,1,1,0,1,1,1,1,1,1,1,1,0,1,0,0,0,0,0,1,1,0,1
3303,0,1,0,0,1,1,0,0,1,1,1,0,0,1,0,0,0,1,0,1,0,1,1,0
3305,1,0,0,1,0,1,1,0,0,1,1,0,1,1,0,1,0,0,0,1,0,1,0,1
3306,0,0,0,0,0,1,0,0,0,0,1,1,0,0,0,0,0,0,0,0,0,1,1,1
3307,0,1,0,1,1,1,0,0,1,1,1,0,0,0,1,1,0,1,0,1,1,1,1,1
3308,0,0,1,1,1,1,1,1,0,1,1,1,1,0,0,0,0,0,0,1,0,1,0,1
3309,0,1,0,0,0,1,1,1,0,1,1,1,0,1,0,1,1,0,0,0,1,1,1,0
3310,1,1,1,1,0,1,1,0,1,0,1,1,0,1,0,0,0,1,0,0,1,1,1,1
3311,0,1,1,0,0,0,0,1,0,0,1,0,0,1,0,1,1,1,1,0,1,1,0,0
3312,0,0,0,0,0,0,1,0,0,0,1,0,0,0,0,0,0,0,1,1,0,0,1,0
3313,1,1,1,0,1,0,1,1,0,1,1,0,0,1,0,0,0,1,0,1,1,0,0,1
3314,0,0,0,0,0,0,0,1,0,0,0,0,0,1,0,0,0,0,0,0,0,1,0,0
3316,0,0,0,1,0,0,0,0,1,0,1,0,1,0,0,0,0,0,0,0,1,0,0,0
3317,0,1,1,1,0,1,1,1,0,1,1,1,0,1,1,0,1,1,0,0,0,0,1,0
3318,1,0,0,0,1,1,0,0,1,1,1,0,0,1,1,0,1,0,1,1,1,1,1,1
3319,1,1,1,0,1,0,0,0,1,0,0,0,0,1,1,0,0,0,0,1,0,1,0,0
3320,0,1,1,0,0,1,0,1,1,0,1,1,0,1,0,1,0,1,0,0,1,1,1,1
3321,0,0,1,0,0,1,0,0,0,0,1,0,1,0,0,0,0,1,0,0,1,0,1,0
3322,1,1,1,0,1,0,1,1,1,0,1,0,1,1,0,1,1,1,0,0,1,0,1,1
3323,1,1,0,1,1,0,0,0,1,0,1,1,0,1,0,0,0,1,0,1,1,0,0,0
3324,0,0,0,0,1,0,1,1,1,0,1,1,0,1,0,1,0,0,0,0,0,0,0,0
3325,1,1,1,1,1,0,1,0,0,0,1,0,0,1,1,1,1,0,0,0,0,1,0,1
3326,0,0,1,1,0,0,0,0,1,0,1,1,0,1,0,1,0,1,0,1,0,1,1,0
3327,0,1,1,0,1,1,0,1,0,0,1,1,1,1,0,0,0,0,1,1,0,0,1,1
3328,0,0,0,1,0,0,0,0,1,0,1,0,0,0,0,0,1,0,0,0,1,0,0,0
3329,0,0,0,0,1,1,0,1,1,1,1,0,0,1,0,1,0,0,0,1,0,0,1,1
3330,0,1,1,1,0,0,1,0,1,0,1,1,0,1,1,1,0,1,0,0,0,1,1,0
3331,1,1,0,1,1,0,1,1,1,0,1,0,1,1,0,1,0,0,0,0,1,0,0,1
3332,0,1,1,1,1,1,0,1,1,0,1,1,1,1,0,0,0,1,1,0,1,1,1,1
3333,0,1,1,0,0,1,1,1,0,0,1,1,1,0,1,1,1,1,0,1,1,1,1,1
3334,0,1,1,1,0,0,0,1,1,0,0,0,0,0,1,0,1,0,0,1,0,1,1,0
3335,0,0,1,0,0,1,0,0,0,1,1,0,1,1,1,0,0,0,1,0,0,0,0,1
3336,1,1,1,0,1,0,1,0,1,0,1,1,0,0,0,1,0,1,0,0,0,0,0,1
3337,0,1,1,1,0,1,1,0,1,1,1,1,1,1,1,1,1,0,1,0,1,1,1,0
3338,0,1,0,1,0,1,0,0,1,1,1,0,0,0,0,0,0,1,0,1,1,1,1,1
3339,1,1,0,0,0,0,1,1,0,1,0,1,1,1,1,1,1,1,0,1,0,1,1,1
3340,0,1,1,1,0,0,0,1,0,0,1,1,0,1,1,0,1,1,0,1,1,1,0,0
3341,0,1,1,0,1,0,0,1,0,0,0,0,0,0,1,1,1,0,1,0,0,0,0,0
3342,0,1,0,0,1,1,0,1,0,0,1,1,1,1,1,1,0,1,0,0,0,1,1,0
3343,0,1,1,0,0,0,0,0,1,0,0,1,0,1,0,1,0,0,0,0,1,0,0,1
3344,0,1,0,1,0,1,0,1,1,0,1,1,0,1,1,1,0,1,0,1,0,1,1,0
3346,1,1,0,1,0,0,1,1,0,0,0,0,0,1,1,1,0,1,0,1,0,1,0,1
3347,0,0,0,0,1,0,1,0,0,0,1,0,0,0,1,1,0,1,0,1,0,1,1,0
3348,0,1,0,1,1,1,0,0,1,1,1,1,1,1,1,1,1,1,1,1,1,1,1,0
3349,0,0,0,0,0,1,1,1,1,1,1,0,0,1,0,0,0,0,0,0,0,0,0,1
3350,1,1,0,0,0,0,0,1,0,0,0,1,0,0,0,1,1,1,1,1,0,1,1,1
3351,1,1,0,1,0,0,0,1,0,0,1,1,0,0,1,1,0,0,0,0,0,1,0,0
3352,0,0,1,0,0,0,0,1,0,0,1,0,0,0,0,1,1,0,0,0,1,1,1,1
3353,1,1,1,1,0,1,1,0,1,0,1,1,1,1,1,1,0,0,0,1,1,1,1,0
3354,0,0,1,0,0,0,0,1,1,1,1,1,0,1,1,1,0,0,0,0,1,0,1,0
3355,0,1,0,0,0,1,1,1,1,1,1,0,0,0,1,1,1,1,0,0,0,1,0,1
3356,1,1,1,1,1,0,0,1,1,1,1,1,0,0,0,1,0,1,0,0,1,0,0,0
3357,0,1,0,0,1,0,1,0,1,0,1,1,1,1,0,0,0,0,1,0,0,1,0,1
3358,0,1,0,0,1,0,0,0,1,1,1,0,1,1,1,0,0,0,0,0,0,0,0,0
3359,1,1,0,1,0,1,1,0,0,0,1,1,0,0,0,0,0,0,1,1,1,0,1,1
3360,1,0,1,0,1,0,0,1,1,1,1,1,1,1,0,1,1,1,0,1,1,1,1,1
3361,1,0,0,0,1,0,0,0,0,1,1,0,0,1,0,0,1,1,0,0,1,0,0,1
3363,0,1,1,1,0,0,1,0,0,1,0,0,1,1,0,0,0,0,0,1,0,1,1,1
3364,0,1,0,1,0,0,0,1,1,0,1,0,1,0,0,0,1,0,0,1,0,0,1,0
3365,0,0,0,0,0,1,0,1,0,1,1,1,0,1,0,0,0,0,0,1,1,1,1,1
3366,0,1,1,1,0,0,0,1,1,1,1,1,0,1,0,0,1,1,0,0,0,1,1,0
3367,0,1,1,0,0,1,0,0,1,1,0,1,0,1,0,0,0,1,1,1,1,1,0,1
3369,0,1,1,0,1,1,0,0,1,0,1,1,0,1,0,1,0,0,0,1,1,1,1,0
3370,0,0,0,0,1,0,0,0,0,1,0,0,1,1,0,1,1,0,0,0,0,0,0,1
3371,0,0,0,0,0,0,0,0,1,1,1,0,1,1,1,1,1,1,0,0,0,0,1,1
3372,0,1,0,1,0,1,1,1,1,0,1,1,0,0,1,0,0,0,0,1,0,1,0,0
3373,1,1,0,0,0,0,0,0,1,0,1,0,1,1,0,1,0,1,1,1,0,1,1,1
3374,0,0,0,0,1,1,0,1,0,1,1,0,1,1,0,0,0,1,0,1,0,0,0,0
3375,0,1,1,1,0,1,1,0,1,0,1,0,1,1,1,1,1,1,0,0,1,1,1,1
3376,0,0,0,0,1,0,0,1,1,1,0,0,0,1,0,1,0,0,1,1,1,1,1,1
3377,0,0,0,1,0,1,0,0,0,0,0,1,0,0,1,0,0,1,1,1,0,1,0,0
3378,1,1,1,1,0,0,0,0,1,0,1,0,1,1,0,1,0,0,0,1,1,1,1,0
3379,0,1,1,1,0,1,1,1,0,0,1,1,1,1,0,1,1,1,0,1,1,1,1,0
3380,0,1,1,1,0,0,0,0,0,1,0,1,0,0,1,1,0,0,0,0,0,1,0,1
3381,0,1,0,1,0,1,0,1,1,1,1,1,0,0,1,1,0,0,1,1,1,1,0,0
5002,0,1,0,0,1,0,1,1,0,1,1,0,0,1,0,1,0,0,0,1,0,1,1,1
5003,0,1,1,0,0,0,0,0,0,1,0,0,0,0,0,1,0,1,0,0,1,1,1,1
5005,1,1,1,0,1,1,1,1,0,0,1,1,1,1,1,1,0,1,0,0,1,1,1,0
5006,0,1,0,0,0,0,0,1,1,0,1,0,0,1,0,1,0,0,0,0,0,1,1,1
5008,0,1,0,0,1,0,0,0,1,1,1,0,1,0,0,1,0,1,0,0,1,1,0,1
5012,0,0,1,0,0,1,0,1,1,0,1,1,1,1,1,0,0,0,0,0,0,0,1,1
5013,1,1,1,1,1,1,0,1,1,0,1,1,1,1,1,0,0,1,0,0,1,1,0,0
5014,0,0,0,0,1,0,1,1,1,0,1,1,1,0,1,0,0,1,0,1,1,1,1,0
5015,0,1,1,1,0,1,0,1,1,0,1,0,0,0,0,0,1,0,0,0,0,0,1,0
5016,1,1,1,1,1,0,0,0,1,1,0,1,0,0,1,1,0,1,0,1,1,0,0,1
5019,0,1,1,0,0,1,0,0,1,0,0,0,0,0,0,0,0,1,0,1,1,0,0,0
5020,1,0,1,1,0,1,0,0,1,0,1,1,1,1,1,0,1,1,0,1,1,1,1,0
5021,1,0,1,0,0,0,1,0,1,0,1,1,0,1,0,0,0,0,0,0,0,0,1,1
5022,1,0,0,1,0,0,0,1,0,0,1,1,0,0,1,1,0,1,1,0,0,0,0,0
5023,0,0,1,0,0,1,0,0,0,0,1,0,0,0,0,1,0,0,0,0,1,1,1,0
5024,1,0,1,1,0,0,0,0,1,0,0,1,1,1,1,0,0,0,1,0,0,1,1,1
5025,0,1,1,0,1,0,0,0,1,1,0,1,0,1,0,1,1,0,0,0,0,1,1,1
5027,0,1,1,1,0,1,1,0,1,0,0,0,0,0,1,1,0,0,0,1,1,1,1,0
5027_2,1,0,0,1,1,0,1,0,1,1,1,0,0,0,0,1,0,1,0,1,1,1,1,1
5030,0,1,1,0,0,1,0,0,0,1,1,0,1,1,1,0,1,0,0,0,1,1,1,1
5031,0,0,0,0,0,1,1,1,0,1,1,0,0,1,0,1,0,0,1,1,1,0,0,0
5032,0,0,1,0,0,1,1,1,0,0,0,0,0,0,1,0,0,0,0,0,0,1,1,1
5033,0,1,0,1,0,0,1,1,0,1,0,1,0,0,0,1,0,0,0,0,1,1,1,1
5034,0,1,0,0,0,1,0,0,0,0,1,0,1,1,0,1,0,1,0,0,0,1,1,1
5036,0,1,1,0,0,1,1,0,0,1,0,0,0,0,1,0,0,0,0,1,1,0,1,0
5037,0,1,0,0,1,0,1,1,0,1,1,0,0,1,0,1,0,0,0,1,0,1,0,1
5038,0,1,0,0,0,0,1,1,1,0,0,0,0,1,0,1,0,0,0,0,0,1,0,1
5039,1,0,1,1,1,1,1,1,1,0,1,0,1,1,0,1,0,1,1,1,0,1,0,0
5040,0,1,1,1,0,0,1,1,1,1,1,0,1,1,0,0,1,0,0,0,0,0,0,0
5042,0,0,1,0,0,1,0,0,0,1,1,0,0,0,0,1,0,0,0,1,0,1,0,0
5043,1,1,0,0,0,0,0,1,0,0,1,1,0,0,0,1,0,1,0,1,0,1,1,1
5044,1,0,0,1,1,1,0,0,0,1,0,0,0,1,0,1,0,1,0,0,1,0,0,1
5047,1,0,1,0,0,0,0,1,1,1,1,1,0,1,1,0,1,1,0,1,1,0,1,1
5048,0,0,0,0,0,0,1,0,0,0,1,0,1,1,0,1,0,0,0,1,0,1,1,0
5050,0,0,0,1,0,0,1,0,1,0,1,1,1,1,1,0,0,1,0,0,0,0,1,0
5052,0,0,0,0,0,0,0,0,0,0,0,0,0,0,0,0,0,1,0,0,0,0,0,0
5054,0,1,0,1,1,1,0,1,1,1,1,1,1,0,0,1,1,0,0,1,1,0,1,1
5055,0,0,0,0,0,0,1,1,0,0,1,0,0,1,0,0,0,0,1,0,0,1,1,1
5056,0,1,0,0,0,0,0,0,1,0,0,0,0,1,0,0,0,1,0,0,1,1,1,1
5057,1,1,0,0,1,1,0,0,1,0,1,0,1,1,0,0,0,0,0,1,0,1,1,0
5058,0,1,1,0,0,0,1,1,1,1,1,1,0,1,1,1,0,0,1,0,1,1,0,0
5059,1,1,1,1,0,1,1,1,0,0,1,1,1,0,1,1,0,1,0,1,1,0,0,0
5060,0,1,1,0,0,1,0,1,0,1,1,1,0,0,0,1,0,0,0,0,1,1,0,0
5061,0,1,0,0,0,0,0,0,1,1,1,0,1,1,1,0,0,0,0,0,0,1,0,1
5062,0,0,1,0,0,1,1,0,1,0,0,0,0,0,0,1,0,1,0,0,1,0,0,0
5063,0,0,1,0,1,1,0,1,0,1,1,1,0,0,0,0,0,0,0,0,0,0,0,0
5064,0,1,0,0,0,1,1,0,0,0,1,0,0,1,0,1,0,0,0,1,0,1,0,0
5065,1,1,1,0,1,1,1,1,1,0,1,1,1,1,1,1,1,0,0,1,0,1,1,0
5066,0,0,0,1,1,1,0,1,1,0,0,0,0,1,0,1,0,1,0,0,0,1,1,1
5067,0,1,1,0,0,0,0,1,1,1,1,0,0,1,0,0,0,0,0,0,0,1,0,1
5068,1,1,1,0,0,0,0,1,0,1,0,1,0,1,0,0,0,0,0,1,0,1,0,1
5074,0,0,1,0,0,1,0,1,1,0,1,1,0,1,0,1,0,0,1,0,1,0,0,1
5075,0,0,0,0,1,1,0,1,1,1,0,0,1,0,0,0,1,1,0,0,1,0,0,1
5076,1,0,0,1,1,1,1,1,0,0,1,0,1,1,0,1,0,0,1,0,0,1,0,1
5077,0,1,0,1,1,1,0,0,0,1,1,1,0,1,1,0,0,0,0,0,0,1,1,0
5078,0,1,1,1,1,1,1,1,0,0,1,1,0,1,0,0,0,1,1,0,0,1,0,0
5080,0,0,1,1,0,0,0,0,0,1,1,1,1,1,1,0,0,0,0,0,1,1,0,1
5081,0,1,1,1,0,1,0,1,0,0,1,1,0,1,0,0,0,0,0,1,1,0,1,1
5083,0,1,0,0,0,0,0,0,1,0,0,0,0,1,1,0,1,1,0,1,0,1,1,0
5084,0,1,1,0,1,0,0,1,0,0,1,0,0,1,1,1,0,1,0,0,1,1,0,1
5085,0,1,0,0,1,0,0,1,1,1,0,0,1,1,0,1,0,0,1,1,0,0,0,0
5086,0,1,1,1,0,1,0,1,0,0,1,0,1,1,1,1,0,1,1,1,1,0,1,0
5087,0,1,0,0,0,1,0,0,1,1,1,0,0,1,0,0,0,0,0,0,1,1,1,1
5088,0,0,1,1,0,1,1,1,1,0,1,0,1,1,0,1,0,0,0,1,0,0,0,0
5090,0,1,1,0,0,0,0,1,1,0,1,0,1,0,0,1,0,0,0,1,0,1,1,0
5092,0,0,0,1,0,1,0,1,1,0,1,1,0,1,0,1,0,0,0,0,0,1,0,1
5093,0,1,1,1,0,0,0,1,0,0,1,1,1,0,0,1,0,0,0,0,1,1,0,1
5094,0,0,1,1,0,1,1,1,0,0,1,1,1,1,0,1,0,1,0,0,1,0,1,0
5095,1,1,1,1,0,1,1,1,1,1,1,1,0,0,1,1,1,1,0,1,1,1,1,1
5096,0,1,0,0,1,0,0,0,1,0,0,0,1,1,1,0,1,0,1,1,1,1,1,0
5098,0,1,0,0,1,1,1,0,0,1,1,1,0,1,1,1,0,0,0,1,1,1,0,0
5099,0,1,0,1,0,1,0,1,0,0,1,1,0,1,0,1,0,0,0,1,1,1,1,1
5100,0,1,0,1,0,1,0,0,1,0,1,1,0,1,1,1,0,1,1,0,1,0,0,1
5101,1,1,0,0,0,1,1,1,0,1,1,1,0,1,1,0,0,0,0,0,0,1,1,1
5102,0,0,1,0,0,1,1,1,0,1,1,1,1,0,0,1,0,0,0,1,1,0,1,1
5103,1,1,1,1,0,0,1,1,0,0,0,0,0,1,0,1,0,0,0,0,1,1,1,0
5104,0,0,0,1,0,0,1,1,1,0,0,1,0,1,1,1,0,1,0,0,1,0,0,0
5105,1,1,1,0,1,0,1,1,1,1,1,0,0,1,0,1,0,0,0,1,0,1,0,1
5106,1,1,1,1,0,1,0,0,1,1,1,1,0,1,0,1,0,0,0,0,0,0,1,1
5107,0,0,1,0,0,0,0,0,1,1,0,0,0,1,1,1,0,0,0,1,1,0,1,1
5108,1,1,1,0,0,0,0,0,1,1,0,0,0,1,0,0,0,1,0,0,1,1,0,0
5109,0,0,1,0,0,1,0,1,1,0,1,0,1,1,0,1,0,0,1,1,1,1,0,1
5111,1,1,0,1,1,0,0,0,1,0,0,0,1,1,1,1,0,1,1,1,0,1,0,1
5112,0,0,1,1,0,1,0,0,0,1,1,1,0,1,0,0,0,1,1,1,1,1,1,0
5114,0,0,1,0,1,1,1,1,1,1,1,1,0,1,0,1,1,0,0,0,0,1,1,1
5116,1,1,1,0,0,0,0,1,1,0,1,1,1,1,0,1,0,0,1,1,1,0,1,0
5117,0,1,1,1,0,1,0,1,1,1,1,0,1,1,1,1,0,0,1,1,1,0,1,0
5119,0,0,1,0,1,1,1,0,1,1,1,0,1,0,0,1,1,0,0,1,1,0,1,1
5120,0,1,1,0,0,0,0,1,1,0,1,0,0,1,1,1,1,0,0,1,0,0,0,0
5201,0,1,1,0,1,0,0,1,0,1,1,0,0,1,1,1,0,1,0,0,0,1,0,1
5202,1,0,0,0,0,1,0,1,1,0,1,0,1,1,1,0,0,0,0,0,0,1,1,1
5203,1,1,0,1,0,0,0,1,0,0,1,0,0,1,1,1,0,1,0,1,1,1,0,0
5204,0,0,0,0,0,0,1,0,0,0,1,0,1,0,0,1,0,0,1,0,0,1,0,0
5205,0,1,0,0,0,1,0,0,1,1,1,1,1,1,0,1,1,0,1,1,0,1,1,1
5206,1,1,0,0,1,1,0,1,1,1,1,0,1,1,0,1,1,0,0,1,0,1,0,1
5209,0,0,1,1,1,1,1,0,0,1,1,1,1,1,1,1,0,0,0,0,0,1,1,0
5210,0,1,0,1,1,0,0,1,1,1,1,1,1,0,0,1,0,0,0,0,0,1,0,1
555518,1,1,0,0,1,1,1,0,0,1,0,1,0,0,0,0,0,1,0,1,0,0,1,1
6101,0,0,0,0,0,0,1,1,0,1,0,0,1,0,1,0,0,0,0,0,0,0,1,0
6102,0,1,0,0,0,0,0,0,0,0,0,1,1,1,1,1,0,0,0,1,0,1,0,1
6103,1,1,0,0,0,1,0,1,0,1,1,0,0,1,0,0,0,0,1,0,0,1,0,0
6104,1,1,0,0,0,0,0,1,0,0,1,0,1,1,0,1,0,0,0,1,0,0,0,1
6105,0,0,1,0,1,0,1,0,1,0,1,0,0,1,0,1,0,0,0,1,0,1,1,1
6107,0,1,0,0,0,0,0,0,0,1,0,0,0,0,1,1,1,0,0,1,1,1,1,1
6111,1,0,0,0,1,0,1,1,0,0,0,1,0,0,1,1,0,1,0,0,1,1,0,0
6112,1,1,0,0,1,1,0,0,0,1,1,0,0,0,0,0,1,0,0,0,1,1,0,0
6113,1,1,1,1,1,1,1,1,0,1,1,1,1,1,1,0,1,1,0,0,0,1,0,1
6114,0,1,1,1,0,0,0,0,0,0,0,1,0,0,1,1,0,0,0,1,0,0,1,0
6115,0,1,0,0,1,0,0,1,1,0,1,0,0,0,0,1,0,0,0,0,0,0,1,0
6116,0,1,0,0,0,0,1,1,0,0,0,0,1,0,1,0,1,0,0,0,0,1,1,0
6117,0,1,0,0,0,1,0,0,1,1,0,1,1,1,0,1,1,0,0,0,0,0,1,0
6118,0,0,0,0,0,1,0,0,0,0,1,0,0,1,0,1,0,0,1,0,0,0,0,1
6120,1,0,1,0,1,1,0,0,0,0,1,0,0,1,1,0,0,0,0,0,1,1,1,0
6122,0,0,1,1,1,0,0,0,1,0,1,0,1,1,1,0,0,0,1,0,0,0,1,0
6124,0,0,1,1,1,0,0,1,0,0,1,1,0,0,1,1,1,0,0,1,0,0,0,0
6125,1,0,0,1,1,0,0,0,0,0,0,0,1,1,0,1,0,1,0,0,0,1,1,1
6126,0,1,0,1,0,1,1,0,1,0,0,0,0,0,0,0,0,0,0,1,0,0,0,0
6127,1,0,0,0,0,0,0,1,0,0,0,1,0,1,1,0,0,0,0,0,0,0,1,1
6128,0,0,0,1,0,0,1,0,0,1,1,1,0,0,0,1,1,0,1,0,0,1,0,0
6129,0,0,0,1,1,0,0,0,0,0,0,0,0,0,0,1,0,0,0,1,1,0,0,1
6130,0,1,0,1,0,0,1,0,0,0,1,1,0,1,0,0,1,0,1,0,0,1,0,0
6131,0,1,0,0,0,0,0,0,1,0,1,1,0,0,0,1,0,0,0,1,0,0,1,1
6132,1,0,1,1,1,1,0,1,0,1,0,1,0,1,0,1,0,1,1,0,0,1,1,1
6133,0,0,0,0,1,1,0,1,0,0,1,1,0,1,1,0,0,0,0,0,0,0,0,0
6135,0,0,1,0,1,0,0,1,0,0,1,0,0,1,0,0,0,0,0,0,0,0,0,0
6136,0,0,0,0,1,1,0,1,0,1,0,0,1,0,0,0,0,0,1,0,0,0,0,1
6137,0,0,0,0,0,0,0,1,0,0,0,1,0,0,1,0,0,0,0,0,0,0,0,0
6138,1,1,0,0,0,0,0,1,1,0,1,0,0,1,1,1,0,0,0,1,0,1,1,1
6139,1,0,1,0,0,0,1,0,0,0,0,1,0,1,1,1,0,0,0,0,0,0,0,1
6140,0,1,1,0,0,1,0,1,1,1,1,0,1,0,0,1,0,0,0,1,0,1,0,1
6203,0,0,0,1,0,0,0,0,1,0,1,0,1,1,0,0,0,0,0,0,0,1,0,1
6204,1,1,0,1,1,0,1,1,1,0,0,0,0,0,0,1,0,1,0,0,1,0,0,0
6205,1,1,1,0,0,0,0,0,1,0,1,0,0,1,0,1,0,0,0,0,0,0,1,1
6206,0,1,0,0,1,0,1,0,0,0,1,0,1,1,0,0,0,0,0,0,0,0,0,0
6207,0,1,1,0,1,0,0,0,1,1,0,0,0,1,0,1,0,0,1,1,1,0,1,1
6208,0,1,0,1,1,1,0,0,0,0,0,0,1,0,1,0,0,1,0,1,1,1,1,0
6213,1,0,1,1,1,1,0,1,0,0,1,0,0,0,0,0,0,0,1,0,0,0,0,0
6214,0,0,0,0,1,0,1,0,1,0,0,0,0,1,0,0,1,1,0,1,0,0,1,1
6215,1,1,0,0,0,1,1,1,1,0,0,0,0,0,0,1,0,0,0,0,0,0,0,0
6217,1,0,0,0,1,1,1,1,0,1,1,1,0,1,1,0,0,1,1,0,0,0,0,0
6218,0,0,1,0,0,0,0,0,0,0,0,0,0,1,0,0,0,1,0,0,0,0,0,1
6219,1,1,0,1,1,0,0,1,0,0,0,0,0,0,1,0,0,0,0,1,0,1,0,0
6224,0,0,1,1,0,1,1,0,1,1,1,0,0,0,1,0,1,0,0,0,1,0,0,0
6228,1,0,0,0,1,1,1,1,0,0,1,0,0,1,1,0,0,0,0,1,0,0,0,0
6231,0,0,0,0,1,0,1,0,1,0,0,1,0,0,0,1,0,1,0,0,0,0,1,0
6245,0,1,0,0,0,0,0,1,1,0,1,1,0,0,0,0,0,1,0,0,1,1,0,1
6246,0,0,1,0,0,0,1,1,0,0,1,1,1,1,0,0,0,0,1,0,0,1,0,1
6247,0,1,1,1,0,1,1,1,1,1,1,1,1,1,1,1,0,0,0,1,1,0,1,1
6250,0,1,1,1,1,0,0,1,1,0,1,1,1,0,1,0,1,0,0,1,1,1,0,1
6251,1,1,0,0,0,1,1,0,0,1,1,0,0,1,1,0,0,0,0,1,0,1,1,1
6253,1,0,1,1,0,1,0,1,1,0,1,1,1,0,1,1,1,1,0,1,1,1,1,1
6255,0,1,0,1,0,0,0,0,1,0,0,1,0,1,0,1,0,1,1,1,1,1,0,0
6258,1,1,0,0,1,1,1,1,1,1,1,1,0,1,0,0,0,1,0,0,1,0,1,1
6259,0,0,1,1,1,1,1,0,0,0,1,1,1,0,0,0,0,0,1,0,0,1,1,0
6261,0,0,0,0,1,0,0,1,1,1,1,1,0,0,0,1,0,0,0,0,1,1,1,1
6262,1,1,1,0,1,0,1,0,0,1,1,0,0,0,0,0,0,0,0,1,0,0,1,1
6263,0,1,0,1,0,0,1,1,0,0,1,0,1,0,0,0,0,0,0,0,1,1,0,1
7324,0,0,1,1,1,1,0,0,1,0,1,0,1,1,1,1,0,1,0,1,1,1,1,0
BL102,0,1,0,0,0,0,0,1,1,0,1,0,0,0,0,1,0,0,0,0,0,0,1,1
BL104,1,1,1,0,1,0,0,1,1,1,0,0,0,1,1,0,0,0,0,1,1,1,1,0
BL105,0,1,1,1,0,1,1,1,1,1,1,0,0,1,1,1,1,1,0,1,0,1,1,1
BL110,0,1,1,0,0,0,0,0,1,0,1,0,0,1,1,0,1,1,0,0,1,0,0,1
BL112,0,1,1,1,0,1,0,0,1,0,0,1,0,1,0,1,0,1,0,1,1,1,0,1
BL117,0,1,1,0,0,1,0,0,1,1,1,1,1,1,1,1,1,0,1,1,1,0,1,1
BL119,0,1,0,0,0,1,0,1,1,0,1,1,0,1,0,1,0,0,0,0,0,1,1,1
BL123,0,1,1,1,0,1,1,0,1,1,1,0,0,1,0,0,0,0,0,1,0,1,1,1
BL124,0,1,0,0,1,0,1,0,1,0,0,0,1,1,0,0,0,0,0,1,0,0,1,1
BL125,0,0,1,0,0,1,1,1,1,1,1,1,1,1,0,1,0,0,0,1,1,0,0,1
BL126,0,1,0,1,0,1,0,1,1,1,1,1,1,1,0,0,0,0,1,1,1,1,1,1
BL127,0,0,0,0,0,0,0,1,1,1,0,0,1,1,1,1,1,1,0,1,1,0,1,0
BL129,0,1,0,1,1,0,0,0,1,0,1,0,1,1,1,0,0,1,0,0,0,1,1,1
BL130,1,1,1,0,1,1,1,1,0,0,0,0,1,0,1,0,0,0,1,0,1,1,1,1
BL131,0,0,1,0,0,1,1,1,1,1,0,1,0,1,0,0,0,0,0,0,0,1,1,1
BL132,0,1,1,1,0,1,0,0,1,0,1,1,1,1,1,1,0,1,0,1,1,1,0,0
BL133,1,0,1,1,0,1,1,1,1,0,1,1,1,1,1,1,0,0,1,1,1,1,1,1
BL134,0,1,1,1,1,0,1,1,1,1,1,0,1,1,0,1,0,1,0,1,1,1,0,1
BL135,1,1,0,0,0,1,0,1,1,0,1,1,1,1,1,0,1,0,0,1,0,0,0,1
BL136,1,1,0,0,0,1,0,0,0,0,0,0,0,0,0,1,0,1,0,1,0,0,0,0
BL137,0,0,0,0,1,0,0,1,1,0,1,1,1,1,0,0,0,0,0,0,0,0,1,1
BL138,0,1,0,0,0,0,1,0,1,0,0,1,1,1,0,1,0,0,0,0,1,0,0,0
BL140,1,1,0,1,0,1,1,1,0,1,1,0,1,1,1,1,0,0,0,0,1,1,0,1
BL142,0,1,1,1,0,1,0,1,1,0,1,1,0,0,1,0,0,0,1,1,1,1,1,1
BL143,0,1,0,1,1,1,0,1,1,1,1,1,0,1,0,1,0,0,1,1,0,0,1,0
BL145,0,1,1,1,1,1,0,0,0,0,1,0,0,1,0,1,0,0,0,0,1,0,1,1
BL146,0,1,1,0,0,1,0,1,1,0,1,0,1,1,0,1,1,0,0,0,1,0,1,0
BL148,0,1,1,1,0,1,0,1,1,1,1,1,0,1,0,1,0,1,0,1,1,1,0,0
BL149,0,1,1,0,0,1,1,0,0,0,1,0,0,1,1,0,0,0,0,1,1,0,1,1
BL150,0,1,0,0,0,0,0,1,1,0,1,0,1,1,1,1,0,0,0,0,0,1,1,1
BL151,0,1,0,0,0,0,0,0,0,1,0,1,0,0,0,0,1,0,1,1,0,0,0,0
BS102,1,1,1,0,1,0,1,0,0,0,1,0,0,0,1,0,0,1,0,0,1,0,1,1
BS103,1,0,0,0,1,0,0,1,1,0,0,0,1,1,0,0,0,1,0,0,0,0,0,0
BS104,0,1,0,1,1,0,0,0,1,1,1,0,1,1,0,1,0,0,0,1,0,0,0,1
BS105,0,1,1,1,1,0,0,0,1,0,1,0,0,1,1,0,0,1,0,1,0,0,0,1
BS106,1,0,0,0,0,0,0,0,1,0,0,0,0,0,1,0,0,0,1,0,0,0,1,0
BS107,0,0,1,1,1,1,1,1,0,0,0,0,0,0,0,1,0,0,0,1,0,1,1,1
BS108,0,1,0,0,0,0,0,0,0,0,0,0,1,0,1,1,0,1,1,0,0,0,1,0
BS109,1,0,0,0,1,0,1,0,0,0,1,0,0,0,0,0,1,0,1,1,0,1,1,1
BS110,0,0,0,1,1,1,0,1,1,0,0,1,0,1,0,0,0,1,0,1,0,0,0,0
BS111,1,1,1,0,0,0,1,1,0,0,1,0,0,0,1,0,0,0,0,0,1,0,1,0
BS112,0,1,1,0,1,0,0,0,0,1,1,0,1,0,1,1,1,0,0,0,0,0,1,0
BS113,0,1,1,0,0,0,0,1,1,0,1,0,1,0,1,1,0,1,0,0,0,1,1,0
BS114,0,1,1,0,1,0,0,0,1,1,0,0,0,1,0,0,0,1,0,1,1,1,0,0
BS115,0,1,0,1,1,0,0,0,1,0,1,0,0,0,0,1,1,1,0,1,1,0,1,0
EEG003,1,1,1,0,0,0,1,1,0,1,0,1,0,0,1,1,0,1,0,0,1,1,1,0
EEG004,0,1,0,0,0,0,1,0,1,1,1,1,0,0,0,1,1,0,0,0,0,1,1,1
EEG011,0,0,1,0,0,1,0,1,0,1,1,1,1,1,0,0,0,0,0,0,0,0,1,1
EEG014,0,0,0,1,0,0,1,1,1,0,1,0,1,1,1,1,0,0,1,1,0,1,1,1
EEG019,0,1,0,0,1,0,0,0,0,0,0,0,0,0,1,1,0,0,0,1,1,1,0,0
EEG023,1,0,0,0,1,1,0,0,0,1,1,0,1,1,1,0,0,0,0,0,1,1,0,1
EEG024,1,0,1,1,0,1,1,1,1,0,1,1,1,0,0,1,0,1,0,1,0,1,0,0
EH7WG0,1,0,0,1,0,0,0,1,0,0,1,0,0,0,0,1,0,1,0,0,0,0,0,0
ID103,1,1,1,1,0,1,0,1,1,0,1,1,1,0,1,1,0,0,0,1,0,1,0,0
ID115,0,1,0,0,0,0,0,1,1,1,1,0,0,1,1,1,0,0,0,0,0,0,1,1
ID116,0,0,0,1,0,0,1,0,0,0,0,0,0,0,0,1,0,0,1,1,0,1,0,0
ID117,0,0,0,1,1,0,0,1,0,0,0,1,1,0,0,0,1,0,0,0,0,0,0,0
ID120,1,1,1,0,0,0,0,0,1,1,1,0,1,1,0,0,0,1,0,1,1,1,1,1
ID121,1,1,0,0,0,0,1,1,1,1,0,0,1,0,0,1,0,0,0,0,0,0,0,0
ID122,0,1,1,0,0,0,0,0,0,1,1,0,0,1,1,0,0,0,0,1,1,1,0,0
ID123,0,1,0,0,1,0,1,0,0,1,0,0,0,1,1,0,0,1,0,0,0,0,1,0
ID124,0,0,0,0,0,0,0,0,0,1,1,0,0,1,0,1,0,0,1,0,0,1,0,1
KO101,1,1,0,0,1,0,0,1,0,0,1,0,0,0,0,0,0,1,0,1,0,1,0,1
KO102,0,0,0,0,0,0,0,0,1,0,0,0,1,1,0,1,0,0,0,0,0,0,0,0
KO103,0,0,0,0,1,0,1,1,1,0,0,0,0,0,0,1,0,0,0,0,0,1,1,1
KO104,1,1,0,0,0,0,0,0,1,0,1,1,1,1,1,1,0,1,0,0,1,0,1,0
KO105,1,1,0,0,0,0,1,0,0,0,0,0,0,0,0,1,1,1,1,0,0,0,1,0
KO106,0,1,0,0,0,0,0,1,1,0,1,1,1,1,0,1,1,0,0,1,1,1,1,1
KO107,0,1,1,0,1,0,0,1,1,1,0,0,0,1,0,0,0,0,0,0,0,0,0,0
KO109,0,0,1,0,1,0,0,0,0,0,0,0,0,0,1,0,0,0,1,0,1,0,0,0
KO110,0,1,1,1,1,0,0,1,0,0,0,1,0,0,0,1,1,1,1,0,0,0,0,0
KO111,1,1,0,0,1,0,0,0,1,1,1,1,0,1,0,0,0,0,0,1,0,0,1,1
KO112,0,1,1,1,0,0,1,0,0,1,0,1,0,1,0,1,1,0,0,0,1,0,0,0
KO115,0,0,0,1,1,1,0,1,1,0,1,0,0,1,0,1,0,0,0,1,0,1,0,1
KO116,0,0,0,1,0,0,0,0,1,1,0,1,0,0,0,1,1,1,0,0,0,0,1,0
KO118,1,0,0,0,0,0,0,1,1,0,1,0,1,1,0,1,0,1,0,0,0,1,1,1
KO119,1,1,1,1,1,1,0,0,0,0,1,0,0,0,0,0,0,1,1,0,1,1,0,1
KO120,0,0,0,0,0,1,0,0,0,1,1,0,1,0,1,0,0,1,0,0,0,1,1,0
KO121,1,1,0,0,0,0,0,1,1,1,0,1,0,1,0,0,0,0,0,0,0,0,0,0
KO123,0,1,1,0,1,1,0,0,1,1,0,1,0,1,0,0,1,0,0,1,1,0,0,0
KO125,0,1,0,1,0,1,0,0,0,0,0,0,0,0,1,0,1,1,0,0,1,1,1,0
KO126,0,0,1,0,1,0,0,0,0,0,0,0,0,1,1,0,0,0,0,0,1,1,0,1
KO127,0,1,0,0,0,1,0,0,0,0,1,0,1,0,0,1,1,1,0,1,0,1,1,0
LA101,0,0,1,1,0,1,1,1,0,0,0,1,0,0,0,1,0,0,0,1,1,1,1,1
LA102,0,1,0,0,0,0,0,0,1,1,1,0,0,1,1,1,0,0,0,1,1,1,1,1
LA103,0,1,1,0,0,0,0,1,0,1,0,0,0,1,0,1,0,0,0,0,0,1,1,1
LA106,0,1,0,0,1,0,1,1,0,0,0,0,0,0,1,1,0,0,0,0,0,0,0,1
TB102,0,1,1,1,1,0,1,1,1,0,1,0,0,0,1,0,0,0,1,1,1,1,1,1
TB103,0,0,0,0,1,0,1,0,0,1,0,0,1,1,0,0,0,1,0,1,0,0,0,1
TB105,1,1,1,1,0,1,1,1,1,0,1,1,1,1,0,1,0,0,0,0,0,1,1,1
TB107,0,0,1,0,0,0,1,0,1,0,1,0,0,1,0,0,0,1,1,0,1,0,0,0
TB108,0,1,0,0,1,0,0,0,1,0,1,0,1,1,0,1,0,0,0,1,1,1,1,1
TB140,0,1,1,1,0,0,0,1,1,1,1,0,0,1,0,1,1,0,0,1,1,1,0,1
