trial_type,phrase,phrase,phrase,phrase,phrase,phrase,phrase,phrase,phrase,phrase,phrase,phrase,phrase,phrase,phrase,phrase,phrase,phrase,phrase,phrase,phrase,phrase,string,string,string,string,string,string,string,string,string,string,string,string,string,string,string,string
trial_number,1,3,15,12,7,21,8,18,6,2,19,4,10,16,9,0,11,14,20,13,17,5,5,0,1,8,13,9,15,3,4,10,6,12,2,14,11,7
ID,,,,,,,,,,,,,,,,,,,,,,,,,,,,,,,,,,,,,,
1306,1,1,0,1,0,0,0,0,1,0,1,0,0,0,1,1,0,0,0,1,1,1,1,1,1,1,1,0,1,1,1,0,1,1,1,1,1,1
1344,1,1,0,0,0,1,1,0,0,0,1,0,0,1,1,1,0,1,0,1,0,1,1,1,1,1,0,0,1,0,0,1,1,1,1,1,1,1
1352,0,1,1,0,1,1,1,0,1,0,1,0,1,1,1,0,1,0,0,0,1,1,1,0,1,1,1,1,1,1,0,1,1,1,1,0,0,0
200,1,1,0,1,1,0,0,1,0,0,0,0,0,0,1,1,0,1,0,1,0,0,1,1,1,1,1,1,1,1,1,1,1,0,0,1,0,1
3001,1,1,1,1,0,0,1,1,1,0,0,0,0,1,0,1,0,0,1,1,0,1,1,0,0,0,1,0,1,1,1,0,0,1,0,0,1,0
3002,1,1,1,0,1,1,1,1,1,1,1,0,0,1,1,0,1,1,0,1,0,1,1,1,1,1,1,1,0,1,0,0,0,1,1,1,1,1
3003,1,0,1,1,1,0,0,0,0,1,1,1,1,0,0,1,1,1,1,1,0,1,0,0,0,0,0,1,0,1,0,1,0,0,1,1,1,0
3004,1,1,0,0,0,1,1,0,0,1,1,1,0,0,1,1,1,0,1,0,0,1,1,1,0,0,1,1,1,1,1,1,0,0,0,1,1,1
3005,1,1,0,1,0,1,1,0,1,0,0,1,0,0,1,0,1,1,0,1,1,1,0,1,1,1,1,1,1,1,1,1,0,1,1,1,1,1
3006,0,1,0,1,0,1,1,0,1,0,0,0,1,0,0,1,1,0,0,0,1,1,1,0,1,0,1,1,1,0,1,0,1,1,1,0,1,1
3007,1,1,0,1,0,1,1,1,1,1,1,0,1,1,1,1,1,0,0,1,1,1,1,1,1,1,1,1,1,0,1,1,1,0,1,1,0,1
3035,0,0,0,0,0,1,1,0,1,1,1,0,0,0,0,1,1,0,0,0,1,1,0,1,0,0,1,1,1,0,1,0,1,0,1,0,1,1
3101,1,1,0,1,1,0,1,1,1,0,0,0,1,1,1,1,1,0,0,1,1,0,1,1,1,0,1,0,1,0,1,0,1,0,1,1,0,0
3102,0,1,1,1,0,0,0,1,1,0,1,1,1,0,0,0,0,1,1,1,1,1,0,1,1,1,0,1,1,0,1,0,1,1,1,1,0,0
3103,1,1,0,1,0,1,0,1,0,1,1,0,0,1,1,0,0,0,1,1,1,1,0,1,1,1,0,1,1,0,0,1,0,1,1,0,1,1
3201,0,1,0,0,0,0,0,0,1,0,1,0,0,1,1,0,0,0,0,0,1,0,1,1,1,0,0,1,1,1,1,1,1,0,1,1,1,1
3202,1,1,0,1,1,1,0,1,1,1,1,0,1,1,1,1,1,1,1,1,1,1,0,1,1,1,1,1,0,1,1,1,1,1,1,0,1,1
3203,1,1,0,0,0,1,0,0,1,0,1,0,1,0,0,0,1,0,0,1,1,1,1,1,1,0,1,0,1,1,1,1,1,1,1,1,1,0
3204,0,1,0,0,1,1,1,1,0,1,0,1,0,0,1,0,1,1,0,0,0,1,0,1,1,1,1,1,0,1,1,1,1,0,1,1,1,1
3205,1,1,1,1,0,1,0,0,0,1,1,0,1,0,1,0,1,1,1,1,0,1,1,1,0,0,0,1,1,1,1,1,1,1,1,1,1,1
3206,0,0,0,0,0,1,0,0,0,0,1,1,1,1,0,1,1,0,1,0,0,0,1,1,1,1,1,1,0,0,1,1,1,0,1,1,1,1
3207,0,1,0,0,0,1,1,0,0,1,1,1,0,1,1,0,1,0,1,0,0,1,1,1,1,0,1,0,1,0,0,1,1,1,1,0,1,1
3208,1,0,1,1,1,0,1,1,0,0,1,0,1,1,1,0,1,1,1,0,0,1,1,1,0,0,0,1,0,1,1,0,1,1,0,1,1,0
3209,0,0,1,0,0,1,1,0,1,1,1,1,1,1,0,1,1,0,1,0,1,1,0,1,1,1,1,0,1,1,1,1,1,1,1,0,1,1
3210,0,1,0,0,0,0,0,0,1,1,1,0,1,0,1,0,1,0,1,1,0,1,0,1,0,0,1,0,0,0,1,1,1,0,1,0,1,0
3211,0,0,1,0,0,1,1,0,1,0,1,1,0,0,0,1,1,0,0,0,1,1,1,1,0,1,0,0,1,1,1,1,1,0,1,1,1,0
3212,0,1,0,1,1,1,1,0,1,1,0,1,0,1,1,1,0,0,0,1,1,1,1,1,1,1,1,1,0,1,1,1,0,1,1,1,1,1
3213,0,1,0,0,1,0,1,0,1,1,1,0,0,1,0,1,1,1,0,1,1,1,1,1,1,1,1,1,1,1,1,1,1,1,1,1,0,0
3214,0,1,0,0,0,1,1,1,1,0,1,0,1,0,0,0,1,0,0,0,0,1,1,0,1,1,1,0,1,0,0,0,1,0,1,0,1,0
3301,1,0,1,0,1,0,0,1,0,0,0,0,1,1,1,1,1,0,1,1,1,0,0,1,1,1,1,0,0,1,1,0,0,1,1,1,1,0
3302,1,1,0,1,1,1,1,1,1,1,0,1,1,0,1,1,1,0,1,1,1,1,1,1,1,0,1,1,1,0,1,1,1,1,1,1,1,0
3303,0,1,1,1,0,0,1,0,1,1,1,0,1,0,1,0,1,0,0,0,1,1,1,1,1,1,1,1,0,1,1,0,1,1,1,0,1,1
3305,1,1,1,0,0,0,0,0,1,1,1,1,1,1,1,0,0,0,1,1,1,1,0,0,1,1,1,1,0,0,1,0,1,1,1,0,0,0
3306,1,0,0,1,0,1,0,1,1,0,0,0,0,0,1,0,1,1,1,1,0,0,1,0,0,1,1,1,0,1,1,0,1,0,0,1,0,1
3307,1,1,0,0,0,1,1,0,1,1,1,1,0,1,0,0,1,1,0,1,0,1,1,1,1,0,1,1,1,1,1,1,1,1,1,0,1,1
3308,0,1,0,1,0,1,1,1,0,0,0,0,0,1,1,1,0,1,0,0,0,1,0,1,1,1,0,0,1,0,1,1,0,1,1,1,0,0
3309,1,1,0,1,1,0,1,0,1,0,1,1,1,0,1,1,1,0,1,1,1,1,1,1,1,1,0,1,1,0,0,1,1,0,1,1,1,0
3310,1,0,0,1,1,1,1,0,1,1,1,0,1,1,1,1,1,0,0,1,1,1,0,1,1,1,1,1,0,1,1,0,1,1,1,1,0,0
3311,0,1,1,0,1,1,1,1,1,0,0,0,1,1,1,1,1,0,0,1,0,1,1,0,1,0,1,1,0,1,1,1,0,1,1,0,0,1
3312,1,1,0,0,1,1,1,0,1,1,1,1,0,1,1,0,1,0,0,1,1,1,0,0,0,1,1,0,0,1,0,0,1,1,1,1,1,1
3313,1,0,0,1,0,1,1,0,0,0,1,0,1,1,1,0,1,1,0,1,1,1,1,0,1,1,0,1,0,0,1,1,1,0,1,1,0,0
3314,0,1,0,0,1,1,1,1,0,1,1,0,1,0,0,0,1,0,0,0,0,0,1,0,0,1,1,1,1,0,0,0,1,1,0,0,1,1
3316,0,0,0,1,0,0,1,0,1,0,1,0,1,0,0,1,0,0,0,0,1,1,1,0,1,0,0,1,1,0,0,1,0,0,1,1,1,1
3317,0,1,1,0,1,0,0,1,1,1,1,0,1,1,0,1,1,0,0,0,1,1,1,0,1,1,1,1,0,1,1,1,1,1,1,1,1,1
3318,1,0,0,0,0,1,0,0,1,1,0,0,1,1,1,0,1,0,1,0,1,0,0,1,1,1,0,1,1,0,1,1,0,0,0,0,0,1
3319,0,1,0,1,1,0,0,1,0,0,1,1,0,1,1,1,1,0,1,0,0,0,0,0,1,0,0,0,0,1,1,0,1,0,0,1,1,1
3320,0,1,1,0,1,0,0,0,1,1,1,0,1,0,0,0,1,0,0,0,1,0,1,1,1,0,0,1,1,1,1,0,1,1,1,1,1,1
3321,1,1,1,1,1,1,0,1,1,0,1,0,1,1,0,1,1,1,0,1,1,1,1,1,1,1,1,1,1,1,1,0,1,1,1,1,0,1
3322,0,1,0,0,1,0,1,0,1,1,0,0,1,0,1,0,1,1,0,0,1,1,1,1,0,0,1,1,1,1,1,1,1,0,1,0,1,1
3323,0,1,1,0,1,0,0,0,1,1,0,0,1,0,0,1,0,1,1,0,1,0,0,1,0,0,1,1,1,0,1,0,0,0,1,1,1,0
3324,1,1,1,0,0,0,1,0,0,0,0,0,1,1,1,1,0,1,0,0,1,1,0,0,1,1,0,0,0,1,1,1,1,1,1,1,0,1
3325,1,1,0,0,1,0,1,1,1,1,1,1,0,1,0,1,1,1,0,1,1,1,1,1,1,1,1,1,1,0,1,1,0,1,1,0,0,1
3326,1,1,0,0,1,1,1,1,1,0,1,1,1,0,0,1,1,0,0,1,1,1,0,1,0,0,1,1,1,1,1,0,1,1,1,0,1,1
3327,0,1,1,1,1,0,1,1,1,0,0,0,1,0,1,1,1,1,0,1,1,1,1,1,1,1,1,1,1,1,1,1,0,1,1,1,1,1
3328,0,0,1,0,0,0,1,1,1,0,1,1,0,1,0,0,1,1,1,0,0,1,1,1,1,1,0,0,1,1,1,1,0,0,1,0,0,0
3329,1,1,0,1,0,0,1,0,1,0,1,1,1,0,1,0,1,1,0,1,1,1,1,1,1,0,0,0,1,1,1,1,1,0,1,1,1,0
3330,0,1,0,1,1,0,1,0,0,0,1,0,1,0,1,1,1,0,0,0,1,1,0,0,1,1,1,1,1,0,1,1,0,1,0,0,1,0
3331,0,0,1,0,1,1,1,0,1,1,1,0,1,1,0,1,0,0,0,1,1,0,1,1,0,0,0,0,1,1,0,1,1,1,1,1,1,1
3332,0,1,0,1,1,1,1,1,1,1,1,1,0,1,0,1,1,1,0,0,1,1,1,0,1,1,1,1,0,1,1,0,1,1,0,1,1,1
3333,1,1,0,0,1,0,1,1,1,0,1,1,1,0,0,0,1,0,1,0,1,0,1,1,1,1,1,1,1,1,0,1,1,0,1,1,1,1
3334,0,1,0,1,1,0,1,0,1,1,0,1,1,1,0,0,1,1,0,1,1,1,1,0,0,1,1,1,1,1,0,1,1,1,1,0,1,0
3335,1,1,0,1,0,1,0,0,1,0,0,1,1,0,0,0,1,0,1,0,1,1,1,0,0,0,1,0,1,0,0,1,0,1,0,1,1,1
3336,0,0,0,1,0,0,1,0,1,1,1,1,0,0,0,0,0,0,0,1,0,1,0,1,0,1,1,0,1,0,1,0,1,1,1,1,1,1
3337,1,1,1,1,1,0,1,1,1,0,0,1,1,1,1,1,1,1,0,1,0,1,0,1,1,0,1,1,1,1,1,1,1,1,1,1,1,1
3338,1,1,0,0,1,0,1,1,1,1,1,1,1,0,1,1,0,0,1,1,1,1,0,0,1,1,1,1,1,1,1,1,0,1,1,0,1,1
3339,1,1,0,0,0,0,1,0,1,0,1,0,0,0,1,1,0,0,0,1,1,0,1,1,1,1,1,1,0,1,1,1,1,1,1,1,1,1
3340,0,1,0,0,0,1,0,0,1,1,1,1,1,0,1,1,1,0,0,0,1,1,1,1,1,1,1,0,0,1,1,1,1,1,1,0,1,1
3341,1,0,1,1,0,0,0,1,0,0,0,0,0,0,1,0,1,1,1,0,0,1,1,0,1,1,1,1,0,1,0,1,0,1,1,1,1,0
3342,1,0,1,0,1,1,1,0,1,0,1,1,1,1,1,0,1,0,1,1,1,0,1,0,1,1,0,1,1,0,0,1,1,1,1,1,1,0
3343,1,1,0,1,1,1,1,0,1,1,0,1,0,0,0,1,1,1,1,1,1,1,1,1,1,1,1,1,1,0,1,1,0,1,1,1,1,1
3344,0,1,0,1,1,1,0,1,0,0,1,1,0,0,0,1,1,1,0,0,1,1,1,1,0,1,0,1,1,1,1,0,1,1,1,0,1,1
3346,1,1,0,1,0,1,0,0,1,0,1,0,0,0,1,0,0,0,0,1,1,1,1,0,1,0,1,1,1,1,0,0,1,1,1,1,1,0
3347,1,1,0,0,0,0,0,1,1,0,1,0,1,1,0,1,1,1,1,0,1,0,0,1,0,1,0,1,1,1,1,1,1,1,1,1,0,1
3348,1,0,0,1,1,1,0,0,0,1,1,1,1,1,0,1,1,1,0,1,0,1,1,1,1,1,0,0,1,1,1,0,1,0,1,1,1,1
3349,0,1,0,1,1,1,1,0,1,1,1,0,1,1,0,1,1,0,0,1,1,1,1,1,0,1,1,1,1,1,1,1,1,1,1,1,1,1
3350,0,1,0,1,1,0,1,1,0,0,1,0,0,0,1,1,1,0,0,1,1,1,1,0,0,0,0,0,1,1,1,0,0,0,0,0,1,0
3351,0,1,0,1,0,0,0,1,1,1,0,0,1,0,1,1,1,0,0,1,1,1,0,1,1,1,1,1,1,1,1,1,0,1,1,1,1,0
3352,0,1,0,1,0,1,1,1,1,0,0,0,1,0,0,0,0,1,1,0,1,1,0,1,1,1,1,0,1,1,0,1,1,0,0,0,0,0
3353,0,1,0,0,0,1,0,1,0,1,1,0,0,1,0,1,0,1,0,1,0,1,0,1,1,0,0,0,0,1,0,1,1,1,1,1,1,0
3354,1,1,0,0,0,1,1,1,1,0,1,0,0,1,1,1,0,0,0,0,1,0,1,1,0,1,1,1,1,1,1,1,1,1,1,1,0,1
3355,0,1,1,1,0,1,0,1,1,0,1,1,1,1,1,1,1,0,1,0,1,1,1,1,1,1,1,1,1,1,0,1,1,0,0,0,1,0
3356,1,1,0,1,1,0,1,0,1,1,1,1,1,1,1,0,1,0,1,1,1,1,1,1,1,1,0,1,0,1,1,0,0,0,1,0,1,1
3357,1,1,0,0,1,0,1,1,0,0,0,0,1,0,0,0,0,1,1,1,0,1,0,1,1,1,1,1,0,0,0,0,0,0,0,0,0,0
3358,1,0,1,0,1,0,1,0,0,0,1,1,0,1,1,1,1,0,1,1,1,0,1,0,1,0,0,0,0,0,0,1,0,1,0,1,0,1
3359,1,1,1,0,0,0,1,1,1,0,0,0,0,0,0,1,1,1,0,1,1,1,0,1,1,1,1,1,1,0,1,1,1,1,1,1,1,1
3360,1,1,1,0,0,1,1,0,1,1,1,1,1,1,0,1,1,0,1,1,1,1,1,1,0,1,1,1,0,1,1,0,1,1,1,1,1,0
3361,0,1,1,1,0,1,0,1,0,0,0,0,1,1,1,0,1,0,0,0,0,1,1,1,1,1,1,1,0,1,1,1,1,0,1,1,1,1
3363,0,1,0,0,0,1,0,0,1,0,1,1,0,0,1,0,1,0,0,1,1,1,0,1,1,0,1,1,1,1,1,0,1,0,1,0,1,1
3364,1,1,0,1,1,0,0,0,1,1,1,0,1,1,0,0,0,0,0,0,1,1,1,1,1,1,1,1,0,1,1,0,1,1,1,1,1,1
3365,0,1,0,1,0,1,1,1,1,1,1,1,0,0,1,0,1,0,1,1,0,1,0,1,1,0,1,0,1,1,1,0,1,1,1,1,1,1
3366,0,1,1,0,1,0,1,0,1,1,0,0,1,1,1,0,0,0,0,0,1,1,1,0,0,0,0,1,0,1,1,1,0,1,1,1,1,0
3367,0,1,0,0,0,0,1,0,1,0,1,0,1,1,1,0,1,0,1,0,0,0,0,1,1,1,1,0,1,1,1,1,1,1,1,1,1,0
3369,0,1,1,1,0,1,0,0,0,1,0,1,1,1,1,1,1,1,1,0,1,1,1,1,0,1,0,1,0,1,1,1,0,1,0,0,0,1
3370,1,1,1,1,0,1,1,0,1,0,0,1,0,1,1,1,0,0,1,1,0,1,1,0,1,0,1,0,1,1,1,0,1,0,0,0,0,0
3371,1,1,1,1,1,1,1,0,1,0,1,0,1,1,0,0,1,0,1,1,0,1,0,0,1,1,0,1,1,1,1,1,1,0,1,1,0,1
3372,0,1,0,0,1,1,1,0,0,1,0,1,1,0,1,0,0,1,0,1,0,0,1,0,0,1,0,1,0,0,1,1,1,0,0,0,0,0
3373,0,1,1,0,1,0,1,1,0,0,1,0,1,1,1,1,1,1,0,1,1,1,1,0,0,0,0,0,1,0,1,0,1,1,1,0,1,1
3374,1,1,0,1,1,1,1,1,1,1,1,1,1,0,1,1,0,0,0,1,1,1,0,1,1,0,0,1,1,1,1,1,0,1,0,1,1,1
3375,0,1,1,0,0,1,1,0,1,1,1,1,1,1,1,0,1,0,0,0,0,1,1,1,1,1,1,1,0,1,0,1,1,1,1,1,1,1
3376,0,1,0,1,1,0,0,1,1,1,1,1,0,1,0,0,1,1,0,0,1,0,1,1,0,1,0,1,1,1,1,0,0,1,0,1,0,0
3377,0,0,1,1,1,0,0,1,1,1,0,0,0,1,1,0,0,1,1,1,0,1,1,1,0,0,0,1,1,1,0,1,1,0,0,0,0,1
3378,1,1,1,1,0,1,1,0,1,1,1,0,0,0,0,1,1,1,0,1,1,1,1,1,1,1,1,1,1,1,1,1,1,0,1,1,1,1
3379,1,1,1,0,0,1,1,0,1,0,0,1,1,0,0,0,0,1,1,1,1,0,0,0,0,1,1,1,1,0,0,0,0,0,1,1,0,0
3380,1,1,1,0,0,1,0,0,1,1,1,1,1,1,0,0,0,0,0,0,1,1,0,0,0,0,1,0,0,0,0,0,0,0,1,1,1,1
3381,1,1,0,1,0,1,1,0,1,0,1,0,1,0,0,0,1,0,0,1,1,1,1,0,1,0,1,1,1,0,1,0,1,1,1,1,1,1
5002,0,0,1,0,0,0,0,0,0,0,0,0,0,0,0,0,1,1,0,1,1,1,0,0,1,0,0,1,0,1,1,1,0,0,1,1,0,0
5003,1,1,0,0,0,0,0,0,0,0,1,1,0,0,0,1,0,1,1,0,0,1,0,0,1,0,1,0,1,0,1,0,0,0,1,0,1,0
5005,0,1,0,0,0,1,0,0,1,1,1,1,1,1,1,1,1,0,1,1,0,1,0,0,1,1,0,1,1,1,1,0,1,1,1,1,1,1
5006,1,1,0,0,0,0,1,1,1,0,1,0,0,0,1,0,1,1,0,0,1,1,0,1,1,0,1,1,1,1,0,1,0,1,1,1,1,1
5008,0,0,0,1,1,0,0,0,0,0,0,0,0,1,0,0,1,0,1,1,0,1,1,0,1,1,0,0,0,0,1,0,1,1,1,0,1,1
5012,0,1,0,0,1,0,1,0,1,1,1,1,1,0,1,0,1,0,0,0,1,1,1,1,0,1,1,0,1,1,1,1,0,0,1,1,1,1
5013,1,1,0,1,1,0,0,1,1,1,1,0,1,1,0,1,1,1,1,1,1,1,1,1,1,1,1,1,1,1,1,1,1,1,1,1,1,1
5014,1,0,0,0,0,1,0,1,0,1,1,0,0,1,0,1,1,1,0,0,1,1,0,0,0,1,0,1,0,0,0,1,1,1,0,1,1,1
5015,1,0,0,0,1,1,0,0,0,1,0,0,1,1,0,1,0,0,1,1,0,1,0,1,0,1,1,1,1,0,0,1,1,0,1,0,0,1
5016,1,0,0,0,1,1,0,0,1,0,1,1,0,1,0,1,0,1,1,1,1,1,1,0,1,0,1,0,0,1,0,0,1,1,1,1,1,1
5019,1,1,1,1,1,0,1,1,1,0,0,1,1,0,1,0,1,1,0,1,0,0,1,0,1,0,0,0,0,0,1,1,0,1,0,0,0,0
5020,0,1,0,1,0,1,1,0,1,1,1,0,0,0,1,0,1,0,1,1,1,1,0,1,1,1,1,1,0,0,1,1,1,1,1,1,1,1
5021,0,1,0,0,1,0,0,1,0,1,1,0,0,1,1,1,1,1,1,1,1,0,1,1,1,0,1,1,1,1,0,1,1,1,1,1,1,1
5022,1,1,0,1,0,0,1,1,1,0,0,0,1,1,1,0,0,0,0,0,1,1,1,1,0,1,1,0,0,1,1,1,1,1,1,1,1,0
5023,1,0,0,0,0,0,0,0,0,1,1,1,0,0,0,1,0,0,1,0,1,1,0,0,1,0,0,1,1,1,1,1,1,1,1,0,1,0
5024,1,1,0,0,1,0,1,0,0,0,1,1,0,1,1,0,0,0,0,0,1,1,1,1,1,0,0,1,0,1,0,1,1,0,1,0,1,1
5025,0,1,0,1,0,1,1,0,1,1,0,0,1,0,0,0,1,0,0,0,0,1,1,0,1,0,1,1,1,1,1,0,0,1,1,1,0,0
5027,0,1,0,1,0,1,1,0,1,1,1,0,0,1,0,0,1,0,1,1,1,1,1,1,1,1,1,0,1,0,0,1,1,1,1,1,0,1
5027_2,0,1,1,1,0,1,1,0,1,1,0,0,0,0,1,1,0,0,1,1,1,1,1,1,0,0,0,1,1,0,1,1,1,0,0,1,1,1
5030,0,0,0,0,1,0,1,0,1,1,0,1,1,1,1,0,0,0,1,0,0,1,0,1,1,1,0,0,1,1,1,1,0,1,1,1,1,0
5031,0,1,0,0,0,1,1,0,1,0,1,1,1,0,0,1,1,0,0,0,0,1,1,1,0,0,1,0,1,1,0,0,1,0,1,1,1,1
5032,0,1,0,1,0,0,0,0,0,1,0,0,0,1,1,1,1,0,1,0,1,1,0,0,0,1,1,1,1,1,1,1,0,1,0,1,0,1
5033,0,0,1,0,0,1,1,1,1,1,0,0,1,0,0,1,0,0,0,1,1,0,0,0,0,0,1,1,1,0,1,0,1,1,1,0,1,0
5034,0,1,0,1,1,0,0,1,0,1,0,1,0,1,1,0,1,0,0,0,0,1,1,1,0,1,1,1,0,0,1,1,0,1,1,1,0,1
5036,0,0,1,0,0,1,1,0,0,0,0,0,1,1,0,1,1,0,1,0,1,0,0,0,1,1,0,0,0,0,1,0,1,1,1,1,1,0
5037,0,1,0,0,0,0,1,0,0,1,1,0,0,1,1,0,1,1,0,1,1,1,1,1,1,0,1,0,0,1,0,1,1,1,1,0,1,1
5038,1,1,0,1,0,1,1,0,1,0,1,0,0,1,1,1,1,0,0,1,1,1,0,1,1,1,1,1,1,1,1,0,1,1,1,1,1,1
5039,0,1,1,1,1,0,0,0,0,0,0,0,1,0,0,0,1,1,1,0,1,1,0,1,1,1,1,0,1,0,1,0,1,0,0,0,1,0
5040,0,1,0,0,1,1,0,1,1,0,1,0,0,1,1,1,1,0,0,1,0,1,1,1,1,1,1,1,1,1,1,1,1,1,1,1,1,1
5042,0,1,1,1,0,1,0,0,1,1,1,1,1,1,0,0,0,0,1,0,1,1,0,1,0,1,1,1,1,0,1,1,1,1,1,0,1,0
5043,0,1,0,0,1,0,1,1,1,1,0,1,1,0,1,1,1,1,0,1,1,0,0,1,0,1,0,1,0,0,1,0,0,0,0,0,0,1
5044,1,1,1,0,1,0,0,1,1,1,1,1,0,1,1,1,0,0,1,1,0,1,0,0,1,0,0,0,1,0,0,0,1,1,1,0,0,1
5047,1,1,0,0,1,0,1,0,0,1,1,0,0,0,0,0,1,0,0,0,1,1,1,1,0,0,1,1,1,1,1,1,1,1,1,1,1,1
5048,1,1,1,0,0,0,0,1,1,0,1,0,1,1,0,0,1,0,1,1,1,1,0,1,1,1,1,0,0,0,1,1,1,1,1,1,1,1
5050,0,1,0,1,1,0,0,1,0,1,0,1,0,0,0,0,1,0,1,1,0,0,1,0,1,1,1,0,1,1,0,1,1,1,1,0,0,0
5052,0,1,1,0,0,1,0,0,1,1,0,1,1,1,1,0,1,1,0,1,0,1,1,1,0,0,0,1,0,1,0,0,1,0,1,0,1,1
5054,0,1,0,0,0,1,1,0,1,1,1,1,1,0,0,0,0,0,0,1,0,1,0,1,0,1,1,0,0,1,0,1,1,1,1,0,1,1
5055,1,1,1,0,1,0,1,0,1,1,0,0,1,0,1,0,0,1,1,0,0,0,0,1,1,0,0,0,0,0,0,0,1,0,1,1,0,0
5056,1,1,0,0,1,0,0,1,1,0,1,1,1,1,1,0,1,1,0,1,1,1,1,1,0,0,1,1,1,1,0,0,0,1,1,1,0,1
5057,1,1,0,0,0,0,0,1,1,0,1,0,0,0,1,0,0,0,0,1,1,1,0,1,1,1,1,1,1,0,1,1,1,1,1,1,0,1
5058,0,1,0,0,0,0,1,1,1,0,0,0,1,0,1,0,1,1,0,1,1,1,1,1,1,0,0,1,1,0,1,1,0,0,1,0,0,0
5059,1,1,1,0,0,1,1,0,1,1,0,1,1,1,0,1,0,1,0,0,1,1,1,1,1,0,1,1,1,1,1,1,0,0,1,0,0,0
5060,0,1,0,0,0,1,0,0,1,1,1,0,0,1,0,1,1,0,1,1,1,1,1,1,1,1,1,1,0,1,0,1,1,1,1,1,1,1
5061,0,1,0,0,0,0,0,0,0,0,1,0,1,1,0,1,1,0,0,1,1,1,0,1,0,0,0,1,1,1,1,1,1,1,1,1,1,1
5062,0,0,1,0,1,0,0,1,1,1,0,0,1,0,0,0,0,1,1,0,1,0,0,1,1,1,0,1,1,0,1,0,0,0,1,0,0,0
5063,1,1,1,1,1,1,0,1,1,0,0,0,0,0,0,1,1,1,1,1,1,1,1,1,1,0,0,1,1,0,1,1,0,0,1,1,1,1
5064,0,0,0,1,0,0,1,1,0,0,1,0,1,0,1,0,0,1,1,1,1,1,1,0,1,0,1,0,1,1,1,1,0,1,0,0,1,0
5065,0,1,0,0,1,0,1,0,1,1,1,1,0,1,1,1,0,0,0,1,1,0,1,1,0,0,1,1,1,0,1,0,1,0,1,1,1,0
5066,0,1,0,1,0,1,0,0,0,0,1,0,0,0,1,1,1,0,1,1,1,1,1,1,0,0,0,1,0,1,1,0,0,0,1,0,1,1
5067,1,1,0,0,0,0,1,0,1,0,1,0,0,0,1,1,1,0,1,0,1,1,0,1,0,1,1,1,1,1,1,1,1,1,1,1,0,1
5068,0,1,0,0,1,0,0,0,1,0,1,1,0,0,1,0,0,0,1,1,1,1,1,1,1,0,0,1,1,1,0,1,1,0,1,0,0,1
5074,0,0,0,1,1,1,1,1,0,1,1,0,0,0,1,1,1,0,0,0,1,1,1,1,0,1,1,0,1,1,0,1,1,1,0,1,1,1
5075,0,0,1,1,0,1,1,0,1,0,1,1,1,0,0,1,0,0,0,1,1,0,0,1,0,1,0,1,0,0,1,0,1,0,0,1,1,1
5076,0,0,0,0,1,0,0,1,0,1,1,1,0,0,0,1,1,0,1,1,0,0,0,1,1,1,0,1,0,1,1,0,1,1,1,0,1,0
5077,1,0,1,1,0,1,0,0,1,1,0,0,1,0,0,0,1,0,1,0,1,0,0,1,1,1,1,0,0,1,1,0,1,1,0,1,1,1
5078,0,0,1,1,0,1,0,1,1,1,1,1,1,1,1,0,1,1,1,1,0,1,0,0,1,0,0,1,1,0,0,0,1,1,1,1,0,1
5080,0,0,1,1,0,1,0,1,0,0,0,0,0,0,1,1,1,0,1,0,1,1,1,1,1,0,0,1,1,1,0,0,1,1,0,0,0,1
5081,1,1,0,0,1,1,0,0,1,1,0,0,0,1,1,0,1,0,0,1,1,1,1,1,1,1,1,0,1,1,0,1,1,0,1,1,1,0
5083,0,1,0,1,0,1,0,0,1,1,0,0,1,0,1,0,0,0,0,1,0,1,0,1,1,0,1,1,1,1,1,0,1,0,1,0,0,1
5084,0,1,0,1,0,1,1,0,1,1,1,1,0,0,1,0,0,0,1,1,1,1,1,0,0,1,0,0,1,0,0,1,1,1,1,1,0,1
5085,0,1,0,1,0,1,0,0,1,1,1,0,0,0,0,0,1,0,1,0,1,1,1,1,0,1,1,1,1,0,1,1,1,1,1,0,1,0
5086,1,1,0,0,0,0,1,0,1,1,1,0,0,1,1,0,1,0,1,0,0,1,0,1,1,0,1,0,0,1,1,1,1,1,1,1,1,1
5087,1,1,1,0,0,0,0,1,0,0,0,1,0,1,1,1,1,0,0,1,1,1,1,1,0,0,1,1,0,0,1,1,1,0,0,1,1,1
5088,0,1,0,1,1,0,0,1,1,1,1,1,1,1,1,1,0,0,0,1,1,1,0,1,1,1,1,1,1,1,1,1,0,1,1,1,1,1
5090,1,1,0,0,1,0,1,1,1,0,1,0,0,1,1,1,0,1,1,0,0,0,1,0,1,0,1,0,1,1,0,1,1,1,1,1,0,0
5092,0,1,1,1,1,1,1,0,1,0,0,1,1,1,1,1,1,1,1,1,1,1,1,1,1,0,1,1,0,1,1,1,1,1,1,1,0,0
5093,0,1,1,0,0,0,1,1,1,0,1,0,0,0,0,1,1,1,0,1,0,1,0,1,1,1,1,1,1,1,1,1,1,1,1,1,1,1
5094,0,0,1,0,0,1,1,0,1,1,1,1,0,1,0,0,1,1,1,1,1,1,1,1,1,1,1,0,1,1,0,1,1,1,1,1,1,0
5095,1,1,0,0,1,0,1,0,1,0,0,1,0,0,1,1,0,0,0,1,1,1,1,1,1,1,1,1,1,1,1,1,1,1,1,1,1,1
5096,0,1,0,1,0,0,0,0,1,1,0,0,1,0,1,1,1,1,0,1,0,1,0,0,1,0,1,1,1,0,1,1,0,0,0,1,1,1
5098,0,1,0,1,0,1,1,0,1,0,1,0,0,0,1,0,0,1,0,1,1,1,1,0,1,1,1,1,1,1,1,1,1,0,1,1,1,1
5099,0,1,0,0,1,0,1,1,0,0,1,1,0,1,0,0,0,0,0,1,1,0,1,1,1,1,0,1,0,1,1,0,1,1,0,1,1,0
5100,0,1,0,1,0,1,0,0,1,0,1,0,0,0,1,1,1,1,1,0,1,1,1,0,1,0,1,1,1,0,1,1,1,1,1,1,1,0
5101,1,1,1,1,1,0,0,0,1,0,1,0,0,1,1,1,1,0,0,1,1,1,0,1,0,0,1,1,1,1,1,1,1,1,1,1,1,1
5102,0,1,0,0,1,1,0,0,1,1,1,1,0,1,1,0,1,0,0,1,1,1,1,1,0,0,1,1,1,1,1,1,1,1,1,1,1,1
5103,0,1,1,0,0,1,1,0,0,0,0,1,1,1,0,1,1,0,1,1,0,1,1,0,0,0,1,0,0,1,0,0,1,0,1,1,0,1
5104,1,0,0,1,0,1,0,1,0,0,0,1,1,1,0,0,0,1,0,0,1,1,0,1,1,0,0,0,1,0,1,1,0,0,0,1,0,0
5105,1,1,0,0,0,1,0,0,0,0,1,1,0,0,0,1,1,1,0,0,1,1,0,0,0,0,0,1,1,1,0,1,0,0,1,1,1,0
5106,0,1,0,0,0,0,1,1,0,1,1,0,1,1,1,0,1,0,1,0,1,1,1,1,1,1,1,1,1,1,1,1,1,1,1,1,1,1
5107,1,1,0,1,0,0,1,0,0,0,0,0,1,1,1,1,1,0,1,1,1,1,1,1,0,1,0,0,1,0,1,0,0,1,0,1,1,0
5108,0,1,1,0,1,1,1,1,1,1,1,0,1,0,1,0,0,0,1,1,1,1,1,1,1,0,1,1,1,1,0,1,1,1,1,0,1,1
5109,0,1,0,0,0,1,0,0,1,1,1,1,0,0,1,1,1,1,0,0,1,1,0,1,0,1,0,0,1,1,1,0,1,1,1,1,1,0
5111,1,0,1,1,1,0,1,1,0,0,0,0,1,1,1,1,1,1,1,0,1,0,1,0,1,0,0,1,0,0,1,1,0,1,0,0,0,0
5112,1,1,0,0,1,0,1,0,0,1,1,1,1,1,0,1,1,1,0,1,1,1,1,1,0,1,1,1,1,0,1,1,1,1,1,1,1,1
5114,0,1,0,0,0,0,0,0,1,1,0,0,0,1,1,1,1,0,0,0,1,1,1,1,1,1,1,1,0,1,0,1,1,0,1,1,1,1
5116,1,1,0,0,0,0,1,0,1,1,1,0,0,1,0,0,0,0,0,1,1,1,1,0,1,0,1,1,1,1,1,0,1,1,1,1,1,1
5117,0,1,1,1,1,0,0,0,0,1,1,0,1,0,0,1,0,0,0,1,0,0,1,1,1,1,1,1,1,1,1,0,1,0,1,0,1,1
5119,1,1,0,1,0,1,0,1,0,0,1,1,1,1,1,0,0,0,1,1,1,1,1,0,1,1,1,1,1,1,1,1,1,1,1,1,1,1
5120,0,1,0,1,1,0,0,0,1,1,1,0,0,1,1,1,0,0,0,1,0,1,0,1,1,0,0,0,0,1,0,0,0,1,0,0,1,1
5201,0,1,0,1,0,1,1,0,1,0,1,1,1,0,1,0,1,0,0,1,1,0,1,1,1,0,1,0,1,1,1,0,1,1,1,0,1,0
5202,1,1,0,1,0,0,1,0,1,0,0,0,0,1,0,1,1,0,0,1,1,1,1,1,1,0,0,0,0,0,1,0,0,1,1,1,1,1
5203,1,1,1,0,0,1,0,0,1,0,1,0,1,1,0,0,1,0,0,1,1,1,1,1,1,1,1,1,0,0,1,1,0,0,1,0,1,1
5204,0,1,0,1,0,1,1,1,0,0,1,0,1,1,0,1,1,1,1,1,1,1,0,1,1,1,0,0,1,0,1,1,0,1,0,1,1,1
5205,1,1,0,0,1,0,1,0,1,1,0,0,0,1,0,1,0,0,1,1,1,1,1,1,1,1,0,1,1,1,1,1,1,1,1,1,1,1
5206,1,1,0,1,1,0,1,0,1,0,0,0,1,0,1,1,1,0,0,1,0,1,0,1,1,0,0,1,1,0,1,0,1,1,1,1,1,0
5209,0,1,1,1,1,1,1,1,1,0,1,1,0,1,1,0,1,0,0,0,1,1,1,1,1,1,1,0,1,1,1,1,1,1,1,1,1,0
5210,1,0,0,1,1,1,1,0,1,0,1,0,1,1,1,1,1,0,1,1,1,1,1,1,1,0,0,0,0,0,0,0,1,1,1,1,1,0
555518,1,0,0,0,1,1,1,0,0,1,0,1,1,1,1,0,0,0,1,1,0,0,1,0,0,1,1,0,1,1,1,1,0,1,0,0,1,0
6101,1,0,0,0,0,0,1,0,1,1,0,0,0,1,1,1,1,0,1,1,1,1,1,0,0,0,1,0,0,0,1,0,1,1,1,1,0,1
6102,0,1,0,0,0,0,0,0,0,0,1,0,0,1,0,1,1,1,1,0,0,0,1,0,0,1,0,0,0,0,1,1,1,0,0,1,1,1
6103,1,1,1,1,1,0,0,0,0,0,1,0,1,1,1,1,0,0,1,1,1,1,1,0,1,1,1,0,1,1,1,1,1,1,1,1,0,1
6104,0,1,0,1,0,0,1,0,1,0,0,1,1,0,1,0,1,0,0,1,0,1,1,1,1,0,1,0,1,1,0,1,1,0,0,0,1,1
6105,1,1,0,0,1,1,0,0,0,1,1,0,0,0,0,0,1,1,0,0,1,1,1,1,1,1,0,0,1,0,1,0,0,1,0,0,0,0
6107,0,0,0,1,1,0,1,1,1,1,0,1,0,0,1,1,1,1,1,1,1,1,1,1,1,0,0,1,0,0,0,1,1,1,0,0,0,1
6111,1,1,1,0,1,1,0,0,1,0,1,1,1,1,1,1,0,1,0,1,1,1,0,0,1,0,1,1,1,1,0,0,0,1,0,0,0,1
6112,1,1,0,1,1,0,1,0,0,0,1,1,1,1,0,0,0,0,0,1,0,1,0,0,1,1,1,1,0,1,1,1,1,1,1,1,1,1
6113,1,1,0,1,1,0,1,1,1,0,1,0,1,0,1,0,0,0,0,1,1,0,1,1,1,1,1,1,1,0,0,1,0,0,1,0,0,1
6114,1,1,1,0,1,1,1,1,0,0,1,0,1,1,1,0,0,1,0,1,0,0,0,0,1,1,0,0,1,0,0,1,1,0,1,0,1,1
6115,1,1,0,1,1,1,0,0,0,0,1,0,1,0,1,1,1,1,1,1,1,1,0,1,0,1,0,0,1,0,1,0,1,1,1,1,0,1
6116,1,1,0,0,0,0,0,0,0,0,0,0,0,0,0,0,1,1,0,0,1,0,1,1,1,1,1,1,0,1,0,1,0,1,1,1,0,1
6117,1,1,1,1,1,1,1,1,0,0,1,1,0,1,0,1,0,0,1,1,0,1,1,1,1,1,1,0,1,1,1,0,1,0,1,0,1,1
6118,0,1,0,1,1,1,0,1,0,0,1,1,1,0,1,0,1,0,0,1,0,1,0,1,1,1,1,0,1,1,1,1,1,1,0,1,1,1
6120,1,0,1,0,1,1,0,0,1,0,0,0,0,0,1,0,0,1,0,1,0,0,0,1,0,1,0,0,1,0,0,1,0,0,1,1,1,0
6122,1,1,1,1,1,1,1,1,1,0,0,0,0,0,1,0,1,0,1,0,0,1,1,0,0,0,0,1,0,1,1,1,1,1,0,0,1,1
6124,0,1,1,1,1,1,1,1,1,1,0,0,1,0,0,1,1,1,0,1,0,0,1,1,1,0,1,0,0,0,0,0,1,1,1,1,1,0
6125,0,1,1,0,1,1,1,1,1,0,1,1,0,1,0,1,0,0,1,1,1,1,0,1,0,1,1,0,1,1,0,0,0,0,1,1,0,0
6126,1,1,0,1,1,0,1,1,1,0,1,0,1,1,0,1,0,1,0,0,0,1,1,1,0,1,0,1,0,0,1,1,0,0,0,1,1,1
6127,1,1,0,1,1,1,0,0,0,0,0,1,1,0,1,0,1,1,1,0,1,1,1,0,0,1,1,1,1,0,0,1,0,1,0,0,1,1
6128,1,1,0,1,0,0,1,0,0,1,1,1,1,1,0,0,1,1,0,0,1,0,1,0,1,1,1,1,1,1,1,0,0,0,0,1,0,0
6129,1,1,0,0,1,0,1,0,0,0,0,1,0,0,1,1,0,1,1,1,0,1,1,0,1,0,0,1,1,1,1,1,1,1,0,1,0,1
6130,1,1,1,0,0,1,1,0,1,0,0,0,1,0,1,0,0,0,1,1,0,0,0,0,1,0,1,1,1,0,1,1,0,1,1,0,0,0
6131,0,1,1,1,1,0,1,0,1,0,0,0,0,1,0,0,1,0,0,0,0,1,0,1,1,0,0,0,1,1,1,0,0,1,1,1,1,0
6132,1,1,0,0,1,1,0,1,0,1,1,0,1,0,0,1,0,1,0,0,0,1,1,1,0,1,1,0,1,1,1,0,1,0,1,1,1,0
6133,0,1,0,1,1,0,0,1,1,0,1,1,0,1,0,0,1,0,0,0,1,1,0,1,0,1,0,0,0,1,0,1,1,0,1,1,1,1
6134,1,0,1,0,1,,,0,0,0,,,,,0,,1,1,0,,,0,,,,,,,,,,,,,,,,
6135,0,1,0,0,1,0,1,1,0,1,1,0,1,0,0,0,0,1,1,1,1,1,1,1,0,1,1,1,0,1,1,0,0,1,0,1,0,1
6136,0,1,0,1,0,0,1,1,0,0,0,1,0,0,1,1,0,0,1,0,1,0,1,1,1,1,1,1,1,0,1,1,0,0,0,1,1,1
6137,1,0,1,0,0,0,0,0,1,1,0,1,1,0,1,0,1,0,1,0,1,1,0,1,0,0,0,0,0,1,0,1,1,1,0,1,1,0
6138,0,1,0,0,1,0,1,0,0,1,1,1,1,0,0,0,1,1,0,0,1,1,1,1,0,1,1,1,0,1,1,0,0,1,1,1,1,0
6139,1,1,0,0,0,1,1,1,1,0,1,0,0,1,0,1,1,1,1,0,1,1,1,0,1,1,1,0,1,1,1,0,0,0,1,0,0,1
6140,1,1,0,0,0,1,1,0,1,1,1,0,1,1,1,0,1,1,1,0,1,1,0,1,1,1,1,0,0,1,1,1,1,0,1,1,0,0
6203,1,1,0,0,1,1,0,1,1,0,1,0,0,1,0,1,0,0,1,0,1,1,1,0,1,0,1,1,0,0,1,0,1,1,1,0,1,1
6204,0,0,1,1,1,1,1,1,1,1,1,0,0,1,0,0,0,1,1,1,0,0,0,0,1,1,1,0,1,0,0,1,1,1,1,0,0,1
6205,1,1,1,0,0,1,1,0,1,1,1,1,0,0,0,0,0,1,1,1,0,1,0,1,1,1,1,0,1,1,0,1,1,0,0,0,1,1
6206,0,0,1,1,1,1,1,0,1,1,0,0,1,1,1,0,1,0,0,0,1,1,0,1,1,0,0,1,0,1,1,1,1,1,1,1,1,1
6207,0,1,0,1,1,0,0,0,0,0,1,0,0,0,1,0,0,0,0,1,1,1,0,0,1,0,1,1,1,0,1,1,1,1,0,1,1,0
6208,0,1,1,1,0,0,0,0,1,1,0,1,0,0,1,1,1,0,1,0,1,1,1,1,1,0,1,0,1,1,1,0,1,0,1,1,1,0
6213,0,0,0,0,1,1,0,0,0,0,0,1,1,0,1,1,0,0,1,0,1,1,0,1,0,0,1,0,0,1,0,0,0,1,1,1,0,1
6214,0,0,0,1,1,1,1,1,1,1,1,0,1,1,1,1,1,0,1,1,1,1,1,1,1,1,1,1,0,0,1,1,1,0,1,0,0,1
6215,1,0,1,1,1,1,1,0,0,1,0,1,1,1,1,1,1,0,1,1,0,1,1,1,1,1,1,0,0,1,1,1,0,0,1,1,1,1
6217,1,1,0,1,1,1,1,0,1,0,1,0,1,1,1,1,1,1,0,1,1,1,1,1,1,0,0,1,1,0,1,1,1,0,1,1,1,0
6218,0,0,1,0,0,0,1,1,1,0,0,0,0,1,1,0,0,0,0,0,0,1,1,1,0,1,1,0,0,1,1,1,1,0,1,0,0,1
6219,0,1,1,1,0,0,1,1,0,0,1,1,0,0,1,1,1,1,1,1,1,0,0,1,1,1,0,1,1,0,0,1,1,0,0,0,0,0
6221,1,0,,0,,,1,0,,,0,,1,0,0,0,1,0,1,1,1,0,,,,,,,,,,,,,,,,
6224,1,1,1,0,0,0,1,0,0,0,1,1,0,1,1,0,1,0,0,1,0,0,0,0,1,0,0,0,0,1,0,1,1,0,1,1,0,0
6228,0,0,0,1,1,0,0,1,1,0,1,1,1,1,1,0,0,1,1,0,1,1,0,1,0,1,1,0,1,1,0,0,0,0,0,0,0,1
6231,1,1,0,1,1,1,1,1,0,0,1,0,0,1,0,0,1,1,0,0,0,0,1,1,1,0,1,1,1,0,1,1,0,1,1,1,1,0
6245,0,1,0,1,1,1,1,0,1,1,1,0,0,1,1,1,1,1,0,1,1,1,1,1,1,1,1,1,1,1,1,1,0,1,1,1,1,1
6246,0,1,0,1,1,1,1,1,1,1,0,0,1,1,0,1,1,1,1,0,1,1,0,1,1,0,1,1,1,1,1,1,1,1,1,1,1,1
6247,0,1,0,1,1,1,0,1,1,1,1,0,1,1,1,1,1,1,0,0,1,1,1,1,1,1,1,1,1,1,0,1,1,0,1,1,1,1
6250,1,1,1,0,1,1,1,0,1,0,1,1,1,0,1,1,1,0,0,1,1,1,0,0,0,1,1,0,1,0,1,1,1,0,1,1,1,1
6251,1,0,1,1,0,0,1,0,1,0,1,1,1,1,1,0,1,0,1,1,1,1,1,0,0,1,1,1,1,0,1,1,1,1,0,1,1,1
6253,0,1,1,1,0,1,0,1,1,1,1,0,1,0,0,1,1,1,0,1,0,1,1,1,1,1,1,1,1,1,0,1,1,1,1,1,1,1
6255,1,1,0,0,0,1,1,1,1,1,1,1,1,1,1,0,1,1,0,1,1,1,0,0,1,1,1,0,0,0,1,1,1,1,1,0,0,0
6258,0,1,0,0,1,1,1,1,1,1,0,1,0,1,1,0,1,0,1,0,0,1,1,1,1,1,1,1,1,1,1,0,0,1,1,0,1,1
6259,1,1,1,0,1,0,1,1,1,1,1,1,0,0,1,1,1,1,0,0,1,1,1,1,0,0,1,1,1,0,0,0,1,0,1,1,1,1
6261,1,1,1,1,0,0,1,1,0,0,1,0,0,1,0,1,1,1,1,1,1,1,1,1,1,1,1,1,1,1,1,0,0,1,1,1,1,0
6262,0,0,1,0,1,1,1,1,0,0,0,1,0,1,1,0,0,1,1,1,0,0,1,0,0,0,1,0,1,1,1,1,0,0,0,0,0,1
6263,1,1,0,0,1,0,0,0,0,1,1,0,1,0,1,1,1,0,0,1,0,1,1,1,0,0,1,0,0,0,0,1,1,1,1,0,1,1
7324,1,1,0,0,1,0,1,0,0,0,1,1,1,1,1,1,1,0,0,1,0,0,0,1,1,1,1,1,1,0,0,0,1,0,1,1,1,0
BL102,1,1,0,0,1,0,0,1,1,1,0,0,1,1,1,0,1,1,1,1,0,0,1,0,0,1,0,0,1,1,0,0,1,1,0,0,0,1
BL104,0,0,0,0,0,0,0,0,1,0,1,0,0,1,1,0,1,1,0,0,1,1,1,0,1,0,0,1,1,0,1,0,0,1,1,0,0,0
BL105,1,1,0,0,1,0,0,1,1,1,0,0,0,0,1,1,1,0,1,1,1,1,1,1,1,1,0,1,0,1,1,1,1,1,1,1,1,1
BL110,0,1,0,1,0,1,1,0,1,1,1,0,0,0,1,0,0,0,0,1,1,1,1,0,1,0,1,1,1,1,1,0,1,1,1,0,0,1
BL112,0,1,1,1,1,1,1,0,1,1,1,1,1,1,1,0,0,0,1,0,1,1,1,1,0,1,1,0,1,1,0,0,1,0,0,0,0,1
BL117,1,1,0,0,0,0,1,0,1,0,0,0,1,1,0,1,1,1,0,1,1,1,1,1,1,1,1,1,1,1,1,1,1,0,1,1,1,1
BL119,1,1,0,1,1,0,1,1,1,1,1,0,0,1,0,1,1,1,0,0,0,1,1,1,1,1,1,0,1,1,1,1,1,0,1,1,1,1
BL123,0,1,1,0,0,1,1,0,1,1,1,0,1,0,1,1,1,1,1,1,1,1,0,1,1,1,1,1,1,1,0,1,1,1,1,1,1,1
BL124,0,1,1,0,1,1,0,1,1,0,0,0,0,0,0,0,0,0,0,0,1,1,0,1,1,0,1,1,1,0,1,0,0,0,1,0,1,0
BL125,1,1,0,1,0,0,1,0,1,1,1,1,0,0,1,0,1,0,0,0,1,1,1,0,1,0,0,0,1,0,1,0,1,1,1,0,1,1
BL126,0,1,0,1,0,1,1,1,1,1,1,0,1,1,1,1,0,0,1,1,1,1,1,1,0,1,1,0,1,1,1,0,1,1,1,1,1,1
BL127,1,1,0,0,1,1,0,0,0,0,1,1,0,1,1,1,1,0,1,0,1,0,1,1,1,1,0,1,1,1,1,1,1,0,1,0,1,1
BL129,1,1,0,0,1,1,1,0,1,1,1,1,0,1,0,1,1,0,1,1,1,1,1,0,1,1,1,0,1,1,0,1,0,1,1,1,0,1
BL130,0,1,0,1,1,1,1,0,1,1,0,0,1,1,1,0,1,1,0,0,1,1,1,1,1,0,0,1,0,0,1,0,1,1,1,1,1,0
BL131,0,1,0,0,1,1,0,0,1,0,1,1,1,1,0,0,1,0,0,1,1,1,1,1,1,1,0,1,1,1,1,0,1,0,1,0,1,0
BL132,0,1,0,0,0,1,1,0,1,0,1,1,1,0,1,0,1,0,0,0,1,1,1,1,1,1,0,1,1,1,1,1,1,1,1,1,1,1
BL133,0,0,0,0,1,0,1,1,1,1,1,0,1,1,1,1,1,1,0,1,1,1,1,1,0,1,1,1,0,1,1,1,1,1,1,0,1,1
BL134,0,1,1,0,0,1,1,0,1,0,1,0,1,0,1,1,1,1,0,0,1,1,1,0,1,1,0,1,1,1,0,1,1,1,1,1,1,1
BL135,0,1,1,0,1,0,1,0,1,0,1,1,1,1,0,1,1,1,0,1,1,1,0,1,1,1,1,0,0,1,1,1,0,1,1,1,1,1
BL136,1,1,0,1,0,0,0,1,0,0,0,0,1,0,0,1,0,0,0,1,1,1,1,0,1,0,1,1,1,1,0,1,1,1,1,0,1,0
BL137,1,0,0,0,0,0,0,1,0,1,1,0,1,1,0,1,0,1,1,0,1,0,1,0,0,1,1,0,0,0,1,1,1,1,0,1,1,1
BL138,1,1,1,0,0,0,1,0,1,0,1,0,1,0,1,1,0,1,0,1,0,1,1,1,1,1,1,1,1,1,1,1,0,1,1,0,1,0
BL140,1,0,1,1,0,1,1,0,1,0,1,1,1,0,1,1,1,0,1,1,1,1,1,0,0,0,0,0,1,1,0,1,1,0,1,0,1,0
BL142,0,1,1,0,1,1,1,0,1,1,1,1,0,0,1,0,1,0,1,1,1,1,1,1,1,1,1,1,1,1,1,1,1,1,1,1,1,0
BL143,1,0,0,1,0,0,1,0,1,0,1,0,0,1,1,0,1,0,1,0,1,1,1,0,1,1,0,1,0,0,0,1,1,1,1,1,0,1
BL145,0,1,0,0,0,1,0,0,0,1,1,0,1,1,1,0,1,0,1,0,0,1,0,1,1,1,1,0,1,0,1,1,1,1,1,1,1,1
BL146,1,1,1,0,0,1,1,0,1,1,0,1,1,1,1,0,1,1,0,1,0,1,1,1,1,0,1,1,1,0,1,1,1,1,1,0,1,1
BL148,1,1,0,1,1,1,1,1,1,1,1,1,1,1,1,0,1,1,1,1,1,1,1,1,1,1,1,0,1,1,0,1,0,1,1,1,1,1
BL149,1,1,1,0,0,0,1,0,0,1,0,1,0,0,1,1,1,1,1,1,1,1,0,0,1,0,1,0,1,1,0,0,0,0,0,0,1,1
BL150,0,0,0,1,1,1,1,0,1,0,0,1,0,0,1,1,1,0,0,1,0,1,0,1,1,0,0,0,1,1,0,0,1,1,0,1,1,0
BL151,0,1,0,0,1,0,0,0,1,0,1,1,0,1,0,0,1,0,1,1,0,1,0,0,1,0,1,0,1,0,1,0,1,0,1,0,1,0
BS102,1,1,1,1,1,1,0,0,1,0,0,0,0,0,0,0,1,1,0,0,1,1,0,1,0,0,0,1,0,1,1,0,1,0,1,0,1,0
BS103,0,1,0,0,1,1,1,1,0,0,0,0,1,0,0,0,1,1,0,0,0,0,1,1,1,0,0,0,0,1,1,1,0,0,1,0,1,0
BS104,0,1,0,1,0,1,1,1,1,0,1,1,1,0,0,1,0,0,0,1,1,0,1,0,1,0,1,1,1,1,0,1,1,1,1,1,1,1
BS105,0,1,0,0,0,1,1,1,1,1,0,0,0,0,1,1,1,1,0,1,0,1,0,1,1,1,0,0,1,1,1,1,0,1,1,1,1,1
BS106,1,1,0,1,1,1,0,1,1,1,0,1,0,1,1,1,1,0,1,0,1,1,1,0,1,0,1,1,1,1,0,1,1,0,0,1,1,1
BS107,1,1,0,0,1,1,0,1,0,0,0,0,1,1,0,1,0,0,1,0,0,1,1,0,1,1,1,0,0,1,0,1,1,0,1,1,1,1
BS108,0,1,1,1,1,1,1,0,0,0,1,1,0,0,1,0,0,1,0,0,1,1,1,1,1,1,1,1,0,0,1,0,1,1,0,1,1,0
BS109,1,1,0,0,0,0,0,0,1,0,1,1,1,0,1,0,1,1,0,1,0,1,1,0,0,1,0,1,1,1,1,1,1,1,1,0,1,1
BS110,0,0,1,1,0,0,1,1,1,0,1,0,0,0,1,0,0,1,0,0,0,1,0,0,0,0,1,0,0,1,0,1,1,0,1,0,1,1
BS111,1,1,0,1,1,1,1,0,0,0,1,0,1,0,1,1,1,1,1,0,1,1,1,0,1,0,0,0,0,0,0,0,1,1,0,1,0,0
BS112,0,0,1,0,0,0,0,1,1,0,1,1,0,1,0,1,1,1,1,0,0,1,1,0,0,1,1,0,1,0,0,0,1,1,0,1,1,1
BS113,0,1,0,0,1,1,1,1,0,1,0,1,0,1,0,0,0,1,0,0,0,0,0,0,1,0,1,0,0,0,1,1,1,1,1,1,0,1
BS114,0,1,0,0,1,1,1,1,1,0,0,0,0,0,1,1,1,1,0,1,1,1,0,0,1,1,0,0,1,1,1,0,1,1,0,0,0,1
BS115,0,1,1,1,0,1,1,0,1,0,1,0,0,1,1,1,1,1,1,0,1,1,1,0,0,0,0,1,0,1,0,1,1,0,0,0,0,0
EEG003,1,1,1,1,1,1,1,0,1,0,0,0,0,1,0,0,1,0,0,1,1,1,0,1,1,0,0,1,1,1,1,1,1,1,1,1,1,1
EEG004,1,1,0,0,1,0,1,0,0,1,0,1,1,0,1,0,1,0,1,1,0,1,0,0,1,0,1,1,0,1,0,1,1,1,1,0,0,1
EEG011,1,1,0,0,1,0,1,1,1,0,1,0,0,0,1,1,1,0,0,0,1,1,0,0,1,1,0,1,0,1,1,0,0,0,1,1,1,0
EEG014,0,0,0,0,1,0,1,0,0,1,0,0,1,0,1,1,0,1,0,1,1,1,1,1,1,1,0,1,1,0,1,1,1,0,1,1,1,1
EEG019,1,1,1,1,1,1,0,1,1,0,0,1,0,0,0,1,1,0,1,1,0,1,0,0,0,1,0,0,1,1,1,1,1,1,1,1,1,0
EEG023,1,1,0,0,0,0,1,1,1,0,0,0,0,0,1,0,1,0,1,0,1,0,0,0,0,1,1,0,1,1,1,1,0,0,1,1,1,0
EEG024,1,1,1,0,1,0,1,0,1,1,0,0,1,1,1,1,1,0,0,1,1,1,1,1,1,1,1,0,1,1,1,1,1,0,1,1,1,1
EH7WG0,0,0,1,1,0,0,1,0,1,1,0,0,1,0,0,1,0,0,0,0,1,0,1,0,1,1,1,0,1,0,1,0,1,1,1,1,1,0
ID103,0,1,0,1,1,1,0,1,1,1,1,1,1,1,1,1,1,0,0,1,1,1,1,1,1,1,1,0,1,1,1,1,1,1,1,1,1,1
ID115,1,0,1,0,1,0,0,1,1,1,1,1,1,0,1,0,0,0,1,0,0,1,1,0,1,0,0,1,0,0,0,0,0,1,1,1,0,1
ID116,1,1,1,1,1,0,0,1,1,0,0,0,1,1,1,0,1,1,1,1,0,1,0,1,1,1,0,1,1,0,1,0,1,0,1,0,1,0
ID117,1,0,1,0,0,0,0,1,0,1,0,1,1,0,0,0,1,1,0,0,0,0,0,1,1,1,0,0,1,0,0,1,0,1,0,0,1,1
ID120,1,0,1,0,1,0,1,1,0,1,1,1,0,1,1,1,1,1,1,1,0,0,0,0,0,1,0,0,1,0,1,0,1,0,1,1,0,1
ID121,0,1,0,0,1,0,1,1,0,1,1,1,1,0,1,1,1,0,1,1,0,1,1,1,1,0,0,1,1,1,0,0,0,0,0,0,1,0
ID122,1,1,1,0,0,0,0,0,0,1,1,0,1,0,0,1,0,0,1,0,1,1,1,0,0,0,1,0,0,1,0,0,1,1,1,0,1,1
ID123,0,1,1,0,1,0,0,0,1,1,0,0,0,1,0,0,0,1,0,1,0,0,1,1,0,0,1,0,0,0,0,1,1,1,0,1,0,0
ID124,0,0,0,0,0,0,0,0,0,1,0,0,0,0,1,1,0,0,1,0,0,0,0,0,1,1,1,0,0,1,1,0,1,0,0,1,1,0
KO101,1,0,0,1,1,1,1,0,1,0,0,1,1,1,0,0,0,1,1,1,1,1,0,1,1,0,0,1,1,0,0,0,0,0,0,1,1,1
KO102,0,1,1,0,0,1,0,0,1,0,1,0,0,0,0,1,1,0,0,0,1,1,1,1,1,1,0,1,1,1,0,1,1,1,1,1,1,1
KO103,1,0,0,1,1,1,0,1,1,1,1,0,1,1,0,1,1,0,1,0,1,1,1,0,0,0,0,0,0,1,1,1,1,1,1,0,1,1
KO104,1,1,0,1,1,0,1,1,1,1,1,1,1,1,0,0,1,1,0,1,1,1,1,1,1,1,1,1,1,1,1,1,0,1,1,1,1,0
KO105,0,0,0,0,1,1,0,1,1,0,0,1,1,1,0,0,1,1,1,1,1,1,1,0,1,0,0,0,0,0,0,0,1,1,1,0,1,0
KO106,0,0,0,0,1,1,1,0,1,1,1,1,1,1,1,1,1,0,0,1,1,1,0,1,1,1,1,1,1,1,1,0,1,1,1,1,1,0
KO107,0,1,0,0,1,1,1,0,1,1,1,0,0,0,0,0,1,1,0,0,0,1,0,1,0,0,0,1,0,1,0,1,0,0,1,1,0,1
KO109,0,0,1,1,1,0,0,0,0,0,0,0,1,0,1,1,0,1,0,1,1,1,0,1,1,0,1,0,1,0,1,1,1,0,0,0,1,0
KO110,0,1,0,0,1,0,1,1,1,1,1,1,0,1,1,0,1,0,0,1,1,1,0,1,1,0,1,0,0,1,1,1,0,1,0,1,0,1
KO111,0,1,0,0,1,0,0,1,1,0,0,1,0,0,1,1,1,1,1,1,1,1,0,1,1,0,0,1,0,0,1,0,0,0,0,0,0,1
KO112,1,1,0,0,0,1,0,0,1,0,0,1,1,0,0,1,1,0,0,1,1,1,0,1,0,1,1,1,1,0,1,1,1,0,1,0,0,1
KO115,0,0,1,1,1,1,1,0,1,0,1,1,0,0,1,1,1,1,0,0,0,0,0,0,0,1,0,0,0,0,0,1,0,1,0,0,1,1
KO116,0,1,1,0,0,1,1,1,1,0,1,0,1,1,1,1,0,1,1,1,0,0,1,1,1,0,1,0,1,0,0,1,1,1,0,0,0,0
KO118,1,1,0,1,0,0,1,1,0,1,1,1,0,0,0,0,1,1,1,0,1,1,0,1,1,1,0,0,1,0,1,1,1,1,0,1,1,0
KO119,1,1,1,0,1,1,1,1,1,1,0,1,1,0,1,1,0,1,1,1,0,1,1,0,1,0,1,0,1,1,1,1,1,1,0,1,0,0
KO120,1,0,1,1,1,1,1,1,1,1,0,1,0,1,0,1,1,1,1,1,1,0,0,1,1,0,1,0,1,1,0,1,0,1,1,1,1,1
KO121,0,0,1,0,1,1,0,1,0,1,0,0,1,1,1,1,0,1,1,0,1,1,1,1,0,0,0,1,0,0,1,1,0,0,1,1,1,0
KO123,0,0,0,0,1,1,1,1,0,1,1,0,0,0,1,1,0,1,1,1,1,0,1,1,0,1,0,0,1,1,0,1,1,0,1,0,1,0
KO125,1,0,0,0,0,0,1,0,0,1,1,0,1,1,0,0,0,1,0,1,0,1,0,0,0,1,1,0,1,0,0,0,1,1,0,1,0,0
KO126,1,0,0,0,1,0,0,1,1,1,0,0,0,0,1,0,0,1,1,0,0,0,1,1,0,1,1,0,1,1,1,1,1,0,1,1,1,0
KO127,0,0,0,1,1,1,1,1,1,1,1,1,1,0,1,0,1,1,1,1,1,1,1,0,1,1,0,0,0,1,0,1,1,0,1,0,1,0
LA101,0,1,0,0,0,1,0,0,1,0,1,0,0,1,0,1,1,1,1,0,1,1,1,0,1,0,1,0,0,1,1,0,0,0,1,1,1,1
LA102,1,1,0,0,0,0,1,0,0,0,1,0,0,0,1,0,1,0,0,1,1,1,0,1,0,0,0,1,1,0,1,1,1,0,1,0,0,1
LA103,0,1,0,0,0,1,0,0,1,0,1,0,1,0,1,0,1,1,0,1,1,0,1,0,1,0,0,0,0,1,0,0,0,0,1,0,1,0
LA106,1,0,0,1,1,0,0,1,1,0,0,0,0,0,1,0,1,0,1,1,1,1,0,1,0,1,0,1,1,1,0,0,1,0,1,0,0,0
TB102,0,1,1,1,0,1,0,0,1,0,1,1,0,0,1,1,0,0,1,0,1,0,1,1,0,0,0,1,1,0,1,1,0,0,0,0,1,1
TB103,0,1,0,0,0,1,0,1,1,0,0,0,0,1,1,0,1,0,1,1,0,0,0,1,0,0,1,0,1,0,0,0,0,0,0,1,1,0
TB105,1,1,0,0,1,0,1,1,1,1,0,0,0,0,1,1,0,0,0,1,1,1,1,1,1,1,0,1,1,1,1,0,1,1,1,0,1,1
TB107,0,0,1,0,0,1,1,0,0,0,0,0,0,1,0,0,0,1,1,0,1,0,0,1,0,0,0,1,1,0,1,1,0,1,0,0,0,1
TB108,1,1,1,1,0,1,0,0,1,1,0,0,1,1,0,1,1,0,0,0,0,1,1,1,0,1,1,0,1,1,1,1,1,1,1,0,1,0
TB140,1,1,0,1,0,1,1,0,1,0,0,1,0,0,1,1,1,0,0,0,0,1,0,0,0,0,1,0,0,1,1,0,1,1,0,1,0,1
