ID,gramm_0,gramm_1,gramm_2,gramm_3,gramm_4,gramm_5,gramm_6,gramm_7,gramm_8,gramm_9,gramm_10,gramm_11,gramm_12,gramm_13,gramm_14,gramm_15,gramm_16,gramm_17,pragm_0,pragm_1,pragm_2,pragm_3,pragm_4,pragm_5,pragm_6,pragm_7,pragm_8,pragm_9,pragm_10,pragm_11,pragm_12,pragm_13,pragm_14,pragm_15,pragm_16,pragm_17,total
1001,1,0,1,1,1,1,1,1,1,1,0,1,0,1,1,0,0,,0,1,1,0,1,1,1,1,1,1,0,1,1,1,0,1,1,0,0.7058823529411765
1004,1,1,1,1,1,1,1,1,1,1,1,1,0,1,1,1,1,,1,0,1,1,1,1,1,1,1,1,1,1,1,1,1,1,0,1,0.9411764705882353
1103,1,1,1,1,1,1,1,1,1,1,0,1,1,1,1,0,0,,0,1,1,0,1,1,1,1,1,1,1,1,1,1,0,1,1,0,0.8235294117647058
113,1,1,1,1,1,1,1,1,1,1,1,1,0,1,1,1,1,,1,1,1,0,1,1,1,1,1,1,1,1,1,1,1,1,1,0,0.9411764705882353
1201,1,1,1,1,1,1,1,1,0,1,1,1,1,1,1,1,0,,1,1,1,1,1,1,1,1,1,1,1,1,1,1,1,1,1,1,0.8823529411764706
1203,1,1,1,1,1,1,1,1,1,1,1,1,1,1,1,1,0,,1,1,1,1,1,1,1,1,1,1,1,1,1,1,1,0,1,0,0.9411764705882353
1204,1,1,1,1,1,1,0,1,1,1,1,1,1,1,1,1,1,,0,1,1,1,1,1,1,1,1,1,1,1,1,1,0,1,1,1,0.9411764705882353
1205,1,1,1,1,0,1,1,1,1,1,1,1,1,1,1,1,1,,0,1,1,0,1,1,1,1,1,1,0,1,1,1,1,1,1,1,0.9411764705882353
1210,1,1,1,0,1,1,1,1,1,1,1,0,1,1,1,1,1,,1,1,1,0,1,1,1,1,1,1,1,1,1,1,1,1,0,0,0.8823529411764706
1211,1,1,1,1,1,1,1,1,1,1,1,1,1,1,1,0,0,,0,1,1,0,1,0,1,0,1,0,0,1,0,1,0,1,0,0,0.8823529411764706
1213,1,1,1,1,1,1,0,1,1,1,0,1,1,1,1,1,1,,1,0,1,0,1,1,0,1,1,1,1,1,1,1,1,1,0,1,0.8823529411764706
1214,1,1,1,1,1,1,1,1,1,1,1,1,0,1,1,0,1,,0,1,1,1,1,1,1,1,1,1,1,1,1,1,1,1,1,1,0.8823529411764706
1215,1,1,1,1,1,1,1,1,1,1,1,1,1,1,0,1,1,,0,0,1,0,1,1,0,1,1,1,0,1,1,1,0,0,1,1,0.9411764705882353
1304,1,1,1,1,1,1,1,1,1,1,1,1,0,1,1,1,0,,1,1,1,0,1,1,0,1,1,1,0,1,1,1,1,1,0,0,0.8823529411764706
1305,1,1,1,0,1,0,1,1,1,1,0,1,1,1,1,1,1,,1,1,1,0,1,1,1,1,1,1,1,1,1,1,1,1,0,1,0.8235294117647058
1306,1,1,1,1,1,1,1,1,1,1,1,1,1,0,1,1,1,,1,1,0,0,0,1,1,1,1,1,1,1,1,1,0,0,0,1,0.9411764705882353
1307,0,1,0,1,1,1,0,1,1,0,1,1,0,1,1,1,1,,0,1,1,1,1,1,1,0,1,1,1,0,1,1,1,0,0,0,0.7058823529411765
1310,1,1,1,1,1,1,1,1,1,0,0,0,1,1,1,0,1,,1,1,1,1,1,1,1,0,1,1,1,1,1,1,0,1,1,1,0.7647058823529411
1312,1,1,1,1,1,1,1,1,1,1,1,1,1,1,1,1,0,,0,1,0,0,1,1,0,0,1,1,0,1,0,1,0,0,0,0,0.9411764705882353
1313,1,1,1,1,1,1,1,1,1,1,1,1,0,1,1,1,1,,1,1,1,1,1,1,1,1,1,1,0,1,1,1,0,0,1,1,0.9411764705882353
1315,1,1,1,1,1,1,1,1,1,1,1,1,1,1,1,1,0,,1,1,1,1,1,1,1,0,1,1,1,1,1,1,1,0,1,0,0.9411764705882353
1316,1,1,1,1,1,1,1,1,1,1,1,1,0,1,1,1,1,,0,1,1,1,1,1,0,1,1,1,0,0,1,0,0,0,1,0,0.9411764705882353
1317,1,1,1,1,1,1,1,1,1,1,1,1,1,1,1,0,1,,1,0,1,1,1,1,1,0,1,1,0,1,1,1,0,1,1,0,0.9411764705882353
1321,1,1,1,1,1,1,0,1,1,1,0,1,1,1,1,1,1,,1,1,1,1,1,1,1,1,1,1,1,1,1,1,1,0,1,0,0.8823529411764706
1322,1,1,1,1,1,1,1,1,1,1,0,1,0,1,0,0,0,,0,1,1,0,1,1,1,0,1,1,0,1,1,1,1,0,1,1,0.7058823529411765
1323,1,1,1,1,1,1,1,1,1,1,1,1,1,1,0,1,1,,1,1,1,0,1,1,1,0,1,1,1,1,1,1,1,1,1,1,0.9411764705882353
1324,1,1,1,1,1,1,1,1,1,1,0,1,1,1,1,0,1,,0,1,1,1,1,0,1,1,1,1,1,1,1,1,1,0,0,0,0.8823529411764706
1328,1,1,1,1,1,1,0,1,1,0,1,1,0,1,1,1,1,,0,1,1,1,1,1,1,1,1,1,0,0,1,1,0,1,1,0,0.8235294117647058
1329,1,1,1,0,1,1,1,1,1,1,1,1,1,1,1,0,0,,1,1,1,1,1,1,1,1,1,1,1,1,1,1,1,1,1,1,0.8235294117647058
1332,1,1,1,1,1,1,1,1,1,1,1,1,0,1,1,1,1,,1,1,1,0,1,1,1,1,1,1,1,1,1,1,1,1,0,0,0.9411764705882353
1336,1,1,1,1,1,1,1,1,1,1,1,1,0,1,1,1,1,,1,1,1,1,1,1,1,1,1,1,1,0,1,1,0,0,1,0,0.9411764705882353
1337,1,1,1,0,1,1,0,0,0,0,1,1,1,0,0,0,1,,1,0,0,0,1,0,1,1,0,0,0,1,1,0,0,0,0,1,0.5294117647058824
1339,1,1,1,1,1,1,1,1,1,1,1,1,1,0,1,0,1,,1,0,1,0,1,1,0,1,1,1,1,1,0,0,0,0,0,0,0.8823529411764706
1341,1,1,1,1,1,1,1,1,1,1,1,1,0,1,1,0,1,,1,1,1,1,1,1,1,1,1,1,1,1,1,1,1,0,0,0,0.8823529411764706
1344,1,1,1,1,1,1,1,1,1,1,1,1,1,1,1,0,1,,1,1,1,1,1,0,0,1,1,1,1,1,1,1,0,0,0,1,0.9411764705882353
1347,1,1,1,1,1,1,1,1,0,1,1,1,1,1,1,1,1,,0,0,1,0,0,1,0,1,1,1,1,1,1,1,1,1,0,0,0.9411764705882353
1348,1,1,1,1,1,1,1,1,1,1,1,1,0,1,1,1,1,,1,1,1,0,1,1,1,1,1,1,1,1,1,1,0,1,1,0,0.9411764705882353
1349,1,1,1,1,1,1,1,1,1,1,1,1,0,1,1,0,1,,0,1,1,0,1,1,1,1,1,0,0,1,1,1,1,1,1,1,0.8823529411764706
135,1,1,1,1,1,1,1,1,1,0,1,1,1,0,1,1,1,1.0,1,0,1,1,1,1,0,1,1,1,1,1,1,1,0,1,1,1,0.8888888888888888
1350,1,1,1,1,1,1,0,1,1,1,1,1,1,1,1,1,1,,1,1,1,0,1,1,0,0,1,1,1,1,1,1,1,1,1,1,0.9411764705882353
1353,1,0,1,1,1,0,1,1,1,1,1,1,1,1,1,1,1,,1,1,1,1,1,1,0,1,1,1,1,1,0,1,1,1,1,0,0.8823529411764706
1356,1,1,1,1,1,1,1,1,1,1,1,1,0,1,1,1,1,,0,1,1,1,1,1,1,1,1,1,1,1,1,1,0,0,1,0,0.9411764705882353
1360,1,1,1,1,1,1,1,1,1,1,1,1,1,1,1,0,1,,1,1,1,1,1,1,0,1,1,0,1,1,1,1,0,0,1,1,0.9411764705882353
1363,1,1,1,0,1,1,1,1,1,1,1,1,0,1,1,1,1,,1,1,1,1,1,1,1,1,1,1,1,1,1,1,1,0,1,1,0.8823529411764706
1364,1,0,1,1,1,1,1,1,1,1,1,1,1,1,1,0,0,,0,0,0,0,0,0,1,0,0,0,0,0,1,0,1,0,0,0,0.8235294117647058
1367,1,1,1,1,1,1,1,1,1,1,1,1,1,1,1,0,1,,1,1,1,1,1,1,0,1,1,1,1,1,1,1,1,0,1,1,0.9411764705882353
1368,1,1,1,1,1,1,1,1,1,1,1,1,0,1,1,0,1,,1,1,1,1,1,1,0,1,1,1,1,1,1,1,1,0,1,1,0.8823529411764706
1369,1,1,1,1,1,1,1,1,1,1,1,1,0,1,1,1,1,,1,1,1,0,0,1,0,1,1,1,0,1,1,1,0,0,0,0,0.9411764705882353
1370,1,1,1,1,1,1,1,1,0,1,1,1,0,0,1,1,1,,0,0,1,0,0,1,0,0,1,1,0,1,1,1,0,1,1,0,0.8235294117647058
1372,1,1,1,1,1,1,1,1,1,1,1,1,0,1,1,1,1,,1,1,1,1,1,1,1,1,1,1,1,1,1,1,1,1,1,0,0.9411764705882353
1374,1,1,1,0,1,1,1,1,1,1,1,1,1,1,1,1,1,,1,1,0,1,1,1,1,1,1,1,1,1,1,1,0,1,1,1,0.9411764705882353
1375,0,1,1,1,1,1,1,1,1,1,0,1,1,1,1,1,1,,1,1,1,0,1,1,0,1,1,1,1,1,1,1,1,1,1,1,0.8823529411764706
1380,1,1,1,1,1,1,1,1,1,1,1,1,0,1,1,1,1,,1,0,1,1,1,1,0,1,1,1,1,1,1,1,1,1,1,1,0.9411764705882353
200,1,1,1,1,1,1,1,1,1,1,1,1,0,1,1,0,1,,1,1,1,0,1,1,0,1,1,1,1,0,1,1,1,1,1,1,0.8823529411764706
2001,1,1,1,1,1,1,1,1,1,1,1,1,1,1,1,1,0,,0,1,1,0,1,1,1,1,1,1,1,1,1,1,0,0,1,1,0.9411764705882353
2006,1,1,1,1,1,1,0,1,1,1,1,1,1,1,1,1,1,,1,1,1,1,1,1,0,1,1,1,1,1,0,1,0,1,1,1,0.9411764705882353
2007,1,1,1,1,1,1,1,1,1,1,1,1,0,1,1,1,1,,1,1,1,1,1,1,1,1,1,1,0,1,1,1,0,1,1,0,0.9411764705882353
2101,1,1,1,1,1,1,1,1,1,1,1,1,0,1,1,1,1,,1,1,0,0,0,0,1,1,1,1,1,1,1,1,0,0,0,1,0.9411764705882353
2103,1,1,1,1,1,1,1,1,1,1,0,1,1,1,1,1,1,,0,1,1,1,1,1,1,1,1,1,1,1,1,1,1,1,1,1,0.9411764705882353
2201,1,1,1,1,1,1,1,1,1,1,0,1,1,1,1,1,1,,0,1,1,0,1,1,0,0,0,1,0,1,1,1,1,1,1,0,0.9411764705882353
2202,1,1,1,1,1,1,1,1,1,1,1,1,0,1,1,1,1,,0,1,1,1,1,1,1,1,1,1,1,1,1,1,1,1,1,1,0.9411764705882353
2203,1,1,1,1,1,1,0,1,1,1,1,1,0,1,1,1,1,,0,1,1,1,1,1,0,1,1,1,1,0,1,1,0,0,1,0,0.8823529411764706
2204,1,1,1,1,1,1,1,1,1,1,1,1,0,1,1,1,1,,1,1,1,1,1,1,1,1,1,0,1,1,1,1,1,1,1,1,0.9411764705882353
2207,1,1,1,1,1,1,1,1,1,1,1,1,0,1,1,0,1,,1,1,1,0,1,1,1,1,1,1,1,1,1,1,1,1,1,1,0.8823529411764706
2208,1,1,1,1,1,1,1,1,1,1,1,1,1,1,1,0,1,,1,1,1,1,1,1,0,1,1,1,1,1,1,1,1,1,0,1,0.9411764705882353
2211,1,1,1,1,1,1,1,1,1,1,1,1,0,1,1,1,1,,1,1,1,1,1,1,0,1,1,1,1,1,1,1,0,1,1,1,0.9411764705882353
2212,1,1,1,1,1,1,1,1,1,1,0,1,0,1,1,0,0,,1,0,1,1,1,1,1,1,1,1,1,0,1,1,0,0,1,0,0.7647058823529411
2213,1,1,1,0,1,1,0,1,1,1,1,1,1,1,1,1,1,,0,1,1,0,1,1,1,0,1,1,1,1,1,1,1,0,0,1,0.8823529411764706
2303,1,1,1,1,1,1,1,1,1,1,0,1,1,1,1,1,1,,0,1,0,0,0,0,1,1,0,0,0,1,0,0,1,0,0,0,0.9411764705882353
2305,0,1,1,1,1,1,0,1,1,0,1,1,0,1,1,1,1,,1,0,1,1,1,1,1,1,1,1,1,1,1,1,0,0,1,0,0.7647058823529411
2307,1,1,1,1,1,1,0,1,1,1,0,1,1,1,1,1,1,,1,1,1,1,1,1,1,1,1,1,1,1,1,1,1,1,1,0,0.8823529411764706
2308,1,1,1,1,1,1,1,1,1,1,0,1,1,1,1,1,1,,0,1,1,1,1,1,1,1,1,1,1,1,1,1,0,1,0,1,0.9411764705882353
2310,1,1,1,1,1,1,1,1,1,1,1,1,1,0,1,1,1,,1,1,0,0,1,0,1,1,1,1,1,1,1,1,0,1,0,1,0.9411764705882353
2312,1,1,1,1,1,1,1,1,1,1,1,1,1,1,1,0,1,,1,1,1,1,1,1,1,1,1,1,0,1,1,1,1,1,0,0,0.9411764705882353
2314,1,1,1,1,1,1,1,1,1,0,1,1,1,1,0,0,1,,1,1,1,0,1,1,0,0,0,1,1,1,0,1,1,0,1,1,0.8235294117647058
2315,1,1,0,1,1,1,1,1,1,1,1,1,1,1,1,1,1,,1,1,1,1,1,1,1,1,1,1,1,1,1,1,1,1,1,0,0.9411764705882353
2317,1,1,1,1,1,1,1,1,1,0,1,1,1,1,1,1,1,,1,0,1,1,1,1,0,1,1,1,0,1,1,1,0,1,0,1,0.9411764705882353
2320,1,1,1,1,1,0,1,1,1,1,1,1,0,0,1,0,1,,1,1,0,0,0,1,1,1,1,1,1,0,1,1,1,1,0,0,0.7647058823529411
2321,1,1,1,1,1,1,1,1,1,0,1,1,1,1,1,1,1,,1,1,1,1,1,1,1,1,1,1,0,0,1,1,1,0,0,1,0.9411764705882353
2323,1,1,1,1,1,1,1,1,0,1,1,1,1,1,1,1,1,,1,0,1,1,1,1,1,1,1,1,1,1,1,1,1,0,1,1,0.9411764705882353
2324,1,1,1,1,1,1,1,1,1,0,1,1,1,1,1,1,0,,1,1,1,1,1,1,1,0,1,1,1,1,1,1,1,1,0,1,0.8823529411764706
2325,1,1,1,1,1,1,1,0,1,1,1,1,1,1,1,1,1,,1,1,0,0,1,0,0,0,1,1,1,1,1,1,0,0,0,1,0.9411764705882353
2326,1,1,1,1,1,1,1,1,1,1,1,1,0,1,1,1,1,,0,1,1,1,1,1,1,1,1,1,1,1,1,1,1,1,0,1,0.9411764705882353
2327,1,1,1,1,1,1,1,0,1,1,1,1,1,1,1,1,1,,1,0,0,0,0,0,1,1,0,0,0,1,1,1,1,1,1,1,0.9411764705882353
2329,1,1,1,1,1,1,1,1,1,1,0,1,1,1,1,1,1,,1,1,1,1,1,1,1,1,1,1,1,1,1,1,1,1,1,0,0.9411764705882353
2331,1,1,1,1,1,1,1,1,1,1,1,1,0,1,1,1,1,,1,1,0,0,1,1,0,1,1,1,1,0,1,1,0,1,1,0,0.9411764705882353
2332,1,1,1,1,1,0,0,0,0,1,1,0,0,1,1,1,1,,1,0,1,0,1,1,1,0,1,1,1,1,1,1,1,1,0,0,0.6470588235294118
2333,1,1,1,1,1,1,1,1,1,1,1,1,0,1,1,1,1,,0,1,1,1,1,1,1,1,1,1,0,1,1,1,1,1,1,1,0.9411764705882353
2334,1,1,1,1,1,1,1,0,1,1,1,1,0,1,1,1,1,,1,1,1,0,1,1,0,1,1,1,1,1,1,1,1,1,1,0,0.8823529411764706
2335,1,1,1,1,1,1,1,1,1,1,1,1,0,1,1,1,1,,1,1,1,1,1,1,0,1,1,1,1,0,1,1,0,0,1,1,0.9411764705882353
2338,1,1,1,1,1,1,1,1,1,1,1,1,0,1,1,1,1,,1,0,1,0,1,1,0,0,1,0,1,1,1,1,1,1,1,1,0.9411764705882353
2339,1,1,1,1,1,1,1,1,0,1,1,1,1,1,1,1,0,,1,1,1,1,1,1,1,1,1,1,1,1,1,1,1,1,1,0,0.8823529411764706
2342,1,1,1,0,1,1,1,0,1,0,1,1,0,1,1,1,1,,0,1,1,0,1,1,0,0,1,1,1,0,1,1,1,1,1,0,0.7647058823529411
2345,1,1,1,1,1,1,1,1,1,1,1,1,0,1,1,1,1,,0,1,1,1,1,1,1,1,1,1,1,1,1,1,1,1,1,1,0.9411764705882353
2346,1,1,1,1,1,1,1,1,1,1,1,1,1,1,0,1,1,,1,1,1,1,1,1,1,1,1,1,1,1,1,1,1,1,0,1,0.9411764705882353
2347,1,1,1,1,1,1,1,1,1,0,1,1,1,1,1,1,1,,1,1,1,0,1,1,1,1,1,1,1,1,1,1,1,0,0,0,0.9411764705882353
2352,1,0,1,1,1,1,1,1,1,1,1,1,1,1,1,1,1,,1,0,1,1,1,1,1,1,1,1,0,1,1,1,0,1,0,1,0.9411764705882353
2353,1,1,0,1,1,1,1,1,1,1,1,1,1,1,1,1,1,,0,0,0,1,1,0,1,1,1,1,1,1,1,1,0,1,1,1,0.9411764705882353
2356,1,1,1,0,1,1,1,1,1,0,1,1,1,1,1,0,1,,1,1,1,1,1,1,1,1,1,1,1,1,1,1,0,0,0,1,0.8235294117647058
2357,1,1,0,1,1,1,1,1,1,1,1,1,1,1,1,1,1,,1,1,1,1,1,1,1,0,1,1,0,0,1,1,0,0,1,1,0.9411764705882353
2359,1,1,1,1,1,1,1,1,1,0,1,1,1,1,1,1,1,,0,1,0,1,1,1,1,1,1,1,0,1,1,1,1,1,0,1,0.9411764705882353
2360,1,1,1,1,1,1,1,1,1,1,1,1,0,1,1,1,1,,1,1,1,1,1,1,1,0,1,1,0,1,1,1,0,0,1,1,0.9411764705882353
2362,1,1,1,1,1,1,1,1,1,1,1,1,0,1,1,1,1,,1,1,1,1,1,1,1,0,1,1,0,0,1,1,0,0,0,1,0.9411764705882353
2364,1,1,1,1,1,1,1,1,1,0,1,1,1,1,1,1,1,,1,0,1,1,1,1,0,1,1,1,1,1,1,1,1,1,1,1,0.9411764705882353
2367,1,1,1,1,1,1,1,1,1,1,1,1,0,1,1,1,1,,0,1,1,1,1,1,0,1,1,0,1,1,0,0,0,1,1,0,0.9411764705882353
2369,1,1,1,1,1,1,1,1,1,1,1,1,0,1,1,1,1,,1,1,1,0,1,1,1,1,1,1,0,0,1,1,0,0,1,1,0.9411764705882353
2370,1,1,1,1,0,1,0,1,1,0,1,1,1,1,1,1,1,,1,1,0,1,1,1,0,1,1,1,1,0,1,1,1,1,0,1,0.8235294117647058
2373,1,1,1,1,1,1,1,1,1,1,0,1,0,1,1,1,1,,1,1,1,0,1,1,1,1,1,1,1,1,1,1,0,0,1,0,0.8823529411764706
2374,1,1,1,1,1,0,1,1,1,1,1,1,0,1,1,1,0,,1,0,1,1,1,1,0,1,1,1,1,1,1,1,1,1,1,0,0.8235294117647058
2375,1,1,1,1,1,1,1,1,1,0,1,1,0,1,1,1,1,,1,1,1,1,1,1,1,1,1,1,0,1,1,1,0,1,1,0,0.8823529411764706
2376,1,1,1,1,1,1,1,1,1,1,1,1,1,1,1,0,1,,1,1,1,1,1,1,1,1,1,1,1,1,1,1,0,1,1,0,0.9411764705882353
2377,1,1,1,1,1,0,1,1,1,1,1,1,0,1,1,1,0,,1,1,1,1,1,1,0,1,1,1,1,1,1,0,0,1,0,1,0.8235294117647058
2380,1,1,1,1,1,1,1,1,1,1,0,1,1,1,1,0,1,,1,0,1,1,1,0,0,1,1,1,1,1,1,1,1,0,1,0,0.8823529411764706
3001,1,1,1,1,1,1,1,1,1,1,1,1,1,1,1,0,1,,1,1,1,0,1,1,0,0,1,1,1,1,0,1,0,1,1,1,0.9411764705882353
3002,1,1,1,1,1,1,1,1,1,0,1,1,0,1,1,1,1,,1,1,1,0,1,1,1,1,1,1,1,1,1,1,1,1,1,0,0.8823529411764706
3003,1,1,1,1,1,0,1,1,1,0,1,1,1,0,1,0,1,,0,1,0,0,1,1,1,0,1,1,1,1,1,1,0,1,0,1,0.7647058823529411
3004,1,1,1,1,1,1,1,1,1,1,1,1,0,1,1,1,1,,1,1,0,1,1,1,1,1,1,1,1,1,1,1,1,1,1,0,0.9411764705882353
3005,0,1,1,1,1,1,1,1,1,1,1,1,1,1,1,1,1,,1,1,1,1,0,1,0,0,1,1,0,1,1,1,1,1,1,0,0.9411764705882353
3006,1,1,1,1,1,1,1,1,1,1,1,0,1,1,1,1,1,,1,1,1,1,1,1,1,1,1,1,1,1,1,0,1,1,1,0,0.9411764705882353
3101,1,1,1,1,0,1,1,1,1,1,1,1,1,1,1,1,1,,1,1,1,1,1,1,0,1,0,1,1,1,1,1,1,0,1,0,0.9411764705882353
3102,1,1,1,1,0,1,1,1,1,1,1,1,1,1,1,1,1,,0,0,1,0,1,1,1,1,1,1,0,1,1,1,0,1,0,0,0.9411764705882353
3103,1,1,1,1,1,1,1,1,1,0,0,1,1,1,1,0,1,,1,1,0,0,1,0,0,1,1,1,0,1,1,1,1,0,1,1,0.8235294117647058
3201,1,1,1,1,0,0,1,1,1,1,1,1,1,1,1,1,1,,1,1,1,1,1,1,1,1,1,1,1,1,0,1,0,1,1,1,0.8823529411764706
3202,1,1,1,1,1,1,1,1,1,1,1,1,1,1,1,0,1,,1,1,1,1,1,1,1,1,1,0,1,1,1,1,0,0,1,1,0.9411764705882353
3203,1,1,1,1,1,1,1,1,1,1,1,0,0,1,1,0,0,,1,1,1,1,1,0,0,1,1,1,1,1,1,1,1,0,1,1,0.7647058823529411
3204,1,1,1,1,1,1,1,1,1,1,1,0,1,1,1,1,1,,0,0,1,0,1,0,1,0,0,1,1,0,1,0,0,1,1,0,0.9411764705882353
3205,1,1,1,1,1,0,0,1,1,0,0,1,1,1,1,1,1,,0,0,1,0,1,1,1,0,1,1,0,1,1,1,1,0,1,0,0.7647058823529411
3207,1,1,1,1,1,1,0,1,1,1,1,1,0,1,1,1,1,,1,1,1,1,1,1,1,0,1,1,0,1,1,1,1,1,0,1,0.8823529411764706
3208,1,1,1,1,1,1,1,1,1,0,1,1,0,1,1,0,0,,0,1,1,0,0,1,0,0,1,1,1,1,1,1,0,1,0,1,0.7647058823529411
3209,1,1,1,1,1,1,0,1,1,1,1,1,1,1,1,1,1,,0,1,1,1,1,1,0,1,1,1,1,1,1,0,1,1,1,1,0.9411764705882353
3210,1,1,1,1,1,1,0,1,1,1,1,1,1,1,1,1,1,,0,1,1,0,1,1,0,1,1,1,0,1,1,1,1,0,1,1,0.9411764705882353
3211,1,1,0,1,1,1,1,1,1,1,1,1,0,1,1,0,1,,0,1,1,1,1,1,0,1,1,1,1,1,1,1,1,0,1,0,0.8235294117647058
3212,1,1,1,1,1,1,1,1,1,1,0,1,1,1,1,1,1,,1,1,1,1,1,1,0,1,1,1,1,1,1,1,1,1,1,0,0.9411764705882353
3213,1,1,1,1,1,1,1,1,1,1,1,1,0,1,1,1,1,,0,1,1,0,1,1,1,1,1,1,0,1,1,1,1,1,1,1,0.9411764705882353
3301,1,1,1,1,1,1,1,1,1,1,0,1,1,1,1,1,1,,1,1,1,0,1,1,0,1,1,1,1,1,1,1,1,1,1,0,0.9411764705882353
3303,1,1,1,1,1,1,0,1,1,1,1,1,1,1,1,1,1,,1,0,1,0,0,1,0,0,1,1,1,1,1,1,0,1,1,1,0.9411764705882353
3307,1,1,1,1,1,1,1,1,1,1,1,1,1,1,1,0,1,,1,1,1,1,1,1,1,1,1,1,1,1,1,1,0,1,1,1,0.9411764705882353
3309,1,0,1,1,1,1,0,1,1,1,1,1,1,1,1,1,1,,1,0,1,1,1,1,1,1,1,1,1,1,1,0,0,0,1,1,0.8823529411764706
3311,1,1,1,1,1,0,1,1,1,1,0,1,0,1,1,1,1,,0,1,1,1,1,1,1,1,1,0,1,1,1,1,1,1,1,0,0.8235294117647058
3312,1,1,1,1,1,1,0,1,1,1,1,1,0,1,1,1,1,,0,1,1,0,1,1,0,1,0,1,1,0,1,1,0,1,1,0,0.8823529411764706
3313,1,1,1,1,1,1,1,1,1,1,1,1,1,0,1,1,1,,1,1,1,1,1,1,0,0,1,1,1,1,1,1,1,1,0,1,0.9411764705882353
3316,1,1,1,1,1,1,1,1,1,1,1,1,1,1,1,0,1,,1,1,1,1,1,1,1,1,1,1,1,1,1,1,1,1,1,0,0.9411764705882353
3317,1,1,1,1,1,1,1,1,1,1,1,1,0,1,1,1,1,,1,0,1,1,1,1,1,1,1,1,0,1,1,1,1,1,0,1,0.9411764705882353
3318,1,1,1,1,1,1,1,1,1,0,0,1,1,1,1,1,0,,0,1,1,0,0,1,0,0,0,1,0,1,0,1,1,0,0,1,0.8235294117647058
3319,1,1,1,1,1,1,1,1,1,1,1,1,0,1,1,1,1,,1,1,1,0,1,1,1,1,1,1,1,1,1,1,0,1,1,1,0.9411764705882353
3321,1,1,1,1,1,1,0,1,0,1,1,0,0,1,1,1,1,,1,1,1,0,1,1,1,1,1,1,0,1,1,1,0,1,1,0,0.7647058823529411
3322,1,1,1,1,1,1,1,1,1,1,1,1,1,1,0,1,1,,1,1,1,1,1,1,1,1,1,0,0,0,1,1,1,0,0,1,0.9411764705882353
3325,1,1,1,1,1,1,1,0,1,1,1,1,1,1,1,1,1,,1,1,1,0,1,1,1,1,1,1,0,1,1,1,1,0,1,1,0.9411764705882353
3326,1,1,1,1,1,1,1,1,1,1,1,1,1,1,1,0,1,,0,0,1,1,1,1,1,1,1,1,0,1,0,0,1,1,0,0,0.9411764705882353
3329,1,1,1,1,1,1,1,1,1,1,1,1,0,1,1,1,1,,0,1,1,1,1,1,1,1,0,0,1,1,1,0,1,0,0,0,0.9411764705882353
3330,1,1,1,1,0,1,1,1,1,1,1,1,1,1,1,0,1,,0,0,1,0,1,0,0,1,1,1,0,1,1,1,0,1,0,1,0.8823529411764706
3331,1,1,1,1,1,1,1,1,1,1,1,1,1,1,1,0,1,,1,1,1,1,1,1,1,1,1,1,1,1,1,1,0,0,1,1,0.9411764705882353
3334,1,1,1,1,1,1,1,1,0,1,1,1,0,1,1,1,1,,0,1,1,0,1,1,1,1,1,1,1,1,0,1,0,0,1,1,0.8823529411764706
3335,1,1,1,1,1,1,1,1,1,1,1,1,0,1,1,1,1,,1,0,1,1,1,1,1,1,1,1,1,1,1,1,0,1,1,1,0.9411764705882353
3336,1,1,1,1,1,1,1,0,1,1,1,1,1,1,1,0,1,,1,1,1,1,1,1,1,1,1,1,0,1,1,1,0,1,0,0,0.8823529411764706
3337,1,1,1,1,1,1,1,1,1,1,1,1,0,1,1,1,1,,1,1,1,1,1,1,0,1,1,1,0,1,1,1,1,1,1,1,0.9411764705882353
3338,1,1,0,1,1,1,1,1,1,1,1,1,1,1,1,1,1,,1,1,1,0,1,1,1,0,1,1,0,1,1,1,1,1,0,1,0.9411764705882353
3339,1,1,1,1,1,1,0,1,1,1,1,1,0,1,1,1,1,,0,1,1,0,1,0,1,1,1,1,1,1,1,1,1,0,0,1,0.8823529411764706
3341,1,1,1,1,1,1,1,1,1,0,1,1,1,1,1,1,1,,1,1,1,0,1,1,1,1,1,1,1,0,1,1,0,1,0,1,0.9411764705882353
3343,1,1,1,1,1,1,1,1,1,0,1,1,1,1,1,1,1,,1,1,1,1,1,1,1,0,1,1,1,1,0,1,1,1,1,1,0.9411764705882353
3344,1,1,1,1,1,1,1,1,1,1,1,1,0,1,1,1,1,,1,1,1,1,1,1,0,1,1,1,1,1,1,1,1,0,1,0,0.9411764705882353
3346,1,1,1,1,1,1,1,1,1,1,1,1,1,1,1,1,0,,1,1,1,1,1,1,1,1,1,1,1,1,1,1,1,1,1,0,0.9411764705882353
3347,1,1,1,0,1,1,1,1,1,1,1,1,0,1,1,1,1,,1,0,1,0,1,1,1,1,1,1,1,1,1,1,0,1,0,1,0.8823529411764706
3348,1,1,1,1,1,1,1,1,1,1,1,1,1,1,1,1,0,,1,0,1,1,1,1,1,1,1,1,0,1,1,1,1,1,1,0,0.9411764705882353
3349,1,1,1,1,1,1,1,1,1,1,1,1,0,1,1,1,1,,1,0,1,1,1,1,1,1,1,1,1,1,1,1,1,1,1,0,0.9411764705882353
3351,1,1,1,1,1,1,1,0,1,1,0,1,1,1,0,1,1,,1,1,1,1,1,1,1,1,1,1,1,1,1,1,1,1,1,1,0.8235294117647058
3353,1,1,1,1,1,1,1,1,1,1,1,1,0,1,1,0,0,,0,1,1,1,1,1,1,1,1,1,1,1,1,1,0,1,1,1,0.8235294117647058
3354,1,1,1,1,1,1,1,1,1,1,1,1,1,1,1,1,0,,1,0,1,1,1,1,0,1,1,1,0,1,1,1,0,0,1,1,0.9411764705882353
3356,1,1,1,1,1,1,0,1,1,0,1,0,0,1,1,0,1,,0,1,1,1,1,1,1,1,1,1,1,1,1,1,1,1,1,0,0.7058823529411765
3357,1,1,1,1,1,1,1,1,1,0,1,1,1,1,1,1,1,,1,0,1,0,1,1,0,0,1,1,1,1,1,1,0,1,0,1,0.9411764705882353
3360,1,1,1,1,1,1,1,1,1,1,1,1,0,1,1,1,1,,1,1,1,0,1,1,0,0,1,1,1,1,1,1,1,1,1,0,0.9411764705882353
3361,1,1,1,1,1,1,1,1,1,1,1,1,0,1,1,1,1,,1,1,1,0,1,1,1,0,1,1,1,1,1,1,1,1,0,0,0.9411764705882353
3364,1,1,1,1,1,1,1,1,1,1,0,1,0,1,1,1,0,,0,1,0,1,1,1,0,1,1,1,0,0,1,0,0,0,0,1,0.8235294117647058
3366,1,1,1,0,1,0,1,1,1,1,0,1,1,1,0,0,0,,0,1,1,0,0,1,1,0,1,0,0,1,1,0,1,1,1,1,0.6470588235294118
3367,1,1,1,1,1,1,1,0,1,1,1,1,1,1,1,1,1,,0,1,1,1,1,1,1,1,1,1,1,1,1,1,0,1,1,1,0.9411764705882353
3368,1,1,0,1,1,1,1,1,1,1,1,1,1,1,1,1,1,,1,0,1,1,1,1,1,1,1,1,0,1,1,1,1,1,1,0,0.9411764705882353
3369,1,1,1,1,1,1,0,1,1,0,1,1,1,1,1,1,1,,0,0,0,0,1,1,0,0,0,1,0,0,0,1,0,0,0,0,0.8823529411764706
337,1,1,1,1,0,1,1,1,1,1,1,1,1,1,1,1,1,,0,0,1,0,0,0,1,1,1,0,0,1,1,1,0,0,0,1,0.9411764705882353
3370,1,1,1,1,1,1,1,1,1,1,1,1,0,1,1,1,0,,1,1,1,1,1,1,1,1,1,1,1,1,1,1,1,0,1,0,0.8823529411764706
3371,1,0,1,1,1,1,1,1,1,1,0,0,1,1,1,1,1,,0,1,1,1,1,1,0,1,1,1,0,1,1,1,0,1,1,1,0.8235294117647058
3372,1,1,1,1,1,1,1,1,1,1,1,1,1,1,1,0,1,,0,1,1,0,1,1,1,1,0,1,1,1,1,1,0,0,0,1,0.9411764705882353
3373,1,1,1,1,1,1,1,1,1,1,1,1,1,1,1,1,0,,1,1,1,0,1,1,1,0,1,1,1,1,1,1,1,1,1,0,0.9411764705882353
3374,1,1,1,1,1,1,1,1,1,1,1,1,0,1,1,1,1,,1,0,1,0,1,1,0,1,1,1,1,1,1,1,1,1,0,0,0.9411764705882353
3375,1,1,1,1,1,1,0,1,1,1,1,1,1,1,1,1,1,,1,1,1,0,1,1,1,1,1,1,1,1,1,1,1,0,0,1,0.9411764705882353
3376,1,1,1,1,1,1,1,1,1,0,1,1,1,1,1,0,0,,1,1,1,1,1,0,0,1,1,0,0,0,1,1,1,1,0,0,0.8235294117647058
3378,1,1,1,1,1,1,1,1,1,1,1,1,1,1,1,1,0,,1,1,1,1,1,1,0,1,1,1,1,1,1,1,1,1,1,1,0.9411764705882353
3379,1,1,1,1,1,1,1,1,1,1,1,1,0,1,1,1,1,,1,1,1,0,1,1,1,1,1,1,1,1,1,1,1,1,1,1,0.9411764705882353
3380,1,1,1,1,1,1,1,1,1,1,1,1,1,1,1,0,0,,1,1,1,1,1,1,0,0,1,1,1,1,1,1,0,1,1,0,0.8823529411764706
5002,1,1,1,1,1,1,1,0,1,1,1,0,0,1,1,0,0,,0,1,1,0,1,0,0,0,1,1,1,0,1,1,0,0,0,0,0.7058823529411765
5005,1,1,1,1,1,1,1,1,0,1,1,1,1,1,1,0,0,,0,1,1,1,1,1,0,1,1,0,1,1,0,1,1,0,1,0,0.8235294117647058
5008,1,1,1,1,1,0,1,1,1,0,1,1,1,1,1,1,1,,1,1,1,1,1,1,1,1,1,1,1,1,1,1,1,1,0,0,0.8823529411764706
5009,1,1,1,1,1,1,1,1,1,1,1,1,0,1,1,1,0,,1,0,1,0,1,1,1,0,1,1,0,1,1,1,1,1,0,0,0.8823529411764706
5016,1,1,1,1,1,1,1,0,1,0,1,1,1,1,1,1,1,,1,1,0,0,0,0,0,1,1,1,1,0,1,1,1,1,1,1,0.8823529411764706
5018,1,1,1,1,1,1,1,0,1,1,1,1,0,1,1,1,1,,1,0,1,0,1,1,0,0,1,1,1,0,1,1,0,0,0,1,0.8823529411764706
5020,1,1,0,1,1,1,1,1,1,1,1,1,1,1,1,1,1,,1,1,1,1,1,1,0,1,1,1,0,1,1,1,1,1,1,0,0.9411764705882353
5021,1,1,1,1,1,1,1,1,1,1,1,1,0,1,1,0,1,,0,0,0,0,1,0,0,0,1,1,1,0,1,1,0,0,0,0,0.8823529411764706
5023,1,1,1,1,1,1,1,1,1,1,1,0,1,1,1,1,1,,1,0,1,1,1,1,1,1,1,1,1,1,1,1,1,1,1,1,0.9411764705882353
5024,1,1,1,1,0,1,1,1,1,1,1,1,1,1,1,1,1,,0,1,1,0,1,1,0,0,1,0,1,1,1,0,1,0,1,0,0.9411764705882353
5025,1,1,1,1,1,1,1,1,1,0,1,0,0,1,1,1,1,,0,1,1,0,1,1,0,0,1,0,1,1,1,0,0,0,0,0,0.8235294117647058
5029,1,1,1,1,1,1,1,1,1,1,1,1,1,1,1,0,1,,1,1,1,0,1,1,0,0,1,1,0,1,1,1,1,1,1,1,0.9411764705882353
5030,1,1,1,1,1,1,0,1,1,1,1,1,1,1,1,1,1,,1,0,1,0,1,1,1,1,1,1,1,1,1,1,1,1,0,1,0.9411764705882353
5032,1,1,1,1,1,1,1,1,1,1,0,1,0,1,1,1,1,,1,0,1,0,1,1,1,0,1,1,0,0,1,1,0,0,0,1,0.8823529411764706
5033,1,0,1,1,1,1,1,1,0,1,1,0,0,1,1,1,1,,1,0,1,1,1,0,1,0,1,0,0,1,0,0,0,0,0,1,0.7647058823529411
5036,1,1,1,1,1,1,1,1,1,0,1,1,1,1,1,1,1,,0,1,1,1,1,1,1,1,1,1,1,1,1,1,0,0,0,0,0.9411764705882353
5038,1,1,1,1,1,1,1,1,1,1,1,1,1,1,1,1,0,,0,1,1,0,1,1,1,1,1,1,1,1,1,1,1,1,0,1,0.9411764705882353
5039,1,1,1,1,1,1,1,1,1,0,1,1,1,1,1,1,1,,1,1,1,1,1,1,1,0,1,1,1,0,1,1,1,1,0,0,0.9411764705882353
5040,1,1,1,1,1,1,0,1,1,1,1,1,1,1,1,1,1,,1,1,1,1,1,1,1,1,1,1,1,1,1,1,1,0,1,1,0.9411764705882353
5043,1,1,1,1,1,1,1,1,1,1,1,1,1,0,1,1,1,,1,1,1,0,0,1,1,1,1,1,1,0,1,1,1,1,1,1,0.9411764705882353
5045,1,1,1,1,1,1,0,1,1,0,1,1,0,0,1,1,1,,0,1,1,0,1,0,0,0,0,1,1,0,1,0,1,0,0,0,0.7647058823529411
5046,1,1,1,0,0,1,1,1,1,1,1,1,0,0,1,0,1,,0,1,0,0,0,0,0,0,1,1,0,1,1,1,0,0,0,0,0.7058823529411765
5050,1,1,1,1,1,1,1,1,1,0,1,1,1,1,1,1,1,,1,1,1,1,1,1,0,1,1,1,1,1,1,1,1,1,1,0,0.9411764705882353
5055,1,1,1,1,1,0,1,1,1,0,1,1,0,1,1,1,0,,1,1,0,0,1,0,0,0,1,1,1,1,1,1,1,1,0,0,0.7647058823529411
5056,1,1,1,1,1,1,1,1,0,1,1,1,1,1,1,1,1,,1,1,1,1,1,1,0,1,1,1,0,1,1,1,1,1,1,1,0.9411764705882353
5058,1,1,1,1,1,1,1,1,1,1,1,1,0,1,1,1,1,,1,1,1,0,1,1,1,1,1,1,0,1,1,1,1,0,0,0,0.9411764705882353
5059,1,1,1,1,1,1,1,1,1,1,1,0,0,0,1,1,0,,0,0,0,0,1,0,0,1,0,1,0,1,1,1,0,0,1,0,0.7647058823529411
5060,1,1,1,1,1,1,1,1,1,1,1,1,0,0,1,1,1,,1,1,1,0,1,1,0,1,1,1,0,1,0,1,1,1,1,1,0.8823529411764706
5061,1,1,1,1,1,1,1,1,1,1,1,0,0,1,1,1,1,,1,0,1,0,1,1,1,1,1,1,1,1,1,1,1,1,0,0,0.8823529411764706
5062,1,1,1,1,1,1,1,1,1,1,1,1,0,1,1,1,1,,0,1,1,1,1,1,1,1,1,1,1,0,1,1,1,0,0,1,0.9411764705882353
5063,1,1,1,1,1,1,1,1,1,1,1,1,1,1,1,0,0,,1,1,0,0,1,0,0,1,1,1,1,1,1,1,0,0,1,0,0.8823529411764706
5064,1,1,1,1,1,1,1,1,1,1,0,1,1,1,1,1,1,,1,1,1,1,1,1,1,1,1,1,1,1,1,1,1,1,1,0,0.9411764705882353
5065,1,1,1,1,1,1,1,1,1,1,1,1,0,1,1,1,1,,0,1,1,0,1,1,0,1,1,1,1,0,1,1,0,1,1,1,0.9411764705882353
5066,1,1,1,1,1,1,1,1,1,1,1,0,0,1,1,1,1,,0,1,1,1,0,1,1,1,1,1,1,1,1,1,0,1,0,0,0.8823529411764706
5067,1,1,1,1,1,1,1,1,1,1,1,1,0,1,1,1,1,,1,0,1,0,1,1,1,1,1,1,1,1,1,1,0,0,1,1,0.9411764705882353
5071,1,1,1,1,1,1,1,1,1,1,0,1,0,1,1,1,1,,1,1,1,0,1,1,1,0,1,1,1,0,0,0,1,1,1,1,0.8823529411764706
5075,1,1,1,1,1,1,1,1,1,0,1,0,0,1,1,1,1,,0,1,1,1,1,1,0,1,1,1,1,0,1,1,1,0,0,1,0.8235294117647058
5076,1,1,1,1,1,1,1,1,1,1,1,1,1,1,0,1,1,,1,1,1,0,0,1,0,1,1,1,1,1,1,1,0,1,0,1,0.9411764705882353
5077,1,1,1,1,1,1,1,1,0,1,1,1,1,1,1,1,1,,1,1,1,0,1,0,0,0,1,1,0,1,1,1,0,1,0,1,0.9411764705882353
5078,1,1,0,1,1,1,1,1,0,1,1,0,0,0,1,0,1,,1,1,1,0,1,1,1,1,1,1,1,1,1,1,0,0,1,0,0.6470588235294118
5080,1,1,1,1,1,1,1,1,1,1,0,1,1,1,1,1,1,,1,1,1,1,1,1,1,1,1,1,1,1,1,1,1,0,0,0,0.9411764705882353
5081,1,1,1,1,1,1,1,1,1,1,1,1,0,1,1,1,1,,1,1,1,1,1,1,1,1,0,1,0,1,0,1,1,1,0,1,0.9411764705882353
5083,1,1,1,1,1,1,1,1,1,1,1,1,0,1,1,0,1,,1,1,1,0,1,0,0,1,1,1,1,1,1,1,1,0,0,1,0.8823529411764706
5085,1,1,1,1,1,1,1,1,1,1,1,1,0,1,1,1,1,,1,1,1,0,1,1,0,1,1,1,1,1,1,1,0,0,0,0,0.9411764705882353
5087,1,1,1,1,1,1,1,1,1,1,0,1,1,1,1,1,1,,1,0,1,0,0,1,0,1,1,0,0,0,1,1,0,0,0,0,0.9411764705882353
5088,1,1,1,1,1,1,0,0,1,1,1,1,0,1,1,1,0,,0,1,1,0,1,0,1,1,1,1,1,1,1,1,0,1,0,1,0.7647058823529411
5090,1,1,1,1,1,1,1,1,1,1,0,1,1,1,1,1,1,,1,1,1,0,1,1,0,0,1,0,1,1,1,1,0,0,1,1,0.9411764705882353
5091,1,1,1,1,1,1,1,1,1,1,1,1,1,1,1,0,1,,1,1,1,0,0,1,1,1,1,1,1,1,1,1,1,0,0,1,0.9411764705882353
5092,1,1,1,1,1,1,1,1,1,1,1,1,0,1,1,1,1,,1,1,1,0,1,1,1,0,1,1,0,1,1,1,0,1,0,1,0.9411764705882353
5095,1,0,1,1,1,1,1,0,1,1,1,0,0,1,1,0,0,,1,1,1,0,1,1,1,1,1,1,1,1,1,1,1,0,1,0,0.6470588235294118
5096,1,1,1,1,1,1,1,1,0,1,1,1,1,1,1,1,1,,1,1,1,0,1,1,0,0,1,1,0,0,1,1,1,0,0,1,0.9411764705882353
5098,1,1,1,1,1,1,1,1,1,0,1,1,1,1,1,1,1,,1,1,1,1,1,1,1,0,1,1,1,1,1,1,0,1,1,1,0.9411764705882353
5099,1,1,1,1,1,1,1,0,1,0,1,1,1,1,1,0,1,,0,1,1,1,1,1,1,1,1,1,1,1,1,1,0,0,1,1,0.8235294117647058
5100,1,1,1,1,1,1,1,0,1,1,1,1,0,0,0,1,1,,1,1,1,1,0,1,1,0,1,1,1,1,1,1,1,0,1,1,0.7647058823529411
5101,1,1,1,1,1,1,0,1,1,0,1,1,0,1,1,1,1,,0,1,1,1,1,1,1,0,1,1,1,1,1,1,1,1,1,0,0.8235294117647058
5103,1,1,1,1,1,1,1,1,1,1,1,1,1,1,1,1,0,,1,1,1,1,1,1,0,1,1,1,0,0,1,1,1,1,1,0,0.9411764705882353
5105,1,1,1,1,1,1,1,1,1,1,1,1,0,1,1,1,1,,1,1,1,0,1,1,1,1,1,1,1,1,1,1,0,1,0,1,0.9411764705882353
5106,1,1,1,1,1,1,1,1,1,1,1,0,1,1,1,1,1,,0,1,0,1,1,1,1,0,1,1,1,0,1,1,1,1,0,1,0.9411764705882353
5107,1,1,1,1,1,1,1,1,1,0,1,1,1,1,1,1,1,,1,1,1,1,1,1,0,1,1,1,1,1,1,1,0,1,1,1,0.9411764705882353
5108,1,1,1,0,1,1,1,1,1,1,1,1,0,1,1,1,0,,0,1,1,0,1,1,0,1,1,1,1,1,1,1,1,1,1,0,0.8235294117647058
5109,1,1,1,1,1,1,1,1,1,1,1,1,0,1,1,1,1,,1,1,1,0,1,0,1,1,1,1,1,1,1,1,1,1,1,1,0.9411764705882353
5111,1,1,1,1,1,1,1,1,0,1,1,1,1,1,1,1,1,,0,0,0,0,1,1,0,1,1,0,1,1,1,0,1,1,1,0,0.9411764705882353
5114,1,1,1,1,1,1,1,1,1,1,1,1,0,1,1,1,1,,1,1,1,1,1,1,1,1,1,1,1,1,1,1,0,1,0,1,0.9411764705882353
5117,1,1,1,1,1,1,1,1,1,1,1,0,1,1,1,1,1,,1,1,0,1,1,1,0,1,1,1,1,1,1,1,1,1,1,0,0.9411764705882353
5119,1,1,1,1,1,1,1,1,0,0,1,1,1,1,1,1,1,,1,1,1,0,1,1,0,1,1,1,1,1,1,1,0,1,0,1,0.8823529411764706
5120,1,1,1,1,1,1,1,1,0,1,1,1,0,1,1,0,1,,1,0,1,0,1,1,0,0,1,1,0,0,1,1,1,0,0,1,0.8235294117647058
5201,1,1,1,1,1,1,1,1,1,1,1,1,1,0,1,1,1,,1,1,1,0,1,1,0,1,1,1,1,1,1,1,0,0,1,0,0.9411764705882353
5202,1,1,1,1,1,1,1,1,1,1,0,1,1,1,1,1,0,,1,1,0,0,0,0,1,0,1,1,1,1,1,1,1,1,0,1,0.8823529411764706
5203,1,0,1,1,1,1,1,1,1,1,1,1,0,1,1,0,1,,0,1,1,0,1,1,1,0,1,1,1,0,1,0,1,0,0,1,0.8235294117647058
5209,1,1,1,1,1,1,1,1,1,1,1,1,0,1,1,1,1,,1,1,1,0,1,1,0,1,1,1,1,1,1,1,0,1,1,1,0.9411764705882353
5210,1,1,1,1,1,1,1,1,1,1,1,1,0,1,1,1,1,,1,1,1,0,1,1,1,1,1,1,1,1,1,1,0,1,0,1,0.9411764705882353
6101,1,1,1,1,1,1,1,1,1,1,1,1,0,1,1,1,0,,0,1,0,0,1,1,1,1,1,1,1,0,1,1,0,1,0,0,0.8823529411764706
6103,1,1,1,1,1,1,1,1,1,1,0,1,1,1,1,1,0,,1,1,1,0,0,0,1,1,1,1,0,1,1,1,0,1,0,0,0.8823529411764706
6105,1,1,1,1,1,1,1,1,1,0,1,1,1,1,1,1,1,,1,1,0,0,1,0,1,1,1,1,0,1,1,1,1,1,1,0,0.9411764705882353
6107,1,1,1,1,1,1,1,1,1,1,1,1,1,1,1,0,1,,1,1,1,0,1,0,1,1,1,1,0,1,1,1,1,0,0,0,0.9411764705882353
6111,1,1,1,1,1,1,1,0,1,1,1,1,0,1,1,1,0,,1,0,1,0,1,0,0,0,1,1,1,1,0,1,0,1,1,0,0.8235294117647058
6112,1,0,1,1,1,1,1,0,0,1,0,1,1,1,1,0,0,,1,0,1,0,0,0,1,1,1,1,1,0,1,1,1,1,1,0,0.6470588235294118
6113,1,1,1,1,1,1,1,1,1,0,1,1,1,1,1,0,1,,1,1,1,1,0,1,1,1,1,1,1,1,1,1,1,1,1,0,0.8823529411764706
6114,1,1,1,1,1,1,1,1,0,1,1,1,0,1,1,1,1,,1,0,0,0,1,1,0,0,1,1,1,1,1,1,1,1,0,1,0.8823529411764706
6117,1,1,1,1,1,1,1,1,1,1,1,1,1,1,1,1,0,,1,1,1,0,1,0,1,1,1,1,1,1,1,1,1,0,0,0,0.9411764705882353
6120,1,1,1,1,1,1,1,1,1,0,1,1,1,1,1,0,0,,1,0,0,0,1,1,1,1,1,1,1,0,1,0,1,1,1,1,0.8235294117647058
6122,1,1,1,1,1,0,1,1,1,1,1,1,1,1,1,1,1,,1,1,1,0,1,1,0,1,1,1,1,1,1,1,1,1,1,1,0.9411764705882353
6124,1,1,1,1,1,1,1,1,1,1,1,1,1,1,1,1,0,,0,0,1,0,0,0,0,1,0,1,1,1,1,1,0,1,0,1,0.9411764705882353
6125,1,1,1,1,1,1,1,1,1,1,1,1,0,1,1,1,1,,1,1,1,0,0,1,0,0,1,1,1,1,1,1,0,1,0,1,0.9411764705882353
6126,1,1,1,0,1,1,1,1,1,1,1,1,1,1,1,1,0,,1,1,1,0,1,0,0,1,1,1,1,1,1,1,0,1,0,1,0.8823529411764706
6127,1,1,1,1,1,1,1,1,0,1,1,1,1,1,1,1,1,,1,1,1,0,1,1,1,0,1,1,1,1,1,1,1,1,1,0,0.9411764705882353
6128,1,1,1,1,1,1,1,1,1,1,1,1,1,1,0,1,1,,1,0,1,0,0,0,0,1,0,1,0,1,1,1,1,1,0,0,0.9411764705882353
6129,1,1,1,1,1,1,1,1,0,1,1,1,1,1,1,1,1,,0,0,1,0,1,1,1,1,1,1,1,1,1,1,1,1,1,1,0.9411764705882353
6130,1,1,1,1,1,1,1,0,1,1,1,1,1,1,1,1,1,,1,1,1,1,1,1,1,1,1,1,0,1,1,1,0,1,0,1,0.9411764705882353
6131,1,1,1,1,1,1,1,1,1,1,1,1,1,1,1,0,0,,1,0,0,0,1,0,1,0,1,1,1,1,1,1,1,1,0,1,0.8823529411764706
6132,1,1,1,1,1,0,1,1,1,1,0,1,1,1,0,0,1,,0,1,1,1,1,0,0,1,1,1,0,1,1,1,0,0,0,1,0.7647058823529411
6133,1,1,1,1,0,1,0,1,1,1,0,1,1,1,1,1,1,,1,0,1,0,1,1,0,1,1,1,1,1,1,1,0,0,1,0,0.8235294117647058
6134,1,1,1,1,1,1,1,1,1,1,1,1,1,1,1,1,0,,1,0,1,0,1,1,0,1,1,1,1,1,1,1,0,1,1,1,0.9411764705882353
6135,1,1,1,1,1,1,1,0,1,0,1,1,1,1,1,1,0,,1,1,1,0,1,1,1,0,1,1,1,1,0,1,0,1,0,0,0.8235294117647058
6136,1,1,1,0,1,1,1,1,1,0,1,1,1,1,1,0,0,,0,0,0,0,0,0,1,0,1,1,1,1,1,1,1,0,0,1,0.7647058823529411
6139,1,1,1,1,1,1,1,1,1,1,1,1,1,1,1,0,1,,1,1,1,0,1,1,1,0,1,0,1,1,1,1,1,0,1,1,0.9411764705882353
6140,1,1,1,1,1,1,1,1,1,0,1,1,0,1,1,1,1,,1,1,1,0,1,1,0,1,1,1,1,1,1,1,1,1,1,0,0.8823529411764706
6203,1,1,1,1,1,1,1,0,1,1,1,1,0,0,1,0,1,,1,1,0,0,0,0,0,0,1,1,0,1,1,1,1,0,1,1,0.7647058823529411
6204,1,1,1,1,1,1,1,0,1,1,1,0,1,1,1,1,0,,1,0,0,0,1,1,0,0,1,0,1,1,1,1,0,0,0,1,0.8235294117647058
6206,1,1,1,1,1,1,1,0,1,1,1,1,1,1,1,0,1,,0,0,1,0,1,0,1,1,1,1,0,1,1,1,0,1,0,0,0.8823529411764706
6207,1,1,1,1,1,1,1,1,1,1,1,1,1,1,1,0,0,,1,0,1,0,1,0,1,0,1,1,1,0,1,1,0,0,1,1,0.8823529411764706
6209,1,1,0,1,1,0,1,0,1,1,1,1,1,1,1,1,1,,1,1,1,0,1,1,1,1,1,1,1,1,1,1,0,1,0,0,0.8235294117647058
6210,1,1,1,1,1,1,1,1,1,1,1,1,1,1,1,0,1,,0,1,1,0,1,0,0,0,1,1,0,1,1,1,0,0,1,1,0.9411764705882353
6213,1,1,1,1,0,1,1,1,1,0,0,1,1,1,1,1,1,,1,0,0,0,1,0,0,0,1,0,1,1,0,1,0,0,0,0,0.8235294117647058
6214,1,1,1,1,0,1,1,1,1,1,1,1,0,1,1,0,0,,1,0,1,0,1,1,0,0,1,1,0,1,1,1,1,1,0,1,0.7647058823529411
6218,1,1,1,1,1,1,0,1,1,1,1,1,0,1,1,1,1,,0,0,1,0,1,0,1,1,1,1,0,1,1,1,0,1,0,0,0.8823529411764706
6219,1,1,1,1,1,1,1,1,1,0,1,1,1,1,1,1,1,,0,1,1,0,1,1,0,1,1,1,1,1,1,1,0,1,0,0,0.9411764705882353
6224,1,1,1,1,1,1,1,0,1,1,1,1,1,0,1,0,1,,1,0,1,0,1,1,1,0,1,1,1,0,1,1,0,0,0,1,0.8235294117647058
6226,1,1,1,1,1,1,1,0,1,1,0,1,1,1,1,1,0,,1,1,1,0,1,1,1,1,1,1,1,1,1,1,0,0,0,1,0.8235294117647058
6231,1,1,1,0,0,1,1,1,1,0,1,1,1,1,1,1,1,,0,0,1,0,1,0,0,1,1,1,1,1,1,1,1,1,1,1,0.8235294117647058
6235,1,1,1,1,0,1,1,1,1,1,1,1,1,1,0,1,1,,0,1,1,1,1,1,1,1,1,1,0,1,1,1,1,1,1,0,0.8823529411764706
6242,1,1,1,1,1,0,1,1,1,1,1,1,1,0,1,1,1,,1,1,1,0,1,0,1,1,1,1,0,1,1,1,1,1,1,0,0.8823529411764706
6243,1,1,1,1,1,1,1,1,0,1,1,1,0,1,1,1,1,,1,0,1,0,1,1,0,0,1,1,0,0,1,1,1,0,0,0,0.8823529411764706
6245,1,1,1,1,1,1,1,1,1,1,0,1,1,1,1,1,1,,1,0,1,0,1,0,1,1,1,1,0,1,1,1,0,0,1,0,0.9411764705882353
6246,1,1,1,1,1,1,1,0,1,0,1,1,1,1,1,1,1,,1,1,1,0,1,1,1,0,1,1,0,1,0,1,1,0,1,0,0.8823529411764706
6250,1,1,1,1,1,1,1,1,1,1,0,1,0,1,0,0,1,,1,0,0,0,1,0,0,1,1,1,1,1,1,1,1,1,0,0,0.7647058823529411
6251,1,1,1,1,1,1,1,1,1,1,0,1,1,1,1,1,1,,1,1,1,0,1,1,1,1,1,1,1,1,1,1,1,1,0,1,0.9411764705882353
6253,1,1,1,1,1,0,1,1,1,1,0,1,1,1,1,1,1,,0,1,1,0,1,1,1,1,0,1,1,1,0,1,0,1,1,1,0.8823529411764706
6255,1,1,1,1,1,1,1,1,1,0,1,1,1,1,1,1,1,,0,1,1,1,1,1,1,1,1,1,1,1,1,1,1,1,0,0,0.9411764705882353
6258,1,1,1,1,1,1,1,1,1,1,1,0,0,1,0,1,1,,1,1,1,0,1,0,1,1,1,1,0,1,1,1,1,1,1,0,0.8235294117647058
6259,1,0,1,1,1,1,1,1,1,0,1,1,1,0,0,0,1,,0,1,1,0,1,0,1,0,1,0,0,1,1,1,0,1,0,0,0.7058823529411765
6260,1,1,1,1,0,1,1,0,1,1,1,1,1,1,0,1,0,,0,1,1,1,0,0,1,0,1,0,0,1,1,1,1,1,1,0,0.7647058823529411
6262,1,1,0,1,1,1,1,1,1,1,1,1,1,1,1,1,1,,1,1,1,1,1,1,1,0,1,1,1,1,1,1,1,1,1,1,0.9411764705882353
6263,1,1,1,1,1,1,1,1,1,1,0,1,1,1,1,1,1,,1,1,0,0,0,0,1,1,1,1,1,0,1,1,0,1,0,0,0.9411764705882353
B112,1,1,1,1,1,1,1,1,1,1,1,1,0,1,1,1,1,,1,1,1,1,1,1,1,0,1,1,0,1,1,1,1,1,0,1,0.9411764705882353
BB100,1,1,1,1,1,1,1,0,1,1,1,0,0,1,1,1,1,,0,1,1,1,1,1,0,1,1,1,0,1,1,1,0,0,0,0,0.8235294117647058
BB101_1,1,1,1,1,1,1,1,1,1,1,1,1,0,1,1,1,1,,1,1,1,1,1,1,0,0,1,1,1,1,1,1,0,1,0,1,0.9411764705882353
BB101_2,1,1,1,1,1,1,1,1,1,1,1,1,0,1,1,1,1,,0,1,1,1,1,1,1,1,1,1,1,1,0,1,1,1,1,0,0.9411764705882353
BB103_1,0,1,1,1,1,1,1,1,1,1,1,0,0,1,1,1,1,,1,0,1,0,1,1,1,1,1,1,1,1,1,0,1,1,0,1,0.8235294117647058
BB106,1,1,1,1,1,1,1,0,1,1,1,1,1,1,1,1,0,,1,0,1,1,1,0,0,1,1,1,1,1,1,1,0,0,0,1,0.8823529411764706
BB107,1,1,1,1,1,1,1,1,1,1,0,1,0,1,1,1,1,,1,1,1,1,1,1,1,1,1,1,1,1,1,1,1,1,1,1,0.8823529411764706
BB108,1,1,1,1,1,1,1,1,1,1,1,1,1,1,0,1,1,,0,1,0,0,1,0,0,0,1,1,0,0,1,1,1,0,0,1,0.9411764705882353
BB110,1,1,1,0,1,1,1,1,0,1,1,1,1,1,1,1,1,,1,1,1,1,1,0,1,1,1,1,0,1,1,1,1,0,0,0,0.8823529411764706
BB111,1,1,1,1,1,1,1,1,1,1,0,1,0,1,1,1,0,,0,1,0,0,0,0,0,1,1,1,1,0,1,1,0,0,0,1,0.8235294117647058
BB113,1,1,1,1,1,1,1,1,1,0,1,1,0,1,1,1,1,,0,1,0,0,1,1,0,0,0,1,0,1,1,0,1,0,1,0,0.8823529411764706
BB114,1,1,0,1,1,1,1,0,1,1,1,1,1,1,1,1,1,,0,0,0,1,1,1,0,1,1,1,1,1,0,1,0,0,1,1,0.8823529411764706
BB123,1,1,1,1,1,1,1,1,1,0,1,0,0,1,1,1,1,,1,1,0,1,1,1,0,1,0,1,0,1,1,1,1,0,0,1,0.8235294117647058
BB130,1,1,1,1,1,1,1,1,0,1,1,0,1,1,1,0,0,,1,1,1,0,1,1,1,0,1,1,1,1,1,1,0,0,0,1,0.7647058823529411
BB132,1,1,1,1,1,1,1,1,1,1,1,0,0,1,1,1,1,,0,1,1,0,1,1,0,1,1,1,1,1,1,1,1,1,0,1,0.8823529411764706
BB134,1,1,1,1,1,1,1,1,1,1,1,1,0,1,1,1,1,,1,1,1,0,1,1,1,1,1,1,1,1,1,1,1,1,1,1,0.9411764705882353
BL102,1,1,1,1,1,1,1,1,1,1,1,1,0,1,1,1,1,,0,1,1,1,1,1,1,1,1,1,1,1,1,1,1,1,1,1,0.9411764705882353
BL122,0,1,1,1,1,1,1,1,1,1,1,1,0,1,1,1,1,1.0,0,1,1,1,1,1,0,1,1,1,1,1,1,1,0,1,1,1,0.8888888888888888
BL123,1,1,1,1,1,1,1,1,1,1,1,1,0,0,1,0,1,1.0,0,0,1,1,1,1,1,0,1,1,1,1,1,1,1,0,1,1,0.8333333333333334
BL124,1,1,1,1,1,1,1,1,1,1,1,1,0,1,1,1,1,1.0,1,0,1,1,1,1,1,1,1,1,1,1,1,1,0,0,1,1,0.9444444444444444
BL125,1,1,1,1,1,1,1,1,1,1,0,1,0,1,1,1,1,1.0,0,1,1,1,1,1,0,0,1,1,1,1,1,1,0,0,0,1,0.8888888888888888
BL126,1,1,0,1,1,1,1,1,1,1,1,1,1,1,1,1,1,1.0,1,1,1,1,1,1,1,1,1,1,1,1,1,1,1,1,0,0,0.9444444444444444
BL129,1,1,1,1,1,1,1,1,1,1,1,1,0,1,1,1,1,1.0,0,1,1,0,1,1,0,1,1,1,0,0,1,1,1,0,1,0,0.9444444444444444
BL130,1,1,1,1,1,1,1,1,1,1,1,1,0,1,1,1,1,1.0,1,1,1,0,1,1,0,0,1,1,1,1,1,1,1,0,1,0,0.9444444444444444
BL131,1,1,1,1,1,1,1,1,1,1,1,1,0,1,1,1,1,1.0,0,1,1,0,1,1,0,0,1,1,0,0,1,1,1,1,0,0,0.9444444444444444
BL132,1,1,1,0,1,1,1,1,1,1,1,1,1,1,1,1,1,1.0,1,1,1,1,1,1,0,1,1,1,0,1,1,1,1,1,1,1,0.9444444444444444
BL134,1,1,1,1,1,1,1,1,1,0,1,1,1,1,1,1,1,1.0,0,1,1,0,1,1,0,1,1,1,0,1,1,1,0,1,1,1,0.9444444444444444
BL136,1,1,1,1,1,1,1,1,1,0,0,1,1,1,1,1,1,1.0,1,0,1,0,1,1,0,1,1,1,1,1,1,1,1,0,1,0,0.8888888888888888
BL137,1,1,1,1,1,1,1,1,1,1,1,1,0,1,1,1,1,1.0,1,1,1,1,1,1,0,1,1,1,1,1,1,1,1,1,1,1,0.9444444444444444
BL140,1,1,1,1,1,1,1,1,1,1,1,1,0,0,1,0,1,1.0,1,1,0,0,0,0,0,1,1,1,1,1,1,1,0,1,0,0,0.8333333333333334
BL142,1,1,1,1,1,1,1,1,1,1,1,1,1,1,1,1,0,1.0,1,1,1,1,1,1,1,1,1,1,1,1,1,1,1,1,1,1,0.9444444444444444
BL143,1,1,1,1,1,1,1,1,1,1,1,1,0,1,1,1,1,1.0,0,1,1,1,1,1,0,1,0,1,0,1,1,1,1,0,0,0,0.9444444444444444
BL145,1,1,1,1,1,1,1,1,1,1,1,1,1,1,1,0,1,1.0,1,1,1,0,1,1,1,1,0,1,1,1,1,1,1,0,1,1,0.9444444444444444
BL147,1,1,1,1,1,1,1,1,1,0,1,1,1,1,1,1,1,1.0,1,1,1,0,1,1,0,1,1,1,1,1,1,1,0,1,0,1,0.9444444444444444
BS103,1,1,1,1,1,1,1,1,0,1,1,1,1,1,1,0,0,0.0,1,0,0,0,0,0,0,0,1,1,0,1,1,1,0,1,0,0,0.7777777777777778
BS104,1,1,1,1,1,1,1,1,1,1,1,1,1,1,1,0,1,1.0,1,1,1,1,0,1,1,1,1,1,0,1,1,1,0,1,1,0,0.9444444444444444
BS105,1,1,1,1,1,1,1,1,1,1,1,1,1,0,1,0,1,1.0,0,1,1,0,1,1,0,1,1,1,1,1,1,1,1,1,1,0,0.8888888888888888
BS106,1,1,1,1,1,1,1,1,1,1,1,0,1,1,1,1,0,1.0,0,1,0,0,1,0,0,1,1,1,0,1,0,0,1,0,0,0,0.8888888888888888
BS107,1,1,1,1,1,1,0,0,0,1,0,1,0,1,0,0,0,1.0,0,0,1,0,0,0,0,0,0,1,0,0,1,1,0,1,0,0,0.5555555555555556
BS109,1,1,1,1,1,1,0,1,1,0,1,1,1,0,0,1,0,1.0,1,1,1,1,1,1,1,0,1,1,1,0,1,1,1,1,1,1,0.7222222222222222
BS110,1,1,1,1,1,1,1,1,1,1,1,1,1,1,1,1,0,1.0,1,0,1,0,1,1,0,1,1,1,1,1,1,0,1,0,0,0,0.9444444444444444
BS111,1,1,1,1,1,1,0,0,1,1,0,0,1,1,1,1,1,1.0,1,1,1,1,1,1,0,1,1,1,1,0,0,1,1,0,0,0,0.7777777777777778
BS112,1,1,1,1,1,1,1,1,1,0,1,1,1,1,1,1,0,1.0,1,0,1,1,1,1,0,1,1,1,0,0,1,1,0,1,0,0,0.8888888888888888
BS113,1,1,1,1,1,1,1,1,0,1,1,0,0,1,1,0,1,1.0,1,1,0,0,1,1,1,1,1,1,1,0,1,1,0,1,1,1,0.7777777777777778
BS114,1,1,1,1,1,1,1,1,1,1,1,0,0,1,1,1,1,1.0,1,0,1,0,1,1,1,1,1,1,1,1,1,1,1,1,0,0,0.8888888888888888
D117,1,1,1,1,0,1,1,0,1,0,0,1,0,1,1,0,0,1.0,0,0,1,1,0,1,0,0,1,0,1,0,0,1,0,0,0,1,0.6111111111111112
ID103,1,1,1,1,1,1,1,1,1,1,1,1,1,1,1,1,0,1.0,1,1,1,1,1,1,1,1,1,1,1,1,1,1,0,0,1,0,0.9444444444444444
ID111,1,1,1,1,1,1,1,0,1,1,1,1,0,1,1,1,1,1.0,1,0,1,1,0,1,0,0,0,1,1,0,0,1,0,0,0,0,0.8888888888888888
ID112,1,0,1,1,1,1,1,1,1,0,1,1,0,1,1,1,1,1.0,0,1,0,0,0,0,1,0,1,1,0,0,1,1,0,1,0,0,0.8333333333333334
ID113,1,1,1,1,1,1,1,1,1,1,1,1,0,1,1,1,1,1.0,1,1,1,0,1,1,1,0,1,1,0,1,1,1,1,0,0,1,0.9444444444444444
ID114,1,1,1,1,1,1,0,1,1,1,1,1,1,1,1,1,1,1.0,1,0,0,1,1,0,0,0,1,1,1,1,1,1,0,0,0,1,0.9444444444444444
ID115,1,1,1,1,1,1,1,1,1,1,1,1,1,1,1,1,0,1.0,0,0,0,0,0,0,0,0,1,1,1,1,1,1,0,0,0,1,0.9444444444444444
ID116,1,1,1,1,1,1,1,1,1,1,1,0,1,0,1,1,1,1.0,0,1,0,0,0,0,0,0,1,1,0,1,1,1,1,1,0,0,0.8888888888888888
ID118,1,1,1,1,1,1,1,1,1,0,1,0,0,1,1,0,1,1.0,1,1,0,1,1,0,1,0,0,0,0,0,1,1,1,0,0,0,0.7777777777777778
ID119,1,1,1,1,1,1,1,1,1,1,1,1,1,1,1,1,0,1.0,1,1,1,0,1,0,0,1,1,1,1,1,1,1,0,1,0,1,0.9444444444444444
ID120,1,1,1,1,1,1,1,1,0,1,1,1,0,1,0,0,1,1.0,1,1,1,0,1,1,0,0,1,0,0,1,1,1,1,0,1,0,0.7777777777777778
ID121,1,1,1,1,1,1,1,1,1,1,1,1,0,1,1,1,1,1.0,1,1,1,0,1,0,0,0,1,1,1,0,1,1,0,0,1,1,0.9444444444444444
ID122,1,1,1,1,1,1,1,1,1,0,0,0,1,1,0,1,1,1.0,0,0,1,0,1,1,1,0,1,1,0,1,1,1,0,0,0,0,0.7777777777777778
ID123,0,1,1,0,1,1,0,0,0,1,1,1,0,1,0,0,0,0.0,0,0,0,0,1,1,0,1,0,1,1,0,0,1,0,0,1,1,0.4444444444444444
ID124,1,0,1,1,1,1,1,1,0,1,1,1,1,1,1,1,1,1.0,1,1,0,0,0,0,0,0,1,1,0,0,1,0,1,1,0,0,0.8888888888888888
ID125,1,1,1,1,1,1,1,1,1,1,1,1,1,1,1,0,1,1.0,0,0,0,0,1,1,1,0,1,1,0,0,1,1,0,1,0,1,0.9444444444444444
ID126,1,1,1,1,0,1,1,1,1,1,1,1,0,1,1,0,0,1.0,1,0,1,1,1,1,0,0,1,1,1,0,0,1,0,0,0,1,0.7777777777777778
KO101,1,1,1,1,1,1,1,1,1,1,1,1,1,1,1,1,0,1.0,0,0,1,0,1,1,1,1,1,0,0,1,1,0,0,1,1,0,0.9444444444444444
KO103,0,1,1,1,1,1,1,0,1,1,1,1,1,0,1,1,1,1.0,0,1,1,0,1,1,1,1,1,1,1,1,1,1,0,0,1,0,0.8333333333333334
KO104,1,1,1,1,1,1,0,1,1,1,1,1,1,1,1,1,1,1.0,1,0,1,1,1,1,1,1,1,1,1,1,1,1,1,0,0,0,0.9444444444444444
KO105,1,1,1,1,1,1,1,1,1,1,1,1,0,1,1,1,1,1.0,1,0,1,1,1,1,1,1,1,1,0,1,1,1,0,1,1,0,0.9444444444444444
KO107,1,1,1,0,1,1,1,1,1,1,1,1,1,1,1,1,0,1.0,0,0,1,0,0,1,1,1,1,1,0,1,0,1,1,1,0,1,0.8888888888888888
KO108,0,1,1,1,1,1,1,1,0,1,1,1,1,1,1,0,0,1.0,0,0,1,0,1,1,0,1,1,1,1,1,1,1,0,0,1,1,0.7777777777777778
KO109,1,1,1,1,1,1,1,1,0,1,1,1,1,1,0,1,0,1.0,1,0,0,0,0,0,0,0,1,1,0,1,0,1,1,1,1,0,0.8333333333333334
KO110,1,1,1,1,1,1,1,1,1,1,1,1,1,1,1,0,1,1.0,1,1,1,1,1,1,1,1,1,1,0,1,1,1,0,1,1,0,0.9444444444444444
KO111,1,1,1,1,1,1,1,1,1,1,1,1,1,0,1,1,1,1.0,1,1,1,0,1,1,1,1,1,1,1,1,1,1,1,1,0,0,0.9444444444444444
KO112,1,1,1,1,1,1,1,1,1,1,1,1,1,1,1,0,1,1.0,0,0,1,0,0,0,1,0,1,1,1,0,1,0,0,1,1,0,0.9444444444444444
KO113,1,1,1,1,1,1,1,1,1,0,1,1,0,1,1,1,0,1.0,1,0,1,0,0,0,0,0,1,1,1,1,1,1,0,0,0,1,0.8333333333333334
KO115,1,1,1,1,1,1,1,1,1,1,1,1,1,0,1,0,0,1.0,1,0,1,0,1,0,0,0,0,1,1,1,1,1,0,1,0,0,0.8333333333333334
KO116,1,1,1,1,1,1,1,1,1,0,1,1,0,1,1,0,1,1.0,1,0,1,0,1,0,1,1,1,1,0,1,1,1,0,1,0,1,0.8333333333333334
KO118,1,1,1,1,1,1,1,1,1,1,1,1,1,1,1,1,0,1.0,0,0,1,0,0,0,0,0,1,1,0,1,1,1,1,1,0,1,0.9444444444444444
KO120,1,1,1,1,1,1,1,1,1,1,0,1,1,1,1,1,1,1.0,1,1,0,0,1,1,0,1,1,1,1,1,1,1,0,1,1,0,0.9444444444444444
KO121,1,1,1,1,1,1,1,1,1,1,1,1,1,1,1,1,0,1.0,0,1,1,1,1,1,0,0,1,1,0,0,1,1,0,0,1,0,0.9444444444444444
KO123,1,1,1,1,1,1,1,1,0,1,1,1,0,1,1,1,0,1.0,1,0,1,0,1,0,0,1,1,1,1,1,0,0,1,0,0,0,0.8333333333333334
KO124,1,1,1,0,1,1,1,1,1,1,1,1,0,1,1,0,1,1.0,1,0,1,0,0,1,1,1,1,1,1,0,1,1,1,1,0,0,0.8333333333333334
KO125,1,1,1,1,1,1,1,1,1,1,1,1,0,1,1,1,0,1.0,1,0,0,0,1,1,0,0,0,1,1,1,1,1,1,0,0,0,0.8888888888888888
KO126,1,0,1,0,1,1,0,1,1,1,1,1,1,1,1,1,1,1.0,1,0,0,0,1,0,0,1,1,1,1,1,1,1,1,1,1,0,0.8333333333333334
KO127,1,1,1,1,1,1,1,0,1,1,1,1,1,1,1,1,1,1.0,0,0,1,0,0,0,1,1,1,1,0,1,0,1,0,1,1,1,0.9444444444444444
KOR103,1,1,1,1,1,1,1,1,1,1,1,1,0,1,1,1,1,1.0,1,0,0,0,1,0,0,0,1,1,0,0,1,1,1,0,0,0,0.9444444444444444
KOR104,1,1,1,1,1,1,1,1,1,1,1,0,0,1,1,1,1,1.0,1,0,1,0,1,1,0,0,1,1,1,1,1,1,1,1,0,1,0.8888888888888888
KOR105,1,1,1,1,1,1,0,1,1,1,1,1,0,1,1,1,1,1.0,1,1,1,1,1,1,1,1,1,1,1,1,1,1,1,1,1,1,0.8888888888888888
KOR106,1,1,1,1,1,1,1,1,1,1,1,1,0,1,1,1,1,1.0,1,1,0,0,1,0,0,0,1,1,1,0,1,1,0,0,0,0,0.9444444444444444
KOR107,1,1,1,1,1,1,1,1,1,1,0,1,1,1,1,1,1,1.0,1,1,1,1,1,1,1,1,1,1,1,1,1,1,1,1,1,0,0.9444444444444444
KOR108_2,1,1,1,1,1,1,1,1,1,1,1,1,0,1,1,1,1,1.0,1,0,1,0,1,1,0,0,1,1,1,1,1,1,1,1,1,0,0.9444444444444444
KOR109,1,1,1,1,1,1,1,1,1,1,1,0,1,1,1,1,0,1.0,1,0,1,1,0,1,0,1,1,1,1,1,1,1,1,1,0,1,0.8888888888888888
KOR110,1,1,1,0,1,0,1,1,1,1,1,1,1,1,1,1,0,1.0,1,1,0,0,1,1,1,0,1,1,1,1,1,1,1,1,0,0,0.8333333333333334
KOR111,1,1,1,1,1,1,1,1,1,1,0,1,0,1,1,1,1,1.0,1,0,1,0,1,0,0,0,1,1,1,1,1,1,0,0,0,1,0.8888888888888888
KOR114,1,1,0,1,1,1,1,1,1,0,1,1,1,1,0,1,1,1.0,0,1,0,0,1,1,1,1,1,1,1,1,1,1,1,0,0,1,0.8333333333333334
KOR115,1,1,1,1,1,1,1,1,1,1,1,0,1,1,1,1,1,1.0,1,1,1,0,0,1,0,0,1,1,1,1,1,1,1,1,1,1,0.9444444444444444
KOR116,0,1,1,1,1,1,1,1,1,1,0,1,1,0,1,1,0,1.0,0,0,0,0,0,0,0,0,0,1,1,0,1,1,0,0,1,0,0.7777777777777778
KOR117,1,1,0,0,1,0,0,1,1,0,0,1,1,1,0,0,0,0.0,0,1,1,0,0,0,0,0,0,0,0,1,1,1,1,0,1,0,0.4444444444444444
KOR118,1,1,1,1,1,1,1,1,0,1,1,1,1,1,1,1,1,1.0,1,1,0,0,1,0,0,1,1,1,1,0,1,0,1,1,1,0,0.9444444444444444
KOR120,1,1,1,1,1,1,1,1,1,1,1,1,1,1,1,1,0,1.0,1,1,1,1,1,0,0,1,1,1,1,1,1,1,1,0,1,1,0.9444444444444444
KOR123,1,1,0,1,1,0,1,1,1,1,1,1,0,0,1,0,0,0.0,1,1,1,0,1,1,0,1,1,1,0,1,1,1,1,1,1,0,0.6111111111111112
KOR125,1,1,1,1,1,1,1,1,1,1,1,1,0,1,1,1,1,1.0,1,1,1,0,1,0,1,1,1,1,1,1,1,1,1,0,0,1,0.9444444444444444
KOR126,1,1,1,1,1,1,0,1,1,1,1,1,1,1,0,1,1,1.0,1,0,0,0,1,1,1,1,1,1,0,1,1,1,0,1,0,1,0.8888888888888888
KOR127,1,1,1,1,1,1,1,1,1,1,1,1,0,1,1,1,1,1.0,1,1,1,1,1,1,1,1,1,1,1,0,1,1,1,1,1,0,0.9444444444444444
KOR129,1,1,1,1,1,1,1,1,0,0,1,1,1,1,1,1,1,1.0,1,1,1,1,1,1,0,1,1,1,1,1,1,1,1,0,1,0,0.8888888888888888
KOR202,1,1,1,1,1,1,1,1,1,0,1,1,1,1,1,0,0,1.0,1,1,1,0,1,1,1,1,1,1,1,1,1,1,1,1,0,0,0.8333333333333334
KOR203,1,0,1,1,1,1,1,1,1,1,1,1,1,1,1,0,1,1.0,0,1,1,1,1,1,0,0,0,1,1,0,1,1,0,0,0,1,0.8888888888888888
LA101,1,1,1,1,1,1,1,1,1,0,1,1,1,1,1,1,1,,1,1,1,1,1,1,1,0,1,1,0,1,1,1,1,1,0,0,0.9411764705882353
LA102,1,1,1,1,1,1,1,1,1,1,0,1,1,1,1,1,1,,1,1,0,1,1,0,1,1,1,1,0,1,1,1,0,1,0,0,0.9411764705882353
LA104,1,0,1,1,1,0,1,0,1,1,1,1,0,0,1,1,1,,0,1,0,1,0,0,0,0,1,1,0,1,1,0,0,0,0,1,0.7058823529411765
TB103,1,1,1,1,1,1,1,1,1,1,1,1,0,1,1,0,1,1.0,1,1,1,0,1,1,1,1,1,1,0,1,1,1,1,1,1,0,0.8888888888888888
TB105,1,1,1,1,1,1,1,1,0,1,0,1,0,1,1,1,0,1.0,0,1,1,0,1,1,0,1,1,1,1,0,1,1,0,1,0,0,0.7777777777777778
TB107,1,1,1,1,1,1,1,1,1,1,0,1,1,1,1,1,1,1.0,1,1,1,0,1,1,0,0,1,1,0,0,1,1,0,1,0,0,0.9444444444444444
TB108,1,1,1,1,0,0,1,1,1,1,1,1,1,1,1,1,1,1.0,1,0,0,0,1,1,1,1,1,1,1,0,1,1,1,0,0,0,0.8888888888888888
TB140,1,1,1,1,1,1,1,1,1,1,1,1,1,1,1,0,1,1.0,1,1,1,1,1,1,1,1,1,1,1,1,1,1,1,0,1,1,0.9444444444444444
