condition,gramm,gramm,gramm,gramm,gramm,gramm,gramm,gramm,gramm,gramm,gramm,gramm,gramm,gramm,gramm,gramm,gramm,gramm,pragm,pragm,pragm,pragm,pragm,pragm,pragm,pragm,pragm,pragm,pragm,pragm,pragm,pragm,pragm,pragm,pragm,pragm
trial,0,1,2,3,4,5,6,7,8,9,10,11,12,13,14,15,16,17,0,1,2,3,4,5,6,7,8,9,10,11,12,13,14,15,16,17
sentence,"A hal kék, de nem pöttyös.","A zsiráfnak van egy hosszú, kockás, fekete-fehér nyakkendője.",A kisfiú palacsintát süt a bohócnak.,A kecskét a kakas kergeti.,A lány az ágyon ugrál és a macska a szőnyegen fekszik.,"A pöttyös labda nagyobb, mint a csíkos kancsó",A sárga táska a zöld széken van,A zöld csésze a kockás vödör fölött van.,"A fiú, aki megpuszilja a lányt, az barna hajú.","A szív, ami a négyzetben van, az pöttyös.","A boszorkány, aki a seprűn lovagol, ellopta a nyakláncot.","A kislány, aki a busz elejénél áll, piros szoknyában van.","A sárkány, aki a szekrény mögé bújt, csokit eszik.","A könyv azon a tányéron van, ami kék.","A lány azt a macskát kergeti, ami kövér.","A felhő, ami előtt a madár van, az lila.","A róka, amit a malac kerget, az kicsi.","A bohóc alszik, de az elefánt nem.",A malac locsolja meg a fát.,A szarvas a tévét szereli meg.,A szoba egy rettenetes disznóól.,A hegedűtanár egy sárkány.,Pisti egy igazi éjszakai bagoly.,Julcsi húga nagyon nyuszi volt a mikulásünnepségen.,A kislánynak van legalább 3 kutyája.,A legtöbb malac kapott kukoricát,Néhány alma kigurult a kosárból.,A festő rajzolt egy házat.,A fiú már elkészült a homokvárral.,A virágot már kiszínezte a bohóc.,A malac is felmászott a fára.,A fiú a békát is megfogta.,Piros lufit minden gyerek kapott.,Kalapja a libának is van.,"De ügyes vagy, hogy eltörted a poharat.","Látom, lustálkodtál egész nap, meg is telt a kosár."
ID,gramm_0,gramm_1,gramm_2,gramm_3,gramm_4,gramm_5,gramm_6,gramm_7,gramm_8,gramm_9,gramm_10,gramm_11,gramm_12,gramm_13,gramm_14,gramm_15,gramm_16,gramm_17,pragm_0,pragm_1,pragm_2,pragm_3,pragm_4,pragm_5,pragm_6,pragm_7,pragm_8,pragm_9,pragm_10,pragm_11,pragm_12,pragm_13,pragm_14,pragm_15,pragm_16,pragm_17
1001,1,0,1,1,1,1,1,1,1,1,0,1,0,1,1,0,0,,0,1,1,0,1,1,1,1,1,1,0,1,1,1,0,1,1,0
1002,1,1,1,1,1,1,1,1,1,1,1,1,1,1,1,1,1,,0,1,1,1,1,1,1,1,1,1,0,1,1,1,0,1,1,0
1004,1,1,1,1,1,1,1,1,1,1,1,1,0,1,1,1,1,,1,0,1,1,1,1,1,1,1,1,1,1,1,1,1,1,0,1
1005,1,1,1,1,1,1,1,1,1,1,1,1,1,1,1,1,1,,0,1,0,1,1,1,1,1,1,1,0,0,1,1,1,1,1,1
1102,1,1,1,1,1,1,1,1,1,1,1,1,1,1,1,1,1,,1,0,1,1,1,1,1,1,1,1,1,0,1,1,1,1,1,0
1103,1,1,1,1,1,1,1,1,1,1,0,1,1,1,1,0,0,,0,1,1,0,1,1,1,1,1,1,1,1,1,1,0,1,1,0
113,1,1,1,1,1,1,1,1,1,1,1,1,0,1,1,1,1,,1,1,1,0,1,1,1,1,1,1,1,1,1,1,1,1,1,0
1201,1,1,1,1,1,1,1,1,0,1,1,1,1,1,1,1,0,,1,1,1,1,1,1,1,1,1,1,1,1,1,1,1,1,1,1
1202,1,1,1,1,1,1,1,1,1,1,1,1,1,1,1,1,1,,1,0,1,1,1,1,0,1,1,1,1,1,1,1,1,1,0,1
1203,1,1,1,1,1,1,1,1,1,1,1,1,1,1,1,1,0,,1,1,1,1,1,1,1,1,1,1,1,1,1,1,1,0,1,0
1204,1,1,1,1,1,1,0,1,1,1,1,1,1,1,1,1,1,,0,1,1,1,1,1,1,1,1,1,1,1,1,1,0,1,1,1
1205,1,1,1,1,0,1,1,1,1,1,1,1,1,1,1,1,1,,0,1,1,0,1,1,1,1,1,1,0,1,1,1,1,1,1,1
1206,1,1,1,1,1,1,1,1,1,1,1,1,1,1,1,1,1,,1,1,1,0,1,1,1,1,1,1,1,1,1,1,0,0,1,1
1207,1,1,1,1,1,1,1,1,1,1,1,1,1,1,1,1,1,,1,0,1,1,1,1,1,0,1,1,1,1,1,1,1,1,1,1
1208,1,1,1,1,1,1,1,1,1,1,1,1,1,1,1,1,1,,1,1,1,1,1,1,1,1,1,1,1,1,1,1,1,1,1,0
1209,1,1,1,1,1,1,1,1,1,1,1,1,1,1,1,1,1,,0,0,1,1,1,1,1,0,1,1,1,1,1,1,1,1,1,1
1210,1,1,1,0,1,1,1,1,1,1,1,0,1,1,1,1,1,,1,1,1,0,1,1,1,1,1,1,1,1,1,1,1,1,0,0
1211,1,1,1,1,1,1,1,1,1,1,1,1,1,1,1,0,0,,0,1,1,0,1,0,1,0,1,0,0,1,0,1,0,1,0,0
1212,1,1,1,1,1,1,1,1,1,1,1,1,1,1,1,1,1,,1,1,1,0,1,1,1,1,1,1,1,1,1,1,1,1,0,0
1213,1,1,1,1,1,1,0,1,1,1,0,1,1,1,1,1,1,,1,0,1,0,1,1,0,1,1,1,1,1,1,1,1,1,0,1
1214,1,1,1,1,1,1,1,1,1,1,1,1,0,1,1,0,1,,0,1,1,1,1,1,1,1,1,1,1,1,1,1,1,1,1,1
1215,1,1,1,1,1,1,1,1,1,1,1,1,1,1,0,1,1,,0,0,1,0,1,1,0,1,1,1,0,1,1,1,0,0,1,1
1303,1,1,1,1,1,1,1,1,1,1,1,1,1,1,1,1,1,,1,1,1,1,1,1,1,1,1,1,1,1,1,1,1,1,1,1
1304,1,1,1,1,1,1,1,1,1,1,1,1,0,1,1,1,0,,1,1,1,0,1,1,0,1,1,1,0,1,1,1,1,1,0,0
1305,1,1,1,0,1,0,1,1,1,1,0,1,1,1,1,1,1,,1,1,1,0,1,1,1,1,1,1,1,1,1,1,1,1,0,1
1306,1,1,1,1,1,1,1,1,1,1,1,1,1,0,1,1,1,,1,1,0,0,0,1,1,1,1,1,1,1,1,1,0,0,0,1
1307,0,1,0,1,1,1,0,1,1,0,1,1,0,1,1,1,1,,0,1,1,1,1,1,1,0,1,1,1,0,1,1,1,0,0,0
1308,1,1,1,1,1,1,1,1,1,1,1,1,1,1,1,1,1,,1,1,1,1,1,1,0,0,1,1,1,1,1,1,0,0,1,0
1309,1,1,1,1,1,1,1,1,1,1,1,1,1,1,1,1,1,,1,1,1,1,1,1,1,1,1,1,1,1,1,1,1,0,1,1
1310,1,1,1,1,1,1,1,1,1,0,0,0,1,1,1,0,1,,1,1,1,1,1,1,1,0,1,1,1,1,1,1,0,1,1,1
1312,1,1,1,1,1,1,1,1,1,1,1,1,1,1,1,1,0,,0,1,0,0,1,1,0,0,1,1,0,1,0,1,0,0,0,0
1313,1,1,1,1,1,1,1,1,1,1,1,1,0,1,1,1,1,,1,1,1,1,1,1,1,1,1,1,0,1,1,1,0,0,1,1
1314,1,1,1,1,1,1,1,1,1,1,1,1,1,1,1,1,1,,1,1,0,0,1,0,1,1,1,1,1,1,1,1,0,1,1,1
1315,1,1,1,1,1,1,1,1,1,1,1,1,1,1,1,1,0,,1,1,1,1,1,1,1,0,1,1,1,1,1,1,1,0,1,0
1316,1,1,1,1,1,1,1,1,1,1,1,1,0,1,1,1,1,,0,1,1,1,1,1,0,1,1,1,0,0,1,0,0,0,1,0
1317,1,1,1,1,1,1,1,1,1,1,1,1,1,1,1,0,1,,1,0,1,1,1,1,1,0,1,1,0,1,1,1,0,1,1,0
1318,1,1,1,1,1,1,1,1,1,1,1,1,1,1,1,1,1,,1,1,1,1,1,1,1,1,1,1,1,1,1,1,0,0,1,1
1320,1,1,1,1,1,1,1,1,1,1,1,1,1,1,1,1,1,,0,1,1,0,1,1,1,1,1,0,1,1,1,0,1,0,1,0
1321,1,1,1,1,1,1,0,1,1,1,0,1,1,1,1,1,1,,1,1,1,1,1,1,1,1,1,1,1,1,1,1,1,0,1,0
1322,1,1,1,1,1,1,1,1,1,1,0,1,0,1,0,0,0,,0,1,1,0,1,1,1,0,1,1,0,1,1,1,1,0,1,1
1323,1,1,1,1,1,1,1,1,1,1,1,1,1,1,0,1,1,,1,1,1,0,1,1,1,0,1,1,1,1,1,1,1,1,1,1
1324,1,1,1,1,1,1,1,1,1,1,0,1,1,1,1,0,1,,0,1,1,1,1,0,1,1,1,1,1,1,1,1,1,0,0,0
1325,1,1,1,1,1,1,1,1,1,1,1,1,1,1,1,1,1,,1,1,0,0,1,1,0,1,1,1,1,1,1,1,1,1,1,0
1327,1,1,1,1,1,1,1,1,1,1,1,1,1,1,1,1,1,,0,0,1,1,1,1,0,1,1,1,1,1,1,1,1,1,1,0
1328,1,1,1,1,1,1,0,1,1,0,1,1,0,1,1,1,1,,0,1,1,1,1,1,1,1,1,1,0,0,1,1,0,1,1,0
1329,1,1,1,0,1,1,1,1,1,1,1,1,1,1,1,0,0,,1,1,1,1,1,1,1,1,1,1,1,1,1,1,1,1,1,1
1331,1,1,1,1,1,1,1,1,1,1,1,1,1,1,1,1,1,,1,1,1,1,1,1,1,1,1,0,0,1,0,1,1,1,1,1
1332,1,1,1,1,1,1,1,1,1,1,1,1,0,1,1,1,1,,1,1,1,0,1,1,1,1,1,1,1,1,1,1,1,1,0,0
1334,1,1,1,1,1,1,1,1,1,1,1,1,1,1,1,1,1,,1,1,1,1,1,1,0,1,1,1,1,1,1,1,1,1,1,0
1335,1,1,1,1,1,1,1,1,1,1,1,1,1,1,1,1,1,,1,0,1,1,1,1,1,1,1,1,1,1,1,1,0,0,1,1
1336,1,1,1,1,1,1,1,1,1,1,1,1,0,1,1,1,1,,1,1,1,1,1,1,1,1,1,1,1,0,1,1,0,0,1,0
1337,1,1,1,0,1,1,0,0,0,0,1,1,1,0,0,0,1,,1,0,0,0,1,0,1,1,0,0,0,1,1,0,0,0,0,1
1338,1,1,1,1,1,1,1,1,1,1,1,1,1,1,1,1,1,,0,1,0,1,1,1,0,0,1,1,1,0,0,1,0,1,1,0
1339,1,1,1,1,1,1,1,1,1,1,1,1,1,0,1,0,1,,1,0,1,0,1,1,0,1,1,1,1,1,0,0,0,0,0,0
1341,1,1,1,1,1,1,1,1,1,1,1,1,0,1,1,0,1,,1,1,1,1,1,1,1,1,1,1,1,1,1,1,1,0,0,0
1342,1,1,1,1,1,1,1,1,1,1,1,1,1,1,1,1,1,,0,0,1,1,1,1,1,1,1,1,1,1,1,1,1,1,1,1
1343,1,1,1,1,1,1,1,1,1,1,1,1,1,1,1,1,1,,1,1,1,1,1,1,1,1,1,1,1,1,1,1,0,0,0,0
1344,1,1,1,1,1,1,1,1,1,1,1,1,1,1,1,0,1,,1,1,1,1,1,0,0,1,1,1,1,1,1,1,0,0,0,1
1345,1,1,1,1,1,1,1,1,1,1,1,1,1,1,1,1,1,,1,1,1,0,1,0,1,0,1,0,1,1,1,1,1,1,0,1
1346,1,1,1,1,1,1,1,1,1,1,1,1,1,1,1,1,1,,1,1,1,1,1,1,1,1,1,1,1,1,0,1,1,0,0,0
1347,1,1,1,1,1,1,1,1,0,1,1,1,1,1,1,1,1,,0,0,1,0,0,1,0,1,1,1,1,1,1,1,1,1,0,0
1348,1,1,1,1,1,1,1,1,1,1,1,1,0,1,1,1,1,,1,1,1,0,1,1,1,1,1,1,1,1,1,1,0,1,1,0
1349,1,1,1,1,1,1,1,1,1,1,1,1,0,1,1,0,1,,0,1,1,0,1,1,1,1,1,0,0,1,1,1,1,1,1,1
135,1,1,1,1,1,1,1,1,1,0,1,1,1,0,1,1,1,1,1,0,1,1,1,1,0,1,1,1,1,1,1,1,0,1,1,1
1350,1,1,1,1,1,1,0,1,1,1,1,1,1,1,1,1,1,,1,1,1,0,1,1,0,0,1,1,1,1,1,1,1,1,1,1
1351,1,1,1,1,1,1,1,1,1,1,1,1,1,1,1,1,1,,0,0,1,1,1,1,1,1,1,1,1,1,1,1,1,1,1,1
1352,1,1,1,1,1,1,1,1,1,1,1,1,1,1,1,1,1,,1,1,1,0,1,1,1,1,1,1,1,0,1,1,1,1,0,1
1353,1,0,1,1,1,0,1,1,1,1,1,1,1,1,1,1,1,,1,1,1,1,1,1,0,1,1,1,1,1,0,1,1,1,1,0
1354,1,1,1,1,1,1,1,1,1,1,1,1,1,1,1,1,1,,0,1,1,1,1,1,1,1,1,1,1,1,0,1,1,1,1,0
1356,1,1,1,1,1,1,1,1,1,1,1,1,0,1,1,1,1,,0,1,1,1,1,1,1,1,1,1,1,1,1,1,0,0,1,0
1357,1,1,1,1,1,1,1,1,1,1,1,1,1,1,1,1,1,,0,1,1,0,1,1,0,1,1,1,1,1,1,1,1,0,0,0
1358,1,1,1,1,1,1,1,1,1,1,1,1,1,1,1,1,1,,1,1,1,1,1,1,0,0,1,1,1,1,1,1,0,0,1,0
1359,1,1,1,1,1,1,1,1,1,1,1,1,1,1,1,1,1,,0,1,1,1,1,1,1,1,1,1,1,1,1,1,1,1,1,0
1360,1,1,1,1,1,1,1,1,1,1,1,1,1,1,1,0,1,,1,1,1,1,1,1,0,1,1,0,1,1,1,1,0,0,1,1
1361,1,1,1,1,1,1,1,1,1,1,1,1,1,1,1,1,1,,1,1,1,1,1,1,1,1,1,1,1,1,1,1,1,1,1,0
1362,1,1,1,1,1,1,1,1,1,1,1,1,1,1,1,1,1,,1,1,1,1,1,1,1,0,1,1,0,1,1,1,1,1,1,0
1363,1,1,1,0,1,1,1,1,1,1,1,1,0,1,1,1,1,,1,1,1,1,1,1,1,1,1,1,1,1,1,1,1,0,1,1
1364,1,0,1,1,1,1,1,1,1,1,1,1,1,1,1,0,0,,0,0,0,0,0,0,1,0,0,0,0,0,1,0,1,0,0,0
1365,1,1,1,1,1,1,1,1,1,1,1,1,1,1,1,1,1,,1,0,1,1,1,1,0,1,1,1,1,1,1,1,0,0,0,0
1367,1,1,1,1,1,1,1,1,1,1,1,1,1,1,1,0,1,,1,1,1,1,1,1,0,1,1,1,1,1,1,1,1,0,1,1
1368,1,1,1,1,1,1,1,1,1,1,1,1,0,1,1,0,1,,1,1,1,1,1,1,0,1,1,1,1,1,1,1,1,0,1,1
1369,1,1,1,1,1,1,1,1,1,1,1,1,0,1,1,1,1,,1,1,1,0,0,1,0,1,1,1,0,1,1,1,0,0,0,0
137,1,1,1,1,1,1,1,1,1,1,1,1,1,1,1,1,1,,0,1,1,1,1,1,0,1,1,1,1,1,1,1,1,1,1,1
1370,1,1,1,1,1,1,1,1,0,1,1,1,0,0,1,1,1,,0,0,1,0,0,1,0,0,1,1,0,1,1,1,0,1,1,0
1371,1,1,1,1,1,1,1,1,1,1,1,1,1,1,1,1,1,,0,0,0,1,1,1,0,1,0,1,0,0,1,1,0,0,1,1
1372,1,1,1,1,1,1,1,1,1,1,1,1,0,1,1,1,1,,1,1,1,1,1,1,1,1,1,1,1,1,1,1,1,1,1,0
1373,1,1,1,1,1,1,1,1,1,1,1,1,1,1,1,1,1,,1,0,1,1,1,1,1,1,1,1,0,1,1,1,0,1,1,1
1374,1,1,1,0,1,1,1,1,1,1,1,1,1,1,1,1,1,,1,1,0,1,1,1,1,1,1,1,1,1,1,1,0,1,1,1
1375,0,1,1,1,1,1,1,1,1,1,0,1,1,1,1,1,1,,1,1,1,0,1,1,0,1,1,1,1,1,1,1,1,1,1,1
1376,1,1,1,1,1,1,1,1,1,1,1,1,1,1,1,1,1,,0,1,0,0,1,1,0,0,1,1,1,0,1,1,0,1,0,0
1377,1,1,1,1,1,1,1,1,1,1,1,1,1,1,1,1,1,,1,1,1,0,1,1,1,1,1,1,1,1,1,1,0,1,0,0
1379,1,1,1,1,1,1,1,1,1,1,1,1,1,1,1,1,1,,1,1,1,0,1,1,1,1,1,1,1,1,1,1,1,1,1,0
1380,1,1,1,1,1,1,1,1,1,1,1,1,0,1,1,1,1,,1,0,1,1,1,1,0,1,1,1,1,1,1,1,1,1,1,1
1382,1,1,1,1,1,1,1,1,1,1,1,1,1,1,1,1,1,,1,1,1,0,1,1,1,1,1,1,0,0,1,1,0,0,1,1
1383,1,1,1,1,1,1,1,1,1,1,1,1,1,1,1,1,1,,0,1,0,0,1,1,1,1,1,1,1,1,1,1,1,1,1,1
1918,1,1,1,1,1,1,1,1,1,1,1,1,1,1,1,1,1,,1,0,0,1,1,0,1,1,1,1,1,1,1,1,0,1,1,0
200,1,1,1,1,1,1,1,1,1,1,1,1,0,1,1,0,1,,1,1,1,0,1,1,0,1,1,1,1,0,1,1,1,1,1,1
2001,1,1,1,1,1,1,1,1,1,1,1,1,1,1,1,1,0,,0,1,1,0,1,1,1,1,1,1,1,1,1,1,0,0,1,1
2002,1,1,1,1,1,1,1,1,1,1,1,1,1,1,1,1,1,,0,0,1,0,1,1,1,1,1,1,1,1,1,0,1,0,0,0
2003,1,1,1,1,1,1,1,1,1,1,1,1,1,1,1,1,1,,0,1,1,0,1,1,1,1,1,1,1,1,1,1,0,0,1,1
2004,1,1,1,1,1,1,1,1,1,1,1,1,1,1,1,1,1,,1,0,1,1,1,1,1,0,1,1,0,1,1,1,0,0,1,0
2006,1,1,1,1,1,1,0,1,1,1,1,1,1,1,1,1,1,,1,1,1,1,1,1,0,1,1,1,1,1,0,1,0,1,1,1
2007,1,1,1,1,1,1,1,1,1,1,1,1,0,1,1,1,1,,1,1,1,1,1,1,1,1,1,1,0,1,1,1,0,1,1,0
2101,1,1,1,1,1,1,1,1,1,1,1,1,0,1,1,1,1,,1,1,0,0,0,0,1,1,1,1,1,1,1,1,0,0,0,1
2102,1,1,1,1,1,1,1,1,1,1,1,1,1,1,1,1,1,,1,1,1,0,1,1,1,0,1,1,1,0,1,1,0,1,0,1
2103,1,1,1,1,1,1,1,1,1,1,0,1,1,1,1,1,1,,0,1,1,1,1,1,1,1,1,1,1,1,1,1,1,1,1,1
2201,1,1,1,1,1,1,1,1,1,1,0,1,1,1,1,1,1,,0,1,1,0,1,1,0,0,0,1,0,1,1,1,1,1,1,0
2202,1,1,1,1,1,1,1,1,1,1,1,1,0,1,1,1,1,,0,1,1,1,1,1,1,1,1,1,1,1,1,1,1,1,1,1
2203,1,1,1,1,1,1,0,1,1,1,1,1,0,1,1,1,1,,0,1,1,1,1,1,0,1,1,1,1,0,1,1,0,0,1,0
2204,1,1,1,1,1,1,1,1,1,1,1,1,0,1,1,1,1,,1,1,1,1,1,1,1,1,1,0,1,1,1,1,1,1,1,1
2205,1,1,1,1,1,1,1,1,1,1,1,1,1,1,1,1,1,,1,1,1,1,1,1,0,1,1,1,0,1,1,1,1,0,1,1
2206,1,1,1,1,1,1,1,1,1,1,1,1,1,1,1,1,1,,1,1,1,1,1,1,0,0,1,1,1,1,1,1,0,1,0,0
2207,1,1,1,1,1,1,1,1,1,1,1,1,0,1,1,0,1,,1,1,1,0,1,1,1,1,1,1,1,1,1,1,1,1,1,1
2208,1,1,1,1,1,1,1,1,1,1,1,1,1,1,1,0,1,,1,1,1,1,1,1,0,1,1,1,1,1,1,1,1,1,0,1
2210,1,1,1,1,1,1,1,1,1,1,1,1,1,1,1,1,1,,1,1,1,1,1,1,1,1,1,1,1,1,0,1,1,1,1,1
2211,1,1,1,1,1,1,1,1,1,1,1,1,0,1,1,1,1,,1,1,1,1,1,1,0,1,1,1,1,1,1,1,0,1,1,1
2212,1,1,1,1,1,1,1,1,1,1,0,1,0,1,1,0,0,,1,0,1,1,1,1,1,1,1,1,1,0,1,1,0,0,1,0
2213,1,1,1,0,1,1,0,1,1,1,1,1,1,1,1,1,1,,0,1,1,0,1,1,1,0,1,1,1,1,1,1,1,0,0,1
2214,1,1,1,1,1,1,1,1,1,1,1,1,1,1,1,1,1,,1,1,1,1,1,1,1,1,1,1,1,1,1,1,1,1,0,0
2215,1,1,1,1,1,1,1,1,1,1,1,1,1,1,1,1,1,,0,1,1,1,1,1,0,1,1,1,1,1,1,1,1,1,1,1
2301,1,1,1,1,1,1,1,1,1,1,1,1,1,1,1,1,1,,1,1,1,0,1,1,1,1,1,1,1,1,1,1,0,1,1,1
2302,1,1,1,1,1,1,1,1,1,1,1,1,1,1,1,1,1,,1,1,1,1,1,1,0,1,1,1,0,1,1,1,0,1,1,1
2303,1,1,1,1,1,1,1,1,1,1,0,1,1,1,1,1,1,,0,1,0,0,0,0,1,1,0,0,0,1,0,0,1,0,0,0
2305,0,1,1,1,1,1,0,1,1,0,1,1,0,1,1,1,1,,1,0,1,1,1,1,1,1,1,1,1,1,1,1,0,0,1,0
2306,1,1,1,1,1,1,1,1,1,1,1,1,1,1,1,1,1,,0,1,1,0,1,1,1,1,1,0,1,1,1,1,1,1,1,1
2307,1,1,1,1,1,1,0,1,1,1,0,1,1,1,1,1,1,,1,1,1,1,1,1,1,1,1,1,1,1,1,1,1,1,1,0
2308,1,1,1,1,1,1,1,1,1,1,0,1,1,1,1,1,1,,0,1,1,1,1,1,1,1,1,1,1,1,1,1,0,1,0,1
2309,1,1,1,1,1,1,1,1,1,1,1,1,1,1,1,1,1,,1,1,1,1,1,1,1,1,1,1,0,1,1,1,1,1,1,0
2310,1,1,1,1,1,1,1,1,1,1,1,1,1,0,1,1,1,,1,1,0,0,1,0,1,1,1,1,1,1,1,1,0,1,0,1
2311,1,1,1,1,1,1,1,1,1,1,1,1,1,1,1,1,1,,1,1,1,1,1,1,1,1,1,1,1,0,1,1,1,1,1,1
2312,1,1,1,1,1,1,1,1,1,1,1,1,1,1,1,0,1,,1,1,1,1,1,1,1,1,1,1,0,1,1,1,1,1,0,0
2313,1,1,1,1,1,1,1,1,1,1,1,1,1,1,1,1,1,,0,1,1,1,1,1,1,1,1,1,0,1,1,1,1,0,1,1
2314,1,1,1,1,1,1,1,1,1,0,1,1,1,1,0,0,1,,1,1,1,0,1,1,0,0,0,1,1,1,0,1,1,0,1,1
2315,1,1,0,1,1,1,1,1,1,1,1,1,1,1,1,1,1,,1,1,1,1,1,1,1,1,1,1,1,1,1,1,1,1,1,0
2316,1,1,1,1,1,1,1,1,1,1,1,1,1,1,1,1,1,,1,1,1,1,1,1,0,1,1,1,1,1,1,1,1,1,0,0
2317,1,1,1,1,1,1,1,1,1,0,1,1,1,1,1,1,1,,1,0,1,1,1,1,0,1,1,1,0,1,1,1,0,1,0,1
2318,1,1,1,1,1,1,1,1,1,1,1,1,1,1,1,1,1,,1,1,1,1,1,1,1,1,1,1,1,1,1,0,1,0,1,0
2320,1,1,1,1,1,0,1,1,1,1,1,1,0,0,1,0,1,,1,1,0,0,0,1,1,1,1,1,1,0,1,1,1,1,0,0
2321,1,1,1,1,1,1,1,1,1,0,1,1,1,1,1,1,1,,1,1,1,1,1,1,1,1,1,1,0,0,1,1,1,0,0,1
2322,1,1,1,1,1,1,1,1,1,1,1,1,1,1,1,1,1,,1,1,1,1,1,1,0,1,1,1,0,1,1,0,0,1,1,0
2323,1,1,1,1,1,1,1,1,0,1,1,1,1,1,1,1,1,,1,0,1,1,1,1,1,1,1,1,1,1,1,1,1,0,1,1
2324,1,1,1,1,1,1,1,1,1,0,1,1,1,1,1,1,0,,1,1,1,1,1,1,1,0,1,1,1,1,1,1,1,1,0,1
2325,1,1,1,1,1,1,1,0,1,1,1,1,1,1,1,1,1,,1,1,0,0,1,0,0,0,1,1,1,1,1,1,0,0,0,1
2326,1,1,1,1,1,1,1,1,1,1,1,1,0,1,1,1,1,,0,1,1,1,1,1,1,1,1,1,1,1,1,1,1,1,0,1
2327,1,1,1,1,1,1,1,0,1,1,1,1,1,1,1,1,1,,1,0,0,0,0,0,1,1,0,0,0,1,1,1,1,1,1,1
2329,1,1,1,1,1,1,1,1,1,1,0,1,1,1,1,1,1,,1,1,1,1,1,1,1,1,1,1,1,1,1,1,1,1,1,0
2330,1,1,1,1,1,1,1,1,1,1,1,1,1,1,1,1,1,,1,1,1,0,1,1,1,1,1,1,1,1,1,1,1,0,0,0
2331,1,1,1,1,1,1,1,1,1,1,1,1,0,1,1,1,1,,1,1,0,0,1,1,0,1,1,1,1,0,1,1,0,1,1,0
2332,1,1,1,1,1,0,0,0,0,1,1,0,0,1,1,1,1,,1,0,1,0,1,1,1,0,1,1,1,1,1,1,1,1,0,0
2333,1,1,1,1,1,1,1,1,1,1,1,1,0,1,1,1,1,,0,1,1,1,1,1,1,1,1,1,0,1,1,1,1,1,1,1
2334,1,1,1,1,1,1,1,0,1,1,1,1,0,1,1,1,1,,1,1,1,0,1,1,0,1,1,1,1,1,1,1,1,1,1,0
2335,1,1,1,1,1,1,1,1,1,1,1,1,0,1,1,1,1,,1,1,1,1,1,1,0,1,1,1,1,0,1,1,0,0,1,1
2336,1,1,1,1,1,1,1,1,1,1,1,1,1,1,1,1,1,,1,0,1,0,1,1,1,1,1,1,0,1,1,1,1,1,1,1
2337,1,1,1,1,1,1,1,1,1,1,1,1,1,1,1,1,1,,1,1,1,1,1,1,1,1,1,1,1,1,1,1,1,1,1,0
2338,1,1,1,1,1,1,1,1,1,1,1,1,0,1,1,1,1,,1,0,1,0,1,1,0,0,1,0,1,1,1,1,1,1,1,1
2339,1,1,1,1,1,1,1,1,0,1,1,1,1,1,1,1,0,,1,1,1,1,1,1,1,1,1,1,1,1,1,1,1,1,1,0
2340,1,1,1,1,1,1,1,1,1,1,1,1,1,1,1,1,1,,1,1,1,1,1,1,0,1,1,1,1,1,1,1,1,1,0,1
2341,1,1,1,1,1,1,1,1,1,1,1,1,1,1,1,1,1,,1,1,1,1,0,1,1,1,1,0,0,0,1,1,0,1,1,1
2342,1,1,1,0,1,1,1,0,1,0,1,1,0,1,1,1,1,,0,1,1,0,1,1,0,0,1,1,1,0,1,1,1,1,1,0
2344,1,1,1,1,1,1,1,1,1,1,1,1,1,1,1,1,1,,1,1,1,1,1,1,1,1,1,1,1,1,1,1,0,1,1,1
2345,1,1,1,1,1,1,1,1,1,1,1,1,0,1,1,1,1,,0,1,1,1,1,1,1,1,1,1,1,1,1,1,1,1,1,1
2346,1,1,1,1,1,1,1,1,1,1,1,1,1,1,0,1,1,,1,1,1,1,1,1,1,1,1,1,1,1,1,1,1,1,0,1
2347,1,1,1,1,1,1,1,1,1,0,1,1,1,1,1,1,1,,1,1,1,0,1,1,1,1,1,1,1,1,1,1,1,0,0,0
2348,1,1,1,1,1,1,1,1,1,1,1,1,1,1,1,1,1,,1,0,1,1,1,1,1,0,1,1,1,1,1,1,0,1,1,1
2349,1,1,1,1,1,1,1,1,1,1,1,1,1,1,1,1,1,,0,1,1,1,1,0,1,1,1,1,1,1,1,0,1,0,1,0
2351,1,1,1,1,1,1,1,1,1,1,1,1,1,1,1,1,1,,1,1,1,0,1,1,1,0,1,1,0,1,1,1,0,1,0,0
2352,1,0,1,1,1,1,1,1,1,1,1,1,1,1,1,1,1,,1,0,1,1,1,1,1,1,1,1,0,1,1,1,0,1,0,1
2353,1,1,0,1,1,1,1,1,1,1,1,1,1,1,1,1,1,,0,0,0,1,1,0,1,1,1,1,1,1,1,1,0,1,1,1
2354,1,1,1,1,1,1,1,1,1,1,1,1,1,1,1,1,1,,1,1,1,1,1,1,1,1,1,1,1,0,1,1,1,1,1,1
2355,1,1,1,1,1,1,1,1,1,1,1,1,1,1,1,1,1,,1,0,1,1,1,1,0,1,1,1,1,0,1,1,0,0,1,0
2356,1,1,1,0,1,1,1,1,1,0,1,1,1,1,1,0,1,,1,1,1,1,1,1,1,1,1,1,1,1,1,1,0,0,0,1
2357,1,1,0,1,1,1,1,1,1,1,1,1,1,1,1,1,1,,1,1,1,1,1,1,1,0,1,1,0,0,1,1,0,0,1,1
2358,1,1,1,1,1,1,1,1,1,1,1,1,1,1,1,1,1,,1,1,1,0,1,1,1,1,1,1,1,1,1,1,1,1,1,0
2359,1,1,1,1,1,1,1,1,1,0,1,1,1,1,1,1,1,,0,1,0,1,1,1,1,1,1,1,0,1,1,1,1,1,0,1
2360,1,1,1,1,1,1,1,1,1,1,1,1,0,1,1,1,1,,1,1,1,1,1,1,1,0,1,1,0,1,1,1,0,0,1,1
2361,1,1,1,1,1,1,1,1,1,1,1,1,1,1,1,1,1,,1,0,1,1,1,0,0,1,1,0,1,1,0,0,1,0,0,0
2362,1,1,1,1,1,1,1,1,1,1,1,1,0,1,1,1,1,,1,1,1,1,1,1,1,0,1,1,0,0,1,1,0,0,0,1
2363,1,1,1,1,1,1,1,1,1,1,1,1,1,1,1,1,1,,0,1,1,1,1,1,1,1,1,1,1,1,1,1,1,1,1,1
2364,1,1,1,1,1,1,1,1,1,0,1,1,1,1,1,1,1,,1,0,1,1,1,1,0,1,1,1,1,1,1,1,1,1,1,1
2365,1,1,1,1,1,1,1,1,1,1,1,1,1,1,1,1,1,,1,1,0,1,1,1,1,1,1,0,1,1,1,1,1,0,1,1
2366,1,1,1,1,1,1,1,1,1,1,1,1,1,1,1,1,1,,1,1,1,0,1,1,1,1,1,1,1,0,1,1,0,1,0,1
2367,1,1,1,1,1,1,1,1,1,1,1,1,0,1,1,1,1,,0,1,1,1,1,1,0,1,1,0,1,1,0,0,0,1,1,0
2368,1,1,1,1,1,1,1,1,1,1,1,1,1,1,1,1,1,,1,0,1,1,1,1,1,1,1,1,1,1,1,1,1,1,1,0
2369,1,1,1,1,1,1,1,1,1,1,1,1,0,1,1,1,1,,1,1,1,0,1,1,1,1,1,1,0,0,1,1,0,0,1,1
2370,1,1,1,1,0,1,0,1,1,0,1,1,1,1,1,1,1,,1,1,0,1,1,1,0,1,1,1,1,0,1,1,1,1,0,1
2372,1,1,1,1,1,1,1,1,1,1,1,1,1,1,1,1,1,,1,1,1,1,1,1,1,1,1,1,1,1,1,1,1,1,1,1
2373,1,1,1,1,1,1,1,1,1,1,0,1,0,1,1,1,1,,1,1,1,0,1,1,1,1,1,1,1,1,1,1,0,0,1,0
2374,1,1,1,1,1,0,1,1,1,1,1,1,0,1,1,1,0,,1,0,1,1,1,1,0,1,1,1,1,1,1,1,1,1,1,0
2375,1,1,1,1,1,1,1,1,1,0,1,1,0,1,1,1,1,,1,1,1,1,1,1,1,1,1,1,0,1,1,1,0,1,1,0
2376,1,1,1,1,1,1,1,1,1,1,1,1,1,1,1,0,1,,1,1,1,1,1,1,1,1,1,1,1,1,1,1,0,1,1,0
2377,1,1,1,1,1,0,1,1,1,1,1,1,0,1,1,1,0,,1,1,1,1,1,1,0,1,1,1,1,1,1,0,0,1,0,1
2378,1,1,1,1,1,1,1,1,1,1,1,1,1,1,1,1,1,,1,1,1,1,1,1,1,1,1,1,1,0,1,1,0,1,1,1
2380,1,1,1,1,1,1,1,1,1,1,0,1,1,1,1,0,1,,1,0,1,1,1,0,0,1,1,1,1,1,1,1,1,0,1,0
2381,1,1,1,1,1,1,1,1,1,1,1,1,1,1,1,1,1,,1,0,1,1,1,1,1,1,1,1,1,1,1,1,1,0,1,0
24,1,1,1,1,1,1,1,1,1,1,1,1,1,1,1,1,1,,1,1,1,1,1,1,0,1,1,1,1,1,1,1,1,0,1,1
3001,1,1,1,1,1,1,1,1,1,1,1,1,1,1,1,0,1,,1,1,1,0,1,1,0,0,1,1,1,1,0,1,0,1,1,1
3002,1,1,1,1,1,1,1,1,1,0,1,1,0,1,1,1,1,,1,1,1,0,1,1,1,1,1,1,1,1,1,1,1,1,1,0
3003,1,1,1,1,1,0,1,1,1,0,1,1,1,0,1,0,1,,0,1,0,0,1,1,1,0,1,1,1,1,1,1,0,1,0,1
3004,1,1,1,1,1,1,1,1,1,1,1,1,0,1,1,1,1,,1,1,0,1,1,1,1,1,1,1,1,1,1,1,1,1,1,0
3005,0,1,1,1,1,1,1,1,1,1,1,1,1,1,1,1,1,,1,1,1,1,0,1,0,0,1,1,0,1,1,1,1,1,1,0
3006,1,1,1,1,1,1,1,1,1,1,1,0,1,1,1,1,1,,1,1,1,1,1,1,1,1,1,1,1,1,1,0,1,1,1,0
3007,1,1,1,1,1,1,1,1,1,1,1,1,1,1,1,1,1,,1,1,1,1,1,1,1,1,1,1,1,1,1,1,1,1,1,1
3035,1,1,1,1,1,1,1,1,1,1,1,1,1,1,1,1,1,,1,0,1,0,1,1,0,1,1,1,1,0,1,1,0,1,1,1
3101,1,1,1,1,0,1,1,1,1,1,1,1,1,1,1,1,1,,1,1,1,1,1,1,0,1,0,1,1,1,1,1,1,0,1,0
3102,1,1,1,1,0,1,1,1,1,1,1,1,1,1,1,1,1,,0,0,1,0,1,1,1,1,1,1,0,1,1,1,0,1,0,0
3103,1,1,1,1,1,1,1,1,1,0,0,1,1,1,1,0,1,,1,1,0,0,1,0,0,1,1,1,0,1,1,1,1,0,1,1
3201,1,1,1,1,0,0,1,1,1,1,1,1,1,1,1,1,1,,1,1,1,1,1,1,1,1,1,1,1,1,0,1,0,1,1,1
3202,1,1,1,1,1,1,1,1,1,1,1,1,1,1,1,0,1,,1,1,1,1,1,1,1,1,1,0,1,1,1,1,0,0,1,1
3203,1,1,1,1,1,1,1,1,1,1,1,0,0,1,1,0,0,,1,1,1,1,1,0,0,1,1,1,1,1,1,1,1,0,1,1
3204,1,1,1,1,1,1,1,1,1,1,1,0,1,1,1,1,1,,0,0,1,0,1,0,1,0,0,1,1,0,1,0,0,1,1,0
3205,1,1,1,1,1,0,0,1,1,0,0,1,1,1,1,1,1,,0,0,1,0,1,1,1,0,1,1,0,1,1,1,1,0,1,0
3206,1,1,1,1,1,1,1,1,1,1,1,1,1,1,1,1,1,,1,1,1,1,1,1,1,1,1,1,0,0,1,1,0,1,1,1
3207,1,1,1,1,1,1,0,1,1,1,1,1,0,1,1,1,1,,1,1,1,1,1,1,1,0,1,1,0,1,1,1,1,1,0,1
3208,1,1,1,1,1,1,1,1,1,0,1,1,0,1,1,0,0,,0,1,1,0,0,1,0,0,1,1,1,1,1,1,0,1,0,1
3209,1,1,1,1,1,1,0,1,1,1,1,1,1,1,1,1,1,,0,1,1,1,1,1,0,1,1,1,1,1,1,0,1,1,1,1
3210,1,1,1,1,1,1,0,1,1,1,1,1,1,1,1,1,1,,0,1,1,0,1,1,0,1,1,1,0,1,1,1,1,0,1,1
3211,1,1,0,1,1,1,1,1,1,1,1,1,0,1,1,0,1,,0,1,1,1,1,1,0,1,1,1,1,1,1,1,1,0,1,0
3212,1,1,1,1,1,1,1,1,1,1,0,1,1,1,1,1,1,,1,1,1,1,1,1,0,1,1,1,1,1,1,1,1,1,1,0
3213,1,1,1,1,1,1,1,1,1,1,1,1,0,1,1,1,1,,0,1,1,0,1,1,1,1,1,1,0,1,1,1,1,1,1,1
3214,1,1,1,1,1,1,1,1,1,1,1,1,1,1,1,1,1,,1,0,1,0,1,1,1,1,1,1,1,1,1,1,0,1,0,0
3301,1,1,1,1,1,1,1,1,1,1,0,1,1,1,1,1,1,,1,1,1,0,1,1,0,1,1,1,1,1,1,1,1,1,1,0
3302,1,1,1,1,1,1,1,1,1,1,1,1,1,1,1,1,1,,1,1,1,1,1,1,1,1,1,1,1,1,1,1,1,0,1,1
3303,1,1,1,1,1,1,0,1,1,1,1,1,1,1,1,1,1,,1,0,1,0,0,1,0,0,1,1,1,1,1,1,0,1,1,1
3304,1,1,1,1,1,1,1,1,1,1,1,1,1,1,1,1,1,,0,1,0,1,1,0,0,1,1,1,0,1,1,1,1,0,0,1
3305,1,1,1,1,1,1,1,1,1,1,1,1,1,1,1,1,1,,0,1,1,0,1,0,1,0,1,1,1,1,1,1,1,0,1,1
3306,1,1,1,1,1,1,1,1,1,1,1,1,1,1,1,1,1,,1,1,1,0,1,1,1,1,1,1,1,1,1,1,1,1,0,1
3307,1,1,1,1,1,1,1,1,1,1,1,1,1,1,1,0,1,,1,1,1,1,1,1,1,1,1,1,1,1,1,1,0,1,1,1
3308,1,1,1,1,1,1,1,1,1,1,1,1,1,1,1,1,1,,0,1,1,1,1,1,1,1,1,1,1,1,1,0,1,1,0,1
3309,1,0,1,1,1,1,0,1,1,1,1,1,1,1,1,1,1,,1,0,1,1,1,1,1,1,1,1,1,1,1,0,0,0,1,1
3310,1,1,1,1,1,1,1,1,1,1,1,1,1,1,1,1,1,,1,1,1,1,1,1,0,1,1,1,1,0,1,1,0,1,1,1
3311,1,1,1,1,1,0,1,1,1,1,0,1,0,1,1,1,1,,0,1,1,1,1,1,1,1,1,0,1,1,1,1,1,1,1,0
3312,1,1,1,1,1,1,0,1,1,1,1,1,0,1,1,1,1,,0,1,1,0,1,1,0,1,0,1,1,0,1,1,0,1,1,0
3313,1,1,1,1,1,1,1,1,1,1,1,1,1,0,1,1,1,,1,1,1,1,1,1,0,0,1,1,1,1,1,1,1,1,0,1
3314,1,1,1,1,1,1,1,1,1,1,1,1,1,1,1,1,1,,1,1,1,0,1,1,1,0,1,0,1,1,1,1,0,1,1,1
3316,1,1,1,1,1,1,1,1,1,1,1,1,1,1,1,0,1,,1,1,1,1,1,1,1,1,1,1,1,1,1,1,1,1,1,0
3317,1,1,1,1,1,1,1,1,1,1,1,1,0,1,1,1,1,,1,0,1,1,1,1,1,1,1,1,0,1,1,1,1,1,0,1
3318,1,1,1,1,1,1,1,1,1,0,0,1,1,1,1,1,0,,0,1,1,0,0,1,0,0,0,1,0,1,0,1,1,0,0,1
3319,1,1,1,1,1,1,1,1,1,1,1,1,0,1,1,1,1,,1,1,1,0,1,1,1,1,1,1,1,1,1,1,0,1,1,1
3320,1,1,1,1,1,1,1,1,1,1,1,1,1,1,1,1,1,,1,1,1,0,1,1,1,1,1,1,0,1,1,1,1,1,1,0
3321,1,1,1,1,1,1,0,1,0,1,1,0,0,1,1,1,1,,1,1,1,0,1,1,1,1,1,1,0,1,1,1,0,1,1,0
3322,1,1,1,1,1,1,1,1,1,1,1,1,1,1,0,1,1,,1,1,1,1,1,1,1,1,1,0,0,0,1,1,1,0,0,1
3323,1,1,1,1,1,1,1,1,1,1,1,1,1,1,1,1,1,,1,0,1,0,1,1,0,1,1,1,0,0,1,0,1,1,1,0
3325,1,1,1,1,1,1,1,0,1,1,1,1,1,1,1,1,1,,1,1,1,0,1,1,1,1,1,1,0,1,1,1,1,0,1,1
3326,1,1,1,1,1,1,1,1,1,1,1,1,1,1,1,0,1,,0,0,1,1,1,1,1,1,1,1,0,1,0,0,1,1,0,0
3327,1,1,1,1,1,1,1,1,1,1,1,1,1,1,1,1,1,,1,0,1,1,1,1,1,1,1,1,0,1,1,1,1,1,1,0
3328,1,1,1,1,1,1,1,1,1,1,1,1,1,1,1,1,1,,0,1,1,0,1,1,0,1,1,1,0,1,1,1,0,1,1,0
3329,1,1,1,1,1,1,1,1,1,1,1,1,0,1,1,1,1,,0,1,1,1,1,1,1,1,0,0,1,1,1,0,1,0,0,0
3330,1,1,1,1,0,1,1,1,1,1,1,1,1,1,1,0,1,,0,0,1,0,1,0,0,1,1,1,0,1,1,1,0,1,0,1
3331,1,1,1,1,1,1,1,1,1,1,1,1,1,1,1,0,1,,1,1,1,1,1,1,1,1,1,1,1,1,1,1,0,0,1,1
3332,1,1,1,1,1,1,1,1,1,1,1,1,1,1,1,1,1,,1,1,1,1,1,1,1,1,1,1,1,1,1,1,1,1,1,1
3333,1,1,1,1,1,1,1,1,1,1,1,1,1,1,1,1,1,,1,1,1,1,1,1,0,1,1,1,1,1,1,1,1,1,1,1
3334,1,1,1,1,1,1,1,1,0,1,1,1,0,1,1,1,1,,0,1,1,0,1,1,1,1,1,1,1,1,0,1,0,0,1,1
3335,1,1,1,1,1,1,1,1,1,1,1,1,0,1,1,1,1,,1,0,1,1,1,1,1,1,1,1,1,1,1,1,0,1,1,1
3336,1,1,1,1,1,1,1,0,1,1,1,1,1,1,1,0,1,,1,1,1,1,1,1,1,1,1,1,0,1,1,1,0,1,0,0
3337,1,1,1,1,1,1,1,1,1,1,1,1,0,1,1,1,1,,1,1,1,1,1,1,0,1,1,1,0,1,1,1,1,1,1,1
3338,1,1,0,1,1,1,1,1,1,1,1,1,1,1,1,1,1,,1,1,1,0,1,1,1,0,1,1,0,1,1,1,1,1,0,1
3339,1,1,1,1,1,1,0,1,1,1,1,1,0,1,1,1,1,,0,1,1,0,1,0,1,1,1,1,1,1,1,1,1,0,0,1
3340,1,1,1,1,1,1,1,1,1,1,1,1,1,1,1,1,1,,1,1,1,1,1,1,1,1,1,1,1,1,1,1,1,1,0,1
3341,1,1,1,1,1,1,1,1,1,0,1,1,1,1,1,1,1,,1,1,1,0,1,1,1,1,1,1,1,0,1,1,0,1,0,1
3342,1,1,1,1,1,1,1,1,1,1,1,1,1,1,1,1,1,,0,0,1,1,1,1,0,1,1,1,1,1,1,0,1,1,1,1
3343,1,1,1,1,1,1,1,1,1,0,1,1,1,1,1,1,1,,1,1,1,1,1,1,1,0,1,1,1,1,0,1,1,1,1,1
3344,1,1,1,1,1,1,1,1,1,1,1,1,0,1,1,1,1,,1,1,1,1,1,1,0,1,1,1,1,1,1,1,1,0,1,0
3346,1,1,1,1,1,1,1,1,1,1,1,1,1,1,1,1,0,,1,1,1,1,1,1,1,1,1,1,1,1,1,1,1,1,1,0
3347,1,1,1,0,1,1,1,1,1,1,1,1,0,1,1,1,1,,1,0,1,0,1,1,1,1,1,1,1,1,1,1,0,1,0,1
3348,1,1,1,1,1,1,1,1,1,1,1,1,1,1,1,1,0,,1,0,1,1,1,1,1,1,1,1,0,1,1,1,1,1,1,0
3349,1,1,1,1,1,1,1,1,1,1,1,1,0,1,1,1,1,,1,0,1,1,1,1,1,1,1,1,1,1,1,1,1,1,1,0
3350,1,1,1,1,1,1,1,1,1,1,1,1,1,1,1,1,1,,0,1,1,1,1,1,0,1,1,1,1,1,1,0,1,1,1,0
3351,1,1,1,1,1,1,1,0,1,1,0,1,1,1,0,1,1,,1,1,1,1,1,1,1,1,1,1,1,1,1,1,1,1,1,1
3352,1,1,1,1,1,1,1,1,1,1,1,1,1,1,1,1,1,,1,1,1,1,1,1,1,1,1,1,0,1,1,1,1,1,1,1
3353,1,1,1,1,1,1,1,1,1,1,1,1,0,1,1,0,0,,0,1,1,1,1,1,1,1,1,1,1,1,1,1,0,1,1,1
3354,1,1,1,1,1,1,1,1,1,1,1,1,1,1,1,1,0,,1,0,1,1,1,1,0,1,1,1,0,1,1,1,0,0,1,1
3355,1,1,1,1,1,1,1,1,1,1,1,1,1,1,1,1,1,,1,0,1,0,1,1,1,1,1,1,1,1,1,1,1,1,1,0
3356,1,1,1,1,1,1,0,1,1,0,1,0,0,1,1,0,1,,0,1,1,1,1,1,1,1,1,1,1,1,1,1,1,1,1,0
3357,1,1,1,1,1,1,1,1,1,0,1,1,1,1,1,1,1,,1,0,1,0,1,1,0,0,1,1,1,1,1,1,0,1,0,1
3359,1,1,1,1,1,1,1,1,1,1,1,1,1,1,1,1,1,,0,1,1,0,1,1,0,0,0,1,1,0,1,1,1,1,0,1
3360,1,1,1,1,1,1,1,1,1,1,1,1,0,1,1,1,1,,1,1,1,0,1,1,0,0,1,1,1,1,1,1,1,1,1,0
3361,1,1,1,1,1,1,1,1,1,1,1,1,0,1,1,1,1,,1,1,1,0,1,1,1,0,1,1,1,1,1,1,1,1,0,0
3363,1,1,1,1,1,1,1,1,1,1,1,1,1,1,1,1,1,,1,1,1,1,1,1,1,1,1,1,1,1,1,1,0,1,1,0
3364,1,1,1,1,1,1,1,1,1,1,0,1,0,1,1,1,0,,0,1,0,1,1,1,0,1,1,1,0,0,1,0,0,0,0,1
3365,1,1,1,1,1,1,1,1,1,1,1,1,1,1,1,1,1,,1,1,1,0,1,1,1,1,0,0,0,1,1,1,0,0,1,0
3366,1,1,1,0,1,0,1,1,1,1,0,1,1,1,0,0,0,,0,1,1,0,0,1,1,0,1,0,0,1,1,0,1,1,1,1
3367,1,1,1,1,1,1,1,0,1,1,1,1,1,1,1,1,1,,0,1,1,1,1,1,1,1,1,1,1,1,1,1,0,1,1,1
3368,1,1,0,1,1,1,1,1,1,1,1,1,1,1,1,1,1,,1,0,1,1,1,1,1,1,1,1,0,1,1,1,1,1,1,0
3369,1,1,1,1,1,1,0,1,1,0,1,1,1,1,1,1,1,,0,0,0,0,1,1,0,0,0,1,0,0,0,1,0,0,0,0
337,1,1,1,1,0,1,1,1,1,1,1,1,1,1,1,1,1,,0,0,1,0,0,0,1,1,1,0,0,1,1,1,0,0,0,1
3370,1,1,1,1,1,1,1,1,1,1,1,1,0,1,1,1,0,,1,1,1,1,1,1,1,1,1,1,1,1,1,1,1,0,1,0
3371,1,0,1,1,1,1,1,1,1,1,0,0,1,1,1,1,1,,0,1,1,1,1,1,0,1,1,1,0,1,1,1,0,1,1,1
3372,1,1,1,1,1,1,1,1,1,1,1,1,1,1,1,0,1,,0,1,1,0,1,1,1,1,0,1,1,1,1,1,0,0,0,1
3373,1,1,1,1,1,1,1,1,1,1,1,1,1,1,1,1,0,,1,1,1,0,1,1,1,0,1,1,1,1,1,1,1,1,1,0
3374,1,1,1,1,1,1,1,1,1,1,1,1,0,1,1,1,1,,1,0,1,0,1,1,0,1,1,1,1,1,1,1,1,1,0,0
3375,1,1,1,1,1,1,0,1,1,1,1,1,1,1,1,1,1,,1,1,1,0,1,1,1,1,1,1,1,1,1,1,1,0,0,1
3376,1,1,1,1,1,1,1,1,1,0,1,1,1,1,1,0,0,,1,1,1,1,1,0,0,1,1,0,0,0,1,1,1,1,0,0
3378,1,1,1,1,1,1,1,1,1,1,1,1,1,1,1,1,0,,1,1,1,1,1,1,0,1,1,1,1,1,1,1,1,1,1,1
3379,1,1,1,1,1,1,1,1,1,1,1,1,0,1,1,1,1,,1,1,1,0,1,1,1,1,1,1,1,1,1,1,1,1,1,1
3380,1,1,1,1,1,1,1,1,1,1,1,1,1,1,1,0,0,,1,1,1,1,1,1,0,0,1,1,1,1,1,1,0,1,1,0
3381,1,1,1,1,1,1,1,1,1,1,1,1,1,1,1,1,1,,1,1,1,1,1,1,0,1,1,1,0,0,1,0,0,1,1,0
5002,1,1,1,1,1,1,1,0,1,1,1,0,0,1,1,0,0,,0,1,1,0,1,0,0,0,1,1,1,0,1,1,0,0,0,0
5003,1,1,1,1,1,1,1,1,1,1,1,1,1,1,1,1,1,,0,1,1,0,1,1,0,1,1,1,1,1,1,0,1,1,1,0
5005,1,1,1,1,1,1,1,1,0,1,1,1,1,1,1,0,0,,0,1,1,1,1,1,0,1,1,0,1,1,0,1,1,0,1,0
5006,1,1,1,1,1,1,1,1,1,1,1,1,1,1,1,1,1,,0,0,1,0,1,0,1,0,1,1,1,1,1,1,0,0,1,0
5008,1,1,1,1,1,0,1,1,1,0,1,1,1,1,1,1,1,,1,1,1,1,1,1,1,1,1,1,1,1,1,1,1,1,0,0
5009,1,1,1,1,1,1,1,1,1,1,1,1,0,1,1,1,0,,1,0,1,0,1,1,1,0,1,1,0,1,1,1,1,1,0,0
5012,1,1,1,1,1,1,1,1,1,1,1,1,1,1,1,1,1,,1,1,1,0,1,1,0,1,1,1,1,1,1,1,1,1,0,0
5013,1,1,1,1,1,1,1,1,1,1,1,1,1,1,1,1,1,,1,1,1,1,1,1,0,0,1,1,1,1,1,1,1,1,1,1
5014,1,1,1,1,1,1,1,1,1,1,1,1,1,1,1,1,1,,0,1,0,0,1,0,1,0,1,1,1,1,1,1,1,0,1,1
5015,1,1,1,1,1,1,1,1,1,1,1,1,1,1,1,1,1,,1,1,1,0,1,1,1,1,1,1,0,1,1,1,0,0,1,1
5016,1,1,1,1,1,1,1,0,1,0,1,1,1,1,1,1,1,,1,1,0,0,0,0,0,1,1,1,1,0,1,1,1,1,1,1
5018,1,1,1,1,1,1,1,0,1,1,1,1,0,1,1,1,1,,1,0,1,0,1,1,0,0,1,1,1,0,1,1,0,0,0,1
5019,1,1,1,1,1,1,1,1,1,1,1,1,1,1,1,1,1,,1,1,0,0,0,0,1,1,1,1,1,1,1,1,1,0,1,1
5020,1,1,0,1,1,1,1,1,1,1,1,1,1,1,1,1,1,,1,1,1,1,1,1,0,1,1,1,0,1,1,1,1,1,1,0
5021,1,1,1,1,1,1,1,1,1,1,1,1,0,1,1,0,1,,0,0,0,0,1,0,0,0,1,1,1,0,1,1,0,0,0,0
5022,1,1,1,1,1,1,1,1,1,1,1,1,1,1,1,1,1,,1,1,1,1,1,1,0,1,1,1,1,1,1,1,0,1,1,0
5023,1,1,1,1,1,1,1,1,1,1,1,0,1,1,1,1,1,,1,0,1,1,1,1,1,1,1,1,1,1,1,1,1,1,1,1
5024,1,1,1,1,0,1,1,1,1,1,1,1,1,1,1,1,1,,0,1,1,0,1,1,0,0,1,0,1,1,1,0,1,0,1,0
5025,1,1,1,1,1,1,1,1,1,0,1,0,0,1,1,1,1,,0,1,1,0,1,1,0,0,1,0,1,1,1,0,0,0,0,0
5027_1,1,1,1,1,1,1,1,1,1,1,1,1,1,1,1,1,1,,1,1,1,1,1,1,0,1,1,1,1,0,1,1,1,1,1,0
5027_2,1,1,1,1,1,1,1,1,1,1,1,1,1,1,1,1,1,,0,0,1,0,1,1,0,1,1,1,0,1,1,1,0,0,1,0
5029,1,1,1,1,1,1,1,1,1,1,1,1,1,1,1,0,1,,1,1,1,0,1,1,0,0,1,1,0,1,1,1,1,1,1,1
5030,1,1,1,1,1,1,0,1,1,1,1,1,1,1,1,1,1,,1,0,1,0,1,1,1,1,1,1,1,1,1,1,1,1,0,1
5031,1,1,1,1,1,1,1,1,1,1,1,1,1,1,1,1,1,,1,1,1,1,1,1,0,1,1,1,1,1,1,1,0,0,1,0
5032,1,1,1,1,1,1,1,1,1,1,0,1,0,1,1,1,1,,1,0,1,0,1,1,1,0,1,1,0,0,1,1,0,0,0,1
5033,1,0,1,1,1,1,1,1,0,1,1,0,0,1,1,1,1,,1,0,1,1,1,0,1,0,1,0,0,1,0,0,0,0,0,1
5034,1,1,1,1,1,1,1,1,1,1,1,1,1,1,1,1,1,,1,1,1,0,1,0,0,1,1,1,1,1,1,1,1,1,0,1
5036,1,1,1,1,1,1,1,1,1,0,1,1,1,1,1,1,1,,0,1,1,1,1,1,1,1,1,1,1,1,1,1,0,0,0,0
5037,1,1,1,1,1,1,1,1,1,1,1,1,1,1,1,1,1,,1,1,1,0,1,1,1,0,1,1,0,1,1,1,0,0,1,0
5038,1,1,1,1,1,1,1,1,1,1,1,1,1,1,1,1,0,,0,1,1,0,1,1,1,1,1,1,1,1,1,1,1,1,0,1
5039,1,1,1,1,1,1,1,1,1,0,1,1,1,1,1,1,1,,1,1,1,1,1,1,1,0,1,1,1,0,1,1,1,1,0,0
5040,1,1,1,1,1,1,0,1,1,1,1,1,1,1,1,1,1,,1,1,1,1,1,1,1,1,1,1,1,1,1,1,1,0,1,1
5042,1,1,1,1,1,1,1,1,1,1,1,1,1,1,1,1,1,,1,1,1,0,1,1,1,0,0,1,1,1,1,1,1,1,1,1
5043,1,1,1,1,1,1,1,1,1,1,1,1,1,0,1,1,1,,1,1,1,0,0,1,1,1,1,1,1,0,1,1,1,1,1,1
5044,1,1,1,1,1,1,1,1,1,1,1,1,1,1,1,1,1,,1,1,1,0,1,1,0,0,1,1,1,1,1,1,0,1,0,1
5045,1,1,1,1,1,1,0,1,1,0,1,1,0,0,1,1,1,,0,1,1,0,1,0,0,0,0,1,1,0,1,0,1,0,0,0
5046,1,1,1,0,0,1,1,1,1,1,1,1,0,0,1,0,1,,0,1,0,0,0,0,0,0,1,1,0,1,1,1,0,0,0,0
5047,1,1,1,1,1,1,1,1,1,1,1,1,1,1,1,1,1,,1,1,1,1,1,1,1,1,1,1,0,1,1,1,1,0,0,1
5048,1,1,1,1,1,1,1,1,1,1,1,1,1,1,1,1,1,,1,1,0,0,1,1,1,0,1,1,1,1,1,1,1,0,0,1
5050,1,1,1,1,1,1,1,1,1,0,1,1,1,1,1,1,1,,1,1,1,1,1,1,0,1,1,1,1,1,1,1,1,1,1,0
5051,1,1,1,1,1,1,1,1,1,1,1,1,1,1,1,1,1,,0,1,1,0,1,1,1,0,1,1,1,1,1,1,0,0,1,1
5052,1,1,1,1,1,1,1,1,1,1,1,1,1,1,1,1,1,,0,1,1,0,1,1,0,1,0,1,0,0,1,1,0,0,0,1
5055,1,1,1,1,1,0,1,1,1,0,1,1,0,1,1,1,0,,1,1,0,0,1,0,0,0,1,1,1,1,1,1,1,1,0,0
5056,1,1,1,1,1,1,1,1,0,1,1,1,1,1,1,1,1,,1,1,1,1,1,1,0,1,1,1,0,1,1,1,1,1,1,1
5057,1,1,1,1,1,1,1,1,1,1,1,1,1,1,1,1,1,,1,1,1,1,1,1,1,1,1,1,1,1,1,1,0,1,1,0
5058,1,1,1,1,1,1,1,1,1,1,1,1,0,1,1,1,1,,1,1,1,0,1,1,1,1,1,1,0,1,1,1,1,0,0,0
5059,1,1,1,1,1,1,1,1,1,1,1,0,0,0,1,1,0,,0,0,0,0,1,0,0,1,0,1,0,1,1,1,0,0,1,0
5060,1,1,1,1,1,1,1,1,1,1,1,1,0,0,1,1,1,,1,1,1,0,1,1,0,1,1,1,0,1,0,1,1,1,1,1
5061,1,1,1,1,1,1,1,1,1,1,1,0,0,1,1,1,1,,1,0,1,0,1,1,1,1,1,1,1,1,1,1,1,1,0,0
5062,1,1,1,1,1,1,1,1,1,1,1,1,0,1,1,1,1,,0,1,1,1,1,1,1,1,1,1,1,0,1,1,1,0,0,1
5063,1,1,1,1,1,1,1,1,1,1,1,1,1,1,1,0,0,,1,1,0,0,1,0,0,1,1,1,1,1,1,1,0,0,1,0
5064,1,1,1,1,1,1,1,1,1,1,0,1,1,1,1,1,1,,1,1,1,1,1,1,1,1,1,1,1,1,1,1,1,1,1,0
5065,1,1,1,1,1,1,1,1,1,1,1,1,0,1,1,1,1,,0,1,1,0,1,1,0,1,1,1,1,0,1,1,0,1,1,1
5066,1,1,1,1,1,1,1,1,1,1,1,0,0,1,1,1,1,,0,1,1,1,0,1,1,1,1,1,1,1,1,1,0,1,0,0
5067,1,1,1,1,1,1,1,1,1,1,1,1,0,1,1,1,1,,1,0,1,0,1,1,1,1,1,1,1,1,1,1,0,0,1,1
5068,1,1,1,1,1,1,1,1,1,1,1,1,1,1,1,1,1,,1,0,1,0,1,1,0,1,1,1,1,0,1,1,0,0,0,0
5071,1,1,1,1,1,1,1,1,1,1,0,1,0,1,1,1,1,,1,1,1,0,1,1,1,0,1,1,1,0,0,0,1,1,1,1
5074,1,1,1,1,1,1,1,1,1,1,1,1,1,1,1,1,1,,1,1,1,1,1,1,1,1,1,1,1,1,1,1,1,1,1,1
5075,1,1,1,1,1,1,1,1,1,0,1,0,0,1,1,1,1,,0,1,1,1,1,1,0,1,1,1,1,0,1,1,1,0,0,1
5076,1,1,1,1,1,1,1,1,1,1,1,1,1,1,0,1,1,,1,1,1,0,0,1,0,1,1,1,1,1,1,1,0,1,0,1
5077,1,1,1,1,1,1,1,1,0,1,1,1,1,1,1,1,1,,1,1,1,0,1,0,0,0,1,1,0,1,1,1,0,1,0,1
5078,1,1,0,1,1,1,1,1,0,1,1,0,0,0,1,0,1,,1,1,1,0,1,1,1,1,1,1,1,1,1,1,0,0,1,0
5080,1,1,1,1,1,1,1,1,1,1,0,1,1,1,1,1,1,,1,1,1,1,1,1,1,1,1,1,1,1,1,1,1,0,0,0
5081,1,1,1,1,1,1,1,1,1,1,1,1,0,1,1,1,1,,1,1,1,1,1,1,1,1,0,1,0,1,0,1,1,1,0,1
5083,1,1,1,1,1,1,1,1,1,1,1,1,0,1,1,0,1,,1,1,1,0,1,0,0,1,1,1,1,1,1,1,1,0,0,1
5084,1,1,1,1,1,1,1,1,1,1,1,1,1,1,1,1,1,,1,1,1,0,1,1,0,1,1,1,1,1,1,1,1,0,0,1
5085,1,1,1,1,1,1,1,1,1,1,1,1,0,1,1,1,1,,1,1,1,0,1,1,0,1,1,1,1,1,1,1,0,0,0,0
5086,1,1,1,1,1,1,1,1,1,1,1,1,1,1,1,1,1,,1,1,1,0,1,0,1,1,1,0,1,1,1,1,0,0,1,1
5087,1,1,1,1,1,1,1,1,1,1,0,1,1,1,1,1,1,,1,0,1,0,0,1,0,1,1,0,0,0,1,1,0,0,0,0
5088,1,1,1,1,1,1,0,0,1,1,1,1,0,1,1,1,0,,0,1,1,0,1,0,1,1,1,1,1,1,1,1,0,1,0,1
5090,1,1,1,1,1,1,1,1,1,1,0,1,1,1,1,1,1,,1,1,1,0,1,1,0,0,1,0,1,1,1,1,0,0,1,1
5091,1,1,1,1,1,1,1,1,1,1,1,1,1,1,1,0,1,,1,1,1,0,0,1,1,1,1,1,1,1,1,1,1,0,0,1
5092,1,1,1,1,1,1,1,1,1,1,1,1,0,1,1,1,1,,1,1,1,0,1,1,1,0,1,1,0,1,1,1,0,1,0,1
5093,1,1,1,1,1,1,1,1,1,1,1,1,1,1,1,1,1,,1,0,1,0,1,1,1,0,1,1,1,1,1,1,0,1,1,1
5094,1,1,1,1,1,1,1,1,1,1,1,1,1,1,1,1,1,,0,0,1,0,1,1,0,1,1,1,0,1,1,1,0,1,0,1
5095,1,0,1,1,1,1,1,0,1,1,1,0,0,1,1,0,0,,1,1,1,0,1,1,1,1,1,1,1,1,1,1,1,0,1,0
5096,1,1,1,1,1,1,1,1,0,1,1,1,1,1,1,1,1,,1,1,1,0,1,1,0,0,1,1,0,0,1,1,1,0,0,1
5098,1,1,1,1,1,1,1,1,1,0,1,1,1,1,1,1,1,,1,1,1,1,1,1,1,0,1,1,1,1,1,1,0,1,1,1
5099,1,1,1,1,1,1,1,0,1,0,1,1,1,1,1,0,1,,0,1,1,1,1,1,1,1,1,1,1,1,1,1,0,0,1,1
5100,1,1,1,1,1,1,1,0,1,1,1,1,0,0,0,1,1,,1,1,1,1,0,1,1,0,1,1,1,1,1,1,1,0,1,1
5101,1,1,1,1,1,1,0,1,1,0,1,1,0,1,1,1,1,,0,1,1,1,1,1,1,0,1,1,1,1,1,1,1,1,1,0
5102,1,1,1,1,1,1,1,1,1,1,1,1,1,1,1,1,1,,1,1,1,0,1,1,1,1,1,1,0,1,1,1,1,1,1,1
5103,1,1,1,1,1,1,1,1,1,1,1,1,1,1,1,1,0,,1,1,1,1,1,1,0,1,1,1,0,0,1,1,1,1,1,0
5105,1,1,1,1,1,1,1,1,1,1,1,1,0,1,1,1,1,,1,1,1,0,1,1,1,1,1,1,1,1,1,1,0,1,0,1
5106,1,1,1,1,1,1,1,1,1,1,1,0,1,1,1,1,1,,0,1,0,1,1,1,1,0,1,1,1,0,1,1,1,1,0,1
5107,1,1,1,1,1,1,1,1,1,0,1,1,1,1,1,1,1,,1,1,1,1,1,1,0,1,1,1,1,1,1,1,0,1,1,1
5108,1,1,1,0,1,1,1,1,1,1,1,1,0,1,1,1,0,,0,1,1,0,1,1,0,1,1,1,1,1,1,1,1,1,1,0
5109,1,1,1,1,1,1,1,1,1,1,1,1,0,1,1,1,1,,1,1,1,0,1,0,1,1,1,1,1,1,1,1,1,1,1,1
5111,1,1,1,1,1,1,1,1,0,1,1,1,1,1,1,1,1,,0,0,0,0,1,1,0,1,1,0,1,1,1,0,1,1,1,0
5112,1,1,1,1,1,1,1,1,1,1,1,1,1,1,1,1,1,,1,1,1,0,1,1,1,1,1,1,0,1,1,1,0,1,1,0
5114,1,1,1,1,1,1,1,1,1,1,1,1,0,1,1,1,1,,1,1,1,1,1,1,1,1,1,1,1,1,1,1,0,1,0,1
5116,1,1,1,1,1,1,1,1,1,1,1,1,1,1,1,1,1,,1,1,1,0,1,1,0,1,1,1,1,1,1,1,0,0,1,0
5117,1,1,1,1,1,1,1,1,1,1,1,0,1,1,1,1,1,,1,1,0,1,1,1,0,1,1,1,1,1,1,1,1,1,1,0
5119,1,1,1,1,1,1,1,1,0,0,1,1,1,1,1,1,1,,1,1,1,0,1,1,0,1,1,1,1,1,1,1,0,1,0,1
5120,1,1,1,1,1,1,1,1,0,1,1,1,0,1,1,0,1,,1,0,1,0,1,1,0,0,1,1,0,0,1,1,1,0,0,1
5201,1,1,1,1,1,1,1,1,1,1,1,1,1,0,1,1,1,,1,1,1,0,1,1,0,1,1,1,1,1,1,1,0,0,1,0
5202,1,1,1,1,1,1,1,1,1,1,0,1,1,1,1,1,0,,1,1,0,0,0,0,1,0,1,1,1,1,1,1,1,1,0,1
5203,1,0,1,1,1,1,1,1,1,1,1,1,0,1,1,0,1,,0,1,1,0,1,1,1,0,1,1,1,0,1,0,1,0,0,1
5205,1,1,1,1,1,1,1,1,1,1,1,1,1,1,1,1,1,,1,1,1,1,1,1,1,1,1,1,1,1,1,1,1,1,1,0
5206,1,1,1,1,1,1,1,1,1,1,1,1,1,1,1,1,1,,1,1,1,1,1,1,1,1,1,1,1,1,1,1,1,0,1,0
5209,1,1,1,1,1,1,1,1,1,1,1,1,0,1,1,1,1,,1,1,1,0,1,1,0,1,1,1,1,1,1,1,0,1,1,1
5210,1,1,1,1,1,1,1,1,1,1,1,1,0,1,1,1,1,,1,1,1,0,1,1,1,1,1,1,1,1,1,1,0,1,0,1
6101,1,1,1,1,1,1,1,1,1,1,1,1,0,1,1,1,0,,0,1,0,0,1,1,1,1,1,1,1,0,1,1,0,1,0,0
6102,1,1,1,1,1,1,1,1,1,1,1,1,1,1,1,1,1,,1,1,1,1,1,1,1,0,1,1,1,1,1,1,1,1,1,0
6103,1,1,1,1,1,1,1,1,1,1,0,1,1,1,1,1,0,,1,1,1,0,0,0,1,1,1,1,0,1,1,1,0,1,0,0
6104,1,1,1,1,1,1,1,1,1,1,1,1,1,1,1,1,1,,1,1,1,0,1,1,1,1,1,1,1,0,1,1,0,0,1,1
6105,1,1,1,1,1,1,1,1,1,0,1,1,1,1,1,1,1,,1,1,0,0,1,0,1,1,1,1,0,1,1,1,1,1,1,0
6107,1,1,1,1,1,1,1,1,1,1,1,1,1,1,1,0,1,,1,1,1,0,1,0,1,1,1,1,0,1,1,1,1,0,0,0
6111,1,1,1,1,1,1,1,0,1,1,1,1,0,1,1,1,0,,1,0,1,0,1,0,0,0,1,1,1,1,0,1,0,1,1,0
6112,1,0,1,1,1,1,1,0,0,1,0,1,1,1,1,0,0,,1,0,1,0,0,0,1,1,1,1,1,0,1,1,1,1,1,0
6113,1,1,1,1,1,1,1,1,1,0,1,1,1,1,1,0,1,,1,1,1,1,0,1,1,1,1,1,1,1,1,1,1,1,1,0
6114,1,1,1,1,1,1,1,1,0,1,1,1,0,1,1,1,1,,1,0,0,0,1,1,0,0,1,1,1,1,1,1,1,1,0,1
6115,1,1,1,1,1,1,1,1,1,1,1,1,1,1,1,1,1,,1,0,1,0,1,0,1,1,1,1,1,1,1,1,0,1,1,0
6116,1,1,1,1,1,1,1,1,1,1,1,1,1,1,1,1,1,,1,1,1,0,1,1,1,0,1,1,1,1,1,1,0,1,0,1
6117,1,1,1,1,1,1,1,1,1,1,1,1,1,1,1,1,0,,1,1,1,0,1,0,1,1,1,1,1,1,1,1,1,0,0,0
6118,1,1,1,1,1,1,1,1,1,1,1,1,1,1,1,1,1,,1,0,1,0,1,1,1,1,1,1,1,1,1,0,0,1,0,1
6120,1,1,1,1,1,1,1,1,1,0,1,1,1,1,1,0,0,,1,0,0,0,1,1,1,1,1,1,1,0,1,0,1,1,1,1
6122,1,1,1,1,1,0,1,1,1,1,1,1,1,1,1,1,1,,1,1,1,0,1,1,0,1,1,1,1,1,1,1,1,1,1,1
6124,1,1,1,1,1,1,1,1,1,1,1,1,1,1,1,1,0,,0,0,1,0,0,0,0,1,0,1,1,1,1,1,0,1,0,1
6125,1,1,1,1,1,1,1,1,1,1,1,1,0,1,1,1,1,,1,1,1,0,0,1,0,0,1,1,1,1,1,1,0,1,0,1
6126,1,1,1,0,1,1,1,1,1,1,1,1,1,1,1,1,0,,1,1,1,0,1,0,0,1,1,1,1,1,1,1,0,1,0,1
6127,1,1,1,1,1,1,1,1,0,1,1,1,1,1,1,1,1,,1,1,1,0,1,1,1,0,1,1,1,1,1,1,1,1,1,0
6128,1,1,1,1,1,1,1,1,1,1,1,1,1,1,0,1,1,,1,0,1,0,0,0,0,1,0,1,0,1,1,1,1,1,0,0
6129,1,1,1,1,1,1,1,1,0,1,1,1,1,1,1,1,1,,0,0,1,0,1,1,1,1,1,1,1,1,1,1,1,1,1,1
6130,1,1,1,1,1,1,1,0,1,1,1,1,1,1,1,1,1,,1,1,1,1,1,1,1,1,1,1,0,1,1,1,0,1,0,1
6131,1,1,1,1,1,1,1,1,1,1,1,1,1,1,1,0,0,,1,0,0,0,1,0,1,0,1,1,1,1,1,1,1,1,0,1
6132,1,1,1,1,1,0,1,1,1,1,0,1,1,1,0,0,1,,0,1,1,1,1,0,0,1,1,1,0,1,1,1,0,0,0,1
6133,1,1,1,1,0,1,0,1,1,1,0,1,1,1,1,1,1,,1,0,1,0,1,1,0,1,1,1,1,1,1,1,0,0,1,0
6134,1,1,1,1,1,1,1,1,1,1,1,1,1,1,1,1,0,,1,0,1,0,1,1,0,1,1,1,1,1,1,1,0,1,1,1
6135,1,1,1,1,1,1,1,0,1,0,1,1,1,1,1,1,0,,1,1,1,0,1,1,1,0,1,1,1,1,0,1,0,1,0,0
6136,1,1,1,0,1,1,1,1,1,0,1,1,1,1,1,0,0,,0,0,0,0,0,0,1,0,1,1,1,1,1,1,1,0,0,1
6137,1,1,1,1,1,1,1,1,1,1,1,1,1,1,1,1,1,,1,1,1,1,1,1,1,0,1,1,0,1,1,1,0,1,1,1
6138,1,1,1,1,1,1,1,1,1,1,1,1,1,1,1,1,1,,1,1,1,1,1,1,1,1,1,1,1,1,1,1,0,1,1,1
6139,1,1,1,1,1,1,1,1,1,1,1,1,1,1,1,0,1,,1,1,1,0,1,1,1,0,1,0,1,1,1,1,1,0,1,1
6140,1,1,1,1,1,1,1,1,1,0,1,1,0,1,1,1,1,,1,1,1,0,1,1,0,1,1,1,1,1,1,1,1,1,1,0
6203,1,1,1,1,1,1,1,0,1,1,1,1,0,0,1,0,1,,1,1,0,0,0,0,0,0,1,1,0,1,1,1,1,0,1,1
6204,1,1,1,1,1,1,1,0,1,1,1,0,1,1,1,1,0,,1,0,0,0,1,1,0,0,1,0,1,1,1,1,0,0,0,1
6206,1,1,1,1,1,1,1,0,1,1,1,1,1,1,1,0,1,,0,0,1,0,1,0,1,1,1,1,0,1,1,1,0,1,0,0
6207,1,1,1,1,1,1,1,1,1,1,1,1,1,1,1,0,0,,1,0,1,0,1,0,1,0,1,1,1,0,1,1,0,0,1,1
6209,1,1,0,1,1,0,1,0,1,1,1,1,1,1,1,1,1,,1,1,1,0,1,1,1,1,1,1,1,1,1,1,0,1,0,0
6210,1,1,1,1,1,1,1,1,1,1,1,1,1,1,1,0,1,,0,1,1,0,1,0,0,0,1,1,0,1,1,1,0,0,1,1
6211,1,1,1,1,1,1,1,1,1,1,1,1,1,1,1,1,1,,1,1,1,0,0,0,0,0,1,1,0,1,1,1,0,1,0,1
6213,1,1,1,1,0,1,1,1,1,0,0,1,1,1,1,1,1,,1,0,0,0,1,0,0,0,1,0,1,1,0,1,0,0,0,0
6214,1,1,1,1,0,1,1,1,1,1,1,1,0,1,1,0,0,,1,0,1,0,1,1,0,0,1,1,0,1,1,1,1,1,0,1
6215,1,1,1,1,1,1,1,1,1,1,1,1,1,1,1,1,1,,1,0,1,0,1,1,1,0,1,1,1,1,1,1,0,0,0,1
6218,1,1,1,1,1,1,0,1,1,1,1,1,0,1,1,1,1,,0,0,1,0,1,0,1,1,1,1,0,1,1,1,0,1,0,0
6219,1,1,1,1,1,1,1,1,1,0,1,1,1,1,1,1,1,,0,1,1,0,1,1,0,1,1,1,1,1,1,1,0,1,0,0
6224,1,1,1,1,1,1,1,0,1,1,1,1,1,0,1,0,1,,1,0,1,0,1,1,1,0,1,1,1,0,1,1,0,0,0,1
6226,1,1,1,1,1,1,1,0,1,1,0,1,1,1,1,1,0,,1,1,1,0,1,1,1,1,1,1,1,1,1,1,0,0,0,1
6231,1,1,1,0,0,1,1,1,1,0,1,1,1,1,1,1,1,,0,0,1,0,1,0,0,1,1,1,1,1,1,1,1,1,1,1
6235,1,1,1,1,0,1,1,1,1,1,1,1,1,1,0,1,1,,0,1,1,1,1,1,1,1,1,1,0,1,1,1,1,1,1,0
6242,1,1,1,1,1,0,1,1,1,1,1,1,1,0,1,1,1,,1,1,1,0,1,0,1,1,1,1,0,1,1,1,1,1,1,0
6243,1,1,1,1,1,1,1,1,0,1,1,1,0,1,1,1,1,,1,0,1,0,1,1,0,0,1,1,0,0,1,1,1,0,0,0
6245,1,1,1,1,1,1,1,1,1,1,0,1,1,1,1,1,1,,1,0,1,0,1,0,1,1,1,1,0,1,1,1,0,0,1,0
6246,1,1,1,1,1,1,1,0,1,0,1,1,1,1,1,1,1,,1,1,1,0,1,1,1,0,1,1,0,1,0,1,1,0,1,0
6247,1,1,1,1,1,1,1,1,1,1,1,1,1,1,1,1,1,,1,0,1,1,1,0,1,1,1,0,1,1,1,1,1,1,1,0
6250,1,1,1,1,1,1,1,1,1,1,0,1,0,1,0,0,1,,1,0,0,0,1,0,0,1,1,1,1,1,1,1,1,1,0,0
6251,1,1,1,1,1,1,1,1,1,1,0,1,1,1,1,1,1,,1,1,1,0,1,1,1,1,1,1,1,1,1,1,1,1,0,1
6253,1,1,1,1,1,0,1,1,1,1,0,1,1,1,1,1,1,,0,1,1,0,1,1,1,1,0,1,1,1,0,1,0,1,1,1
6255,1,1,1,1,1,1,1,1,1,0,1,1,1,1,1,1,1,,0,1,1,1,1,1,1,1,1,1,1,1,1,1,1,1,0,0
6257,1,1,1,1,1,1,1,1,1,1,1,1,1,1,1,1,1,,1,0,1,0,1,1,1,0,0,1,0,0,1,1,1,0,1,1
6258,1,1,1,1,1,1,1,1,1,1,1,0,0,1,0,1,1,,1,1,1,0,1,0,1,1,1,1,0,1,1,1,1,1,1,0
6259,1,0,1,1,1,1,1,1,1,0,1,1,1,0,0,0,1,,0,1,1,0,1,0,1,0,1,0,0,1,1,1,0,1,0,0
6260,1,1,1,1,0,1,1,0,1,1,1,1,1,1,0,1,0,,0,1,1,1,0,0,1,0,1,0,0,1,1,1,1,1,1,0
6261,1,1,1,1,1,1,1,1,1,1,1,1,1,1,1,1,1,,1,1,0,0,0,1,0,0,1,0,0,1,1,1,1,1,1,1
6262,1,1,0,1,1,1,1,1,1,1,1,1,1,1,1,1,1,,1,1,1,1,1,1,1,0,1,1,1,1,1,1,1,1,1,1
6263,1,1,1,1,1,1,1,1,1,1,0,1,1,1,1,1,1,,1,1,0,0,0,0,1,1,1,1,1,0,1,1,0,1,0,0
7324,1,1,1,1,1,1,1,1,1,1,1,1,1,1,1,1,1,,1,1,1,1,1,1,1,1,1,1,1,1,1,1,1,1,1,0
7519,1,1,1,1,1,1,1,1,1,1,1,1,1,1,1,1,1,,1,1,1,0,1,1,1,1,1,1,1,1,1,1,1,1,1,0
B112,1,1,1,1,1,1,1,1,1,1,1,1,0,1,1,1,1,,1,1,1,1,1,1,1,0,1,1,0,1,1,1,1,1,0,1
B133,1,1,1,1,1,1,1,1,1,1,1,1,1,1,1,1,1,,1,1,1,1,1,1,0,1,1,1,1,1,1,1,0,1,0,1
BB100,1,1,1,1,1,1,1,0,1,1,1,0,0,1,1,1,1,,0,1,1,1,1,1,0,1,1,1,0,1,1,1,0,0,0,0
BB101_1,1,1,1,1,1,1,1,1,1,1,1,1,0,1,1,1,1,,1,1,1,1,1,1,0,0,1,1,1,1,1,1,0,1,0,1
BB101_2,1,1,1,1,1,1,1,1,1,1,1,1,0,1,1,1,1,,0,1,1,1,1,1,1,1,1,1,1,1,0,1,1,1,1,0
BB103_1,0,1,1,1,1,1,1,1,1,1,1,0,0,1,1,1,1,,1,0,1,0,1,1,1,1,1,1,1,1,1,0,1,1,0,1
BB103_2,1,1,1,1,1,1,1,1,1,1,1,1,1,1,1,1,1,,1,1,1,0,1,0,0,1,1,1,1,1,1,1,0,1,0,1
BB106,1,1,1,1,1,1,1,0,1,1,1,1,1,1,1,1,0,,1,0,1,1,1,0,0,1,1,1,1,1,1,1,0,0,0,1
BB107,1,1,1,1,1,1,1,1,1,1,0,1,0,1,1,1,1,,1,1,1,1,1,1,1,1,1,1,1,1,1,1,1,1,1,1
BB108,1,1,1,1,1,1,1,1,1,1,1,1,1,1,0,1,1,,0,1,0,0,1,0,0,0,1,1,0,0,1,1,1,0,0,1
BB110,1,1,1,0,1,1,1,1,0,1,1,1,1,1,1,1,1,,1,1,1,1,1,0,1,1,1,1,0,1,1,1,1,0,0,0
BB111,1,1,1,1,1,1,1,1,1,1,0,1,0,1,1,1,0,,0,1,0,0,0,0,0,1,1,1,1,0,1,1,0,0,0,1
BB113,1,1,1,1,1,1,1,1,1,0,1,1,0,1,1,1,1,,0,1,0,0,1,1,0,0,0,1,0,1,1,0,1,0,1,0
BB114,1,1,0,1,1,1,1,0,1,1,1,1,1,1,1,1,1,,0,0,0,1,1,1,0,1,1,1,1,1,0,1,0,0,1,1
BB121,1,1,1,1,1,1,1,1,1,1,1,1,1,1,1,1,1,,1,1,1,1,1,1,1,1,1,0,1,1,1,1,1,0,1,0
BB122,1,1,1,1,1,1,1,1,1,1,1,1,1,1,1,1,1,,1,0,0,0,1,0,0,0,1,1,1,1,1,1,0,1,0,1
BB123,1,1,1,1,1,1,1,1,1,0,1,0,0,1,1,1,1,,1,1,0,1,1,1,0,1,0,1,0,1,1,1,1,0,0,1
BB125,1,1,1,1,1,1,1,1,1,1,1,1,1,1,1,1,1,,1,1,1,1,1,1,1,1,1,1,1,1,1,1,1,1,1,1
BB127,1,1,1,1,1,1,1,1,1,1,1,1,1,1,1,1,1,,1,1,1,0,1,1,1,1,1,1,1,1,1,1,0,1,1,0
BB130,1,1,1,1,1,1,1,1,0,1,1,0,1,1,1,0,0,,1,1,1,0,1,1,1,0,1,1,1,1,1,1,0,0,0,1
BB132,1,1,1,1,1,1,1,1,1,1,1,0,0,1,1,1,1,,0,1,1,0,1,1,0,1,1,1,1,1,1,1,1,1,0,1
BB134,1,1,1,1,1,1,1,1,1,1,1,1,0,1,1,1,1,,1,1,1,0,1,1,1,1,1,1,1,1,1,1,1,1,1,1
BB138,1,1,1,1,1,1,1,1,1,1,1,1,1,1,1,1,1,,1,1,1,0,1,1,1,1,1,1,1,1,1,1,1,1,1,0
BB144,1,1,1,1,1,1,1,1,1,1,1,1,1,1,1,1,1,,1,1,1,1,1,1,1,1,1,1,1,1,1,1,1,0,0,1
BL102,1,1,1,1,1,1,1,1,1,1,1,1,0,1,1,1,1,,0,1,1,1,1,1,1,1,1,1,1,1,1,1,1,1,1,1
BL104,1,1,1,1,1,1,1,1,1,1,1,1,1,1,1,1,1,,1,1,1,1,1,1,0,0,1,1,1,1,1,1,1,1,1,1
BL105,1,1,1,1,1,1,1,1,1,1,1,1,1,1,1,1,1,,1,0,1,1,1,1,1,1,1,1,0,0,1,1,0,1,1,0
BL106,1,1,1,1,1,1,1,1,1,1,1,1,1,1,1,1,1,,1,0,1,0,1,1,1,1,1,1,1,1,1,1,0,0,0,0
BL110,1,1,1,1,1,1,1,1,1,1,1,1,1,1,1,1,1,,1,0,1,0,1,1,0,1,1,1,1,1,1,1,1,1,1,0
BL112,1,1,1,1,1,1,1,1,1,1,1,1,1,1,1,1,1,,1,1,1,0,1,1,1,1,1,1,1,1,1,1,1,1,1,1
BL117,1,1,1,1,1,1,1,1,1,1,1,1,1,1,1,1,1,,1,1,1,0,1,1,0,1,1,1,1,1,1,1,1,1,1,1
BL121,1,1,1,1,1,1,1,1,1,1,1,1,1,1,1,1,1,1,1,1,1,1,1,1,1,1,1,1,1,1,1,1,1,1,1,1
BL122,0,1,1,1,1,1,1,1,1,1,1,1,0,1,1,1,1,1,0,1,1,1,1,1,0,1,1,1,1,1,1,1,0,1,1,1
BL123,1,1,1,1,1,1,1,1,1,1,1,1,0,0,1,0,1,1,0,0,1,1,1,1,1,0,1,1,1,1,1,1,1,0,1,1
BL124,1,1,1,1,1,1,1,1,1,1,1,1,0,1,1,1,1,1,1,0,1,1,1,1,1,1,1,1,1,1,1,1,0,0,1,1
BL125,1,1,1,1,1,1,1,1,1,1,0,1,0,1,1,1,1,1,0,1,1,1,1,1,0,0,1,1,1,1,1,1,0,0,0,1
BL126,1,1,0,1,1,1,1,1,1,1,1,1,1,1,1,1,1,1,1,1,1,1,1,1,1,1,1,1,1,1,1,1,1,1,0,0
BL127,1,1,1,1,1,1,1,1,1,1,1,1,1,1,1,1,1,1,0,1,1,0,1,1,0,1,1,1,1,1,1,1,0,1,1,0
BL129,1,1,1,1,1,1,1,1,1,1,1,1,0,1,1,1,1,1,0,1,1,0,1,1,0,1,1,1,0,0,1,1,1,0,1,0
BL130,1,1,1,1,1,1,1,1,1,1,1,1,0,1,1,1,1,1,1,1,1,0,1,1,0,0,1,1,1,1,1,1,1,0,1,0
BL131,1,1,1,1,1,1,1,1,1,1,1,1,0,1,1,1,1,1,0,1,1,0,1,1,0,0,1,1,0,0,1,1,1,1,0,0
BL132,1,1,1,0,1,1,1,1,1,1,1,1,1,1,1,1,1,1,1,1,1,1,1,1,0,1,1,1,0,1,1,1,1,1,1,1
BL134,1,1,1,1,1,1,1,1,1,0,1,1,1,1,1,1,1,1,0,1,1,0,1,1,0,1,1,1,0,1,1,1,0,1,1,1
BL136,1,1,1,1,1,1,1,1,1,0,0,1,1,1,1,1,1,1,1,0,1,0,1,1,0,1,1,1,1,1,1,1,1,0,1,0
BL137,1,1,1,1,1,1,1,1,1,1,1,1,0,1,1,1,1,1,1,1,1,1,1,1,0,1,1,1,1,1,1,1,1,1,1,1
BL138,1,1,1,1,1,1,1,1,1,1,1,1,1,1,1,1,1,1,1,1,1,0,1,1,0,1,1,1,1,1,1,1,1,1,1,0
BL140,1,1,1,1,1,1,1,1,1,1,1,1,0,0,1,0,1,1,1,1,0,0,0,0,0,1,1,1,1,1,1,1,0,1,0,0
BL142,1,1,1,1,1,1,1,1,1,1,1,1,1,1,1,1,0,1,1,1,1,1,1,1,1,1,1,1,1,1,1,1,1,1,1,1
BL143,1,1,1,1,1,1,1,1,1,1,1,1,0,1,1,1,1,1,0,1,1,1,1,1,0,1,0,1,0,1,1,1,1,0,0,0
BL145,1,1,1,1,1,1,1,1,1,1,1,1,1,1,1,0,1,1,1,1,1,0,1,1,1,1,0,1,1,1,1,1,1,0,1,1
BL146,1,1,1,1,1,1,1,1,1,1,1,1,1,1,1,1,1,1,0,0,1,0,1,1,1,1,0,1,1,1,1,1,0,0,1,1
BL147,1,1,1,1,1,1,1,1,1,0,1,1,1,1,1,1,1,1,1,1,1,0,1,1,0,1,1,1,1,1,1,1,0,1,0,1
BL148,1,1,1,1,1,1,1,1,1,1,1,1,1,1,1,1,1,1,1,1,1,1,1,1,1,1,1,1,1,1,1,1,1,1,1,1
BL149,1,1,1,1,1,1,1,1,1,1,1,1,1,1,1,1,1,1,1,1,1,0,1,1,0,0,1,1,0,0,1,1,0,1,1,0
BL150,1,1,1,1,1,1,1,1,1,1,1,1,1,1,1,1,1,1,0,1,1,1,1,1,1,1,1,1,1,1,1,1,1,1,1,1
BL151,1,1,1,1,1,1,1,1,1,1,1,1,1,1,1,1,1,1,1,1,1,1,1,1,0,1,1,1,1,1,1,1,1,1,0,0
BS103,1,1,1,1,1,1,1,1,0,1,1,1,1,1,1,0,0,0,1,0,0,0,0,0,0,0,1,1,0,1,1,1,0,1,0,0
BS104,1,1,1,1,1,1,1,1,1,1,1,1,1,1,1,0,1,1,1,1,1,1,0,1,1,1,1,1,0,1,1,1,0,1,1,0
BS105,1,1,1,1,1,1,1,1,1,1,1,1,1,0,1,0,1,1,0,1,1,0,1,1,0,1,1,1,1,1,1,1,1,1,1,0
BS106,1,1,1,1,1,1,1,1,1,1,1,0,1,1,1,1,0,1,0,1,0,0,1,0,0,1,1,1,0,1,0,0,1,0,0,0
BS107,1,1,1,1,1,1,0,0,0,1,0,1,0,1,0,0,0,1,0,0,1,0,0,0,0,0,0,1,0,0,1,1,0,1,0,0
BS108,1,1,1,1,1,1,1,1,1,1,1,1,1,1,1,1,1,1,1,0,1,1,1,1,1,1,1,1,0,1,1,1,1,1,1,0
BS109,1,1,1,1,1,1,0,1,1,0,1,1,1,0,0,1,0,1,1,1,1,1,1,1,1,0,1,1,1,0,1,1,1,1,1,1
BS110,1,1,1,1,1,1,1,1,1,1,1,1,1,1,1,1,0,1,1,0,1,0,1,1,0,1,1,1,1,1,1,0,1,0,0,0
BS111,1,1,1,1,1,1,0,0,1,1,0,0,1,1,1,1,1,1,1,1,1,1,1,1,0,1,1,1,1,0,0,1,1,0,0,0
BS112,1,1,1,1,1,1,1,1,1,0,1,1,1,1,1,1,0,1,1,0,1,1,1,1,0,1,1,1,0,0,1,1,0,1,0,0
BS113,1,1,1,1,1,1,1,1,0,1,1,0,0,1,1,0,1,1,1,1,0,0,1,1,1,1,1,1,1,0,1,1,0,1,1,1
BS114,1,1,1,1,1,1,1,1,1,1,1,0,0,1,1,1,1,1,1,0,1,0,1,1,1,1,1,1,1,1,1,1,1,1,0,0
BS115,1,1,1,1,1,1,1,1,1,1,1,1,1,1,1,1,1,1,0,0,1,0,1,1,0,1,1,0,1,1,0,1,0,1,1,0
D117,1,1,1,1,0,1,1,0,1,0,0,1,0,1,1,0,0,1,0,0,1,1,0,1,0,0,1,0,1,0,0,1,0,0,0,1
ID103,1,1,1,1,1,1,1,1,1,1,1,1,1,1,1,1,0,1,1,1,1,1,1,1,1,1,1,1,1,1,1,1,0,0,1,0
ID111,1,1,1,1,1,1,1,0,1,1,1,1,0,1,1,1,1,1,1,0,1,1,0,1,0,0,0,1,1,0,0,1,0,0,0,0
ID112,1,0,1,1,1,1,1,1,1,0,1,1,0,1,1,1,1,1,0,1,0,0,0,0,1,0,1,1,0,0,1,1,0,1,0,0
ID113,1,1,1,1,1,1,1,1,1,1,1,1,0,1,1,1,1,1,1,1,1,0,1,1,1,0,1,1,0,1,1,1,1,0,0,1
ID114,1,1,1,1,1,1,0,1,1,1,1,1,1,1,1,1,1,1,1,0,0,1,1,0,0,0,1,1,1,1,1,1,0,0,0,1
ID115,1,1,1,1,1,1,1,1,1,1,1,1,1,1,1,1,0,1,0,0,0,0,0,0,0,0,1,1,1,1,1,1,0,0,0,1
ID116,1,1,1,1,1,1,1,1,1,1,1,0,1,0,1,1,1,1,0,1,0,0,0,0,0,0,1,1,0,1,1,1,1,1,0,0
ID118,1,1,1,1,1,1,1,1,1,0,1,0,0,1,1,0,1,1,1,1,0,1,1,0,1,0,0,0,0,0,1,1,1,0,0,0
ID119,1,1,1,1,1,1,1,1,1,1,1,1,1,1,1,1,0,1,1,1,1,0,1,0,0,1,1,1,1,1,1,1,0,1,0,1
ID120,1,1,1,1,1,1,1,1,0,1,1,1,0,1,0,0,1,1,1,1,1,0,1,1,0,0,1,0,0,1,1,1,1,0,1,0
ID121,1,1,1,1,1,1,1,1,1,1,1,1,0,1,1,1,1,1,1,1,1,0,1,0,0,0,1,1,1,0,1,1,0,0,1,1
ID122,1,1,1,1,1,1,1,1,1,0,0,0,1,1,0,1,1,1,0,0,1,0,1,1,1,0,1,1,0,1,1,1,0,0,0,0
ID123,0,1,1,0,1,1,0,0,0,1,1,1,0,1,0,0,0,0,0,0,0,0,1,1,0,1,0,1,1,0,0,1,0,0,1,1
ID124,1,0,1,1,1,1,1,1,0,1,1,1,1,1,1,1,1,1,1,1,0,0,0,0,0,0,1,1,0,0,1,0,1,1,0,0
ID125,1,1,1,1,1,1,1,1,1,1,1,1,1,1,1,0,1,1,0,0,0,0,1,1,1,0,1,1,0,0,1,1,0,1,0,1
ID126,1,1,1,1,0,1,1,1,1,1,1,1,0,1,1,0,0,1,1,0,1,1,1,1,0,0,1,1,1,0,0,1,0,0,0,1
KO101,1,1,1,1,1,1,1,1,1,1,1,1,1,1,1,1,0,1,0,0,1,0,1,1,1,1,1,0,0,1,1,0,0,1,1,0
KO102,1,1,1,1,1,1,1,1,1,1,1,1,1,1,1,1,1,1,1,0,1,0,0,1,1,1,1,1,1,1,1,1,1,1,1,1
KO103,0,1,1,1,1,1,1,0,1,1,1,1,1,0,1,1,1,1,0,1,1,0,1,1,1,1,1,1,1,1,1,1,0,0,1,0
KO104,1,1,1,1,1,1,0,1,1,1,1,1,1,1,1,1,1,1,1,0,1,1,1,1,1,1,1,1,1,1,1,1,1,0,0,0
KO105,1,1,1,1,1,1,1,1,1,1,1,1,0,1,1,1,1,1,1,0,1,1,1,1,1,1,1,1,0,1,1,1,0,1,1,0
KO106,1,1,1,1,1,1,1,1,1,1,1,1,1,1,1,1,1,1,1,1,1,0,0,1,0,1,1,1,0,1,1,1,1,1,0,0
KO107,1,1,1,0,1,1,1,1,1,1,1,1,1,1,1,1,0,1,0,0,1,0,0,1,1,1,1,1,0,1,0,1,1,1,0,1
KO108,0,1,1,1,1,1,1,1,0,1,1,1,1,1,1,0,0,1,0,0,1,0,1,1,0,1,1,1,1,1,1,1,0,0,1,1
KO109,1,1,1,1,1,1,1,1,0,1,1,1,1,1,0,1,0,1,1,0,0,0,0,0,0,0,1,1,0,1,0,1,1,1,1,0
KO110,1,1,1,1,1,1,1,1,1,1,1,1,1,1,1,0,1,1,1,1,1,1,1,1,1,1,1,1,0,1,1,1,0,1,1,0
KO111,1,1,1,1,1,1,1,1,1,1,1,1,1,0,1,1,1,1,1,1,1,0,1,1,1,1,1,1,1,1,1,1,1,1,0,0
KO112,1,1,1,1,1,1,1,1,1,1,1,1,1,1,1,0,1,1,0,0,1,0,0,0,1,0,1,1,1,0,1,0,0,1,1,0
KO113,1,1,1,1,1,1,1,1,1,0,1,1,0,1,1,1,0,1,1,0,1,0,0,0,0,0,1,1,1,1,1,1,0,0,0,1
KO115,1,1,1,1,1,1,1,1,1,1,1,1,1,0,1,0,0,1,1,0,1,0,1,0,0,0,0,1,1,1,1,1,0,1,0,0
KO116,1,1,1,1,1,1,1,1,1,0,1,1,0,1,1,0,1,1,1,0,1,0,1,0,1,1,1,1,0,1,1,1,0,1,0,1
KO118,1,1,1,1,1,1,1,1,1,1,1,1,1,1,1,1,0,1,0,0,1,0,0,0,0,0,1,1,0,1,1,1,1,1,0,1
KO120,1,1,1,1,1,1,1,1,1,1,0,1,1,1,1,1,1,1,1,1,0,0,1,1,0,1,1,1,1,1,1,1,0,1,1,0
KO121,1,1,1,1,1,1,1,1,1,1,1,1,1,1,1,1,0,1,0,1,1,1,1,1,0,0,1,1,0,0,1,1,0,0,1,0
KO123,1,1,1,1,1,1,1,1,0,1,1,1,0,1,1,1,0,1,1,0,1,0,1,0,0,1,1,1,1,1,0,0,1,0,0,0
KO124,1,1,1,0,1,1,1,1,1,1,1,1,0,1,1,0,1,1,1,0,1,0,0,1,1,1,1,1,1,0,1,1,1,1,0,0
KO125,1,1,1,1,1,1,1,1,1,1,1,1,0,1,1,1,0,1,1,0,0,0,1,1,0,0,0,1,1,1,1,1,1,0,0,0
KO126,1,0,1,0,1,1,0,1,1,1,1,1,1,1,1,1,1,1,1,0,0,0,1,0,0,1,1,1,1,1,1,1,1,1,1,0
KO127,1,1,1,1,1,1,1,0,1,1,1,1,1,1,1,1,1,1,0,0,1,0,0,0,1,1,1,1,0,1,0,1,0,1,1,1
KOR101,1,1,1,1,1,1,1,1,1,1,1,1,1,1,1,1,1,1,1,0,1,0,1,1,0,1,1,1,0,1,1,1,1,1,1,1
KOR102,1,1,1,1,1,1,1,1,1,1,1,1,1,1,1,1,1,1,1,1,1,0,1,0,0,1,1,1,1,1,1,1,1,1,0,1
KOR103,1,1,1,1,1,1,1,1,1,1,1,1,0,1,1,1,1,1,1,0,0,0,1,0,0,0,1,1,0,0,1,1,1,0,0,0
KOR104,1,1,1,1,1,1,1,1,1,1,1,0,0,1,1,1,1,1,1,0,1,0,1,1,0,0,1,1,1,1,1,1,1,1,0,1
KOR105,1,1,1,1,1,1,0,1,1,1,1,1,0,1,1,1,1,1,1,1,1,1,1,1,1,1,1,1,1,1,1,1,1,1,1,1
KOR106,1,1,1,1,1,1,1,1,1,1,1,1,0,1,1,1,1,1,1,1,0,0,1,0,0,0,1,1,1,0,1,1,0,0,0,0
KOR107,1,1,1,1,1,1,1,1,1,1,0,1,1,1,1,1,1,1,1,1,1,1,1,1,1,1,1,1,1,1,1,1,1,1,1,0
KOR108_1,1,1,1,1,1,1,1,1,1,1,1,1,1,1,1,1,1,1,0,1,1,0,0,0,1,1,1,0,1,0,1,1,0,1,1,1
KOR108_2,1,1,1,1,1,1,1,1,1,1,1,1,0,1,1,1,1,1,1,0,1,0,1,1,0,0,1,1,1,1,1,1,1,1,1,0
KOR109,1,1,1,1,1,1,1,1,1,1,1,0,1,1,1,1,0,1,1,0,1,1,0,1,0,1,1,1,1,1,1,1,1,1,0,1
KOR110,1,1,1,0,1,0,1,1,1,1,1,1,1,1,1,1,0,1,1,1,0,0,1,1,1,0,1,1,1,1,1,1,1,1,0,0
KOR111,1,1,1,1,1,1,1,1,1,1,0,1,0,1,1,1,1,1,1,0,1,0,1,0,0,0,1,1,1,1,1,1,0,0,0,1
KOR112,1,1,1,1,1,1,1,1,1,1,1,1,1,1,1,1,1,1,1,0,1,1,1,1,1,1,1,1,1,1,1,1,1,1,1,0
KOR113,1,1,1,1,1,1,1,1,1,1,1,1,1,1,1,1,1,1,1,1,1,1,1,1,1,1,1,1,1,1,1,1,1,0,1,1
KOR114,1,1,0,1,1,1,1,1,1,0,1,1,1,1,0,1,1,1,0,1,0,0,1,1,1,1,1,1,1,1,1,1,1,0,0,1
KOR115,1,1,1,1,1,1,1,1,1,1,1,0,1,1,1,1,1,1,1,1,1,0,0,1,0,0,1,1,1,1,1,1,1,1,1,1
KOR116,0,1,1,1,1,1,1,1,1,1,0,1,1,0,1,1,0,1,0,0,0,0,0,0,0,0,0,1,1,0,1,1,0,0,1,0
KOR117,1,1,0,0,1,0,0,1,1,0,0,1,1,1,0,0,0,0,0,1,1,0,0,0,0,0,0,0,0,1,1,1,1,0,1,0
KOR118,1,1,1,1,1,1,1,1,0,1,1,1,1,1,1,1,1,1,1,1,0,0,1,0,0,1,1,1,1,0,1,0,1,1,1,0
KOR119,1,1,1,1,1,1,1,1,1,1,1,1,1,1,1,1,1,1,1,1,1,1,1,1,1,1,1,1,1,1,1,1,1,1,1,0
KOR120,1,1,1,1,1,1,1,1,1,1,1,1,1,1,1,1,0,1,1,1,1,1,1,0,0,1,1,1,1,1,1,1,1,0,1,1
KOR121,1,1,1,1,1,1,1,1,1,1,1,1,1,1,1,1,1,1,1,1,1,1,1,1,0,1,1,1,1,1,1,1,0,1,0,1
KOR122,1,1,1,1,1,1,1,1,1,1,1,1,1,1,1,1,1,1,1,0,1,1,1,1,1,1,1,1,0,1,1,1,1,1,1,0
KOR123,1,1,0,1,1,0,1,1,1,1,1,1,0,0,1,0,0,0,1,1,1,0,1,1,0,1,1,1,0,1,1,1,1,1,1,0
KOR124,1,1,1,1,1,1,1,1,1,1,1,1,1,1,1,1,1,1,1,1,1,1,1,0,1,1,1,1,1,1,1,1,1,1,1,1
KOR125,1,1,1,1,1,1,1,1,1,1,1,1,0,1,1,1,1,1,1,1,1,0,1,0,1,1,1,1,1,1,1,1,1,0,0,1
KOR126,1,1,1,1,1,1,0,1,1,1,1,1,1,1,0,1,1,1,1,0,0,0,1,1,1,1,1,1,0,1,1,1,0,1,0,1
KOR127,1,1,1,1,1,1,1,1,1,1,1,1,0,1,1,1,1,1,1,1,1,1,1,1,1,1,1,1,1,0,1,1,1,1,1,0
KOR128,1,1,1,1,1,1,1,1,1,1,1,1,1,1,1,1,1,1,1,1,1,1,1,1,0,1,1,1,1,1,1,1,1,1,1,0
KOR129,1,1,1,1,1,1,1,1,0,0,1,1,1,1,1,1,1,1,1,1,1,1,1,1,0,1,1,1,1,1,1,1,1,0,1,0
KOR201,1,1,1,1,1,1,1,1,1,1,1,1,1,1,1,1,1,1,0,1,1,1,1,1,1,1,1,1,1,1,1,1,0,1,1,0
KOR202,1,1,1,1,1,1,1,1,1,0,1,1,1,1,1,0,0,1,1,1,1,0,1,1,1,1,1,1,1,1,1,1,1,1,0,0
KOR203,1,0,1,1,1,1,1,1,1,1,1,1,1,1,1,0,1,1,0,1,1,1,1,1,0,0,0,1,1,0,1,1,0,0,0,1
LA101,1,1,1,1,1,1,1,1,1,0,1,1,1,1,1,1,1,,1,1,1,1,1,1,1,0,1,1,0,1,1,1,1,1,0,0
LA102,1,1,1,1,1,1,1,1,1,1,0,1,1,1,1,1,1,,1,1,0,1,1,0,1,1,1,1,0,1,1,1,0,1,0,0
LA103,1,1,1,1,1,1,1,1,1,1,1,1,1,1,1,1,1,,0,1,0,1,0,0,0,1,1,0,1,1,1,0,0,0,0,1
LA104,1,0,1,1,1,0,1,0,1,1,1,1,0,0,1,1,1,,0,1,0,1,0,0,0,0,1,1,0,1,1,0,0,0,0,1
TB101,1,1,1,1,1,1,1,1,1,1,1,1,1,1,1,1,1,1,0,0,1,0,1,1,1,1,1,1,1,1,1,1,1,1,1,1
TB102,1,1,1,1,1,1,1,1,1,1,1,1,1,1,1,1,1,1,1,1,1,1,1,1,1,1,1,1,1,1,1,1,1,1,0,1
TB103,1,1,1,1,1,1,1,1,1,1,1,1,0,1,1,0,1,1,1,1,1,0,1,1,1,1,1,1,0,1,1,1,1,1,1,0
TB105,1,1,1,1,1,1,1,1,0,1,0,1,0,1,1,1,0,1,0,1,1,0,1,1,0,1,1,1,1,0,1,1,0,1,0,0
TB107,1,1,1,1,1,1,1,1,1,1,0,1,1,1,1,1,1,1,1,1,1,0,1,1,0,0,1,1,0,0,1,1,0,1,0,0
TB108,1,1,1,1,0,0,1,1,1,1,1,1,1,1,1,1,1,1,1,0,0,0,1,1,1,1,1,1,1,0,1,1,1,0,0,0
TB140,1,1,1,1,1,1,1,1,1,1,1,1,1,1,1,0,1,1,1,1,1,1,1,1,1,1,1,1,1,1,1,1,1,0,1,1
