RT_trn,RT_trn_rnd,RT_rnd_rec
0.40272845149089564,0.5087463523842846,0.392180188001508
0.4055086193833824,0.48668155753480913,0.4115854543646095
0.3778565986179077,0.37016024921820234,-0.4916563685633055
0.5700309153691144,0.4263931587090064,0.282482737682363
0.6355021677445103,0.5069359822693802,0.5257475952561997
0.6747320749451284,0.4797622582183473,0.1921654503652598
0.4682038260188981,0.43815442005770905,0.3297654447810619
0.6888075327298212,0.4988506711576731,0.485443666468102
0.5860710683189427,0.5149813641682828,0.28762731021198545
0.5165044358786294,0.4659204181824191,0.4855730394291991
0.4456304241207268,0.5376968470645132,0.495796698599404
0.555674249859327,0.47591025260138886,0.3645755620994258
0.5377103601211736,0.35112291143273455,-0.020784450996491562
0.2971385351778637,0.5567316701292754,0.024731590182411767
0.3976824623831761,0.4077443839365192,0.04332015240935152
0.47325402995995386,0.43947182739933843,-0.02255318656937173
0.46228038446140124,0.5751545648986743,0.2879939207078673
0.6505197206998269,0.680728622490782,0.11519229589099221
0.44561729512623716,0.5535559365143533,0.3035043562702453
0.5520590423826262,0.4314155957245042,0.15620949092051373
0.5145454702820403,0.3658850097306719,0.2561012461655341
0.4896606000990622,0.5144988827757723,0.5349259015429559
0.45691581232217615,0.5130830916416247,0.43387742812609653
0.41193237228808993,0.34710579301351757,0.0677454773394243
0.34409466853761894,0.6141127674532028,0.43771976842631133
0.20087341895654073,0.5607093644063713,0.6516332507906138
0.5873617317824985,0.7112824868100411,0.634628346658089
0.49313989269038516,0.6559495951783192,0.48193607466306837
0.41754673872190895,0.374045349357838,0.4238544295900053
0.47988586787672216,0.6123350928969494,0.4889059349859248
0.31174220980046996,0.5472696070165067,0.12532228463109343
0.5206022107893769,0.5956199879165645,0.3434931278484265
0.5086188109455426,0.5831483306162372,0.23096487068381413
0.5658458512966409,0.6044097144855064,0.09779914036787507
0.3673579209275553,0.384071813529278,0.11199906720857633
0.3588084085166173,0.3899165744433487,-0.055172780511732154
0.5669893440748205,0.48516549226183403,0.426421448701766
0.35740802298191254,0.3063720053680265,-0.16655127318057378
0.5236507156891469,0.4493446519931564,0.3034351331643609
0.49804637025329873,0.38765424221237454,0.23877031876031268
0.4921603216743849,0.5755441633855952,0.3830636157218724
0.5352023523897165,0.5506892518516818,0.37968269952627715
0.4845616574589039,0.49427995937950825,0.3051563632865833
0.13992206336656238,0.5102825120059009,0.3417530667354427
0.47836579985533206,0.4391964076111523,0.2483166858402094
0.5847967352658194,0.4274412708372569,0.3752438102394215
0.5624872303570393,0.5928071617649574,0.1912571269174058
0.6416349403473814,0.6875324296130693,0.45559102583713573
0.44645687078591606,0.5317923986370195,0.45079024397700485
0.37853384461921646,0.38680337904942724,0.4794296324300512
0.5868186266910724,0.5593838690918899,0.2555564631773752
0.47414361178661996,0.6709436171185014,0.46355250164365414
0.43097481020844713,0.34293676444561294,0.1701194394098861
0.5171503496539558,0.39513658077614744,0.02938627641111654
0.42082425962677866,0.41774490963414235,0.3863893599409101
0.43694391689378115,0.4848641441513959,0.39630339046410223
0.6039674869181045,0.5092065466965697,0.15065570936911887
0.47470784701181684,0.3988836088027922,0.27235200627783573
0.4270861152875799,0.47471517368043203,0.18720073860425676
0.5857006117791167,0.4818586649738546,0.1228562542238398
0.2923496706699536,0.6011644763913923,0.3699751342596807
0.2577218894506657,0.5298220470107441,0.40185071281194124
0.5293933262550775,0.6656321966919723,0.4501813087421741
0.4217732279258586,0.36349741232796323,0.16102852363425246
0.25431178311726527,0.5382873384048622,0.22653608412009543
0.6676548278564619,0.4892724297285924,0.2772773657492171
0.3832996350431556,0.5090738236755041,0.28809792657365785
0.35935241446362265,0.7056672617802782,0.48093482441089935
0.4007318195188694,0.5441915569643998,0.4671637984362427
0.5306928156086109,0.5662899137653393,0.10832408908740053
0.518571857806964,0.526411737897546,0.5167817104649683
0.43408433856369405,0.4034855337415561,0.3996318522136348
0.5250829802464724,0.6168629047295477,0.1746609623455011
0.597056289303393,0.6564869320298936,0.4096709788440702
0.6650668391060021,0.44946754812587164,0.2488905536486215
0.5682592041656261,0.5816423188238592,0.34106617417984647
0.6141612384905443,0.49237503558577783,0.3052321007201392
0.5022259202376991,0.37536520834808584,-0.056845463521844074
0.41043782462775563,0.640444337424634,0.43377449137667323
0.5217880761923819,0.58566449354934,0.5778372436376144
0.4304527562539856,0.5901521341696025,0.40750691682630247
0.4053181611859026,0.5595220218867595,0.5476599970722474
0.620372483062934,0.5682058553477111,0.180929351956088
0.47822844323370706,0.5118215614063891,0.043816900480881146
0.41922884719471265,0.44482367440634485,0.3536832763376426
0.4818736201224622,0.3630576060562035,0.21756179875940765
0.4322390027538785,0.6329705120836968,0.4449210398763135
0.19575491043951115,0.4554318598771732,0.17916845938414908
0.619460543268909,0.6364654825530845,0.4944468652310421
0.7389949160139331,0.7109408252613381,0.41366042044101253
0.512311753946519,0.47258934022263793,0.2746443137765823
0.3286958676995488,0.5148010545269642,0.4136045555497494
0.34103596183293405,0.5585812312193268,0.35023856363511996
0.4234469121336774,0.47920153640289065,0.2642079075030785
0.46532871577075324,0.5633420817056441,0.30878108444806124
0.4253408770106124,0.4758989315471794,0.19523770705306112
0.5630579450807562,0.5392151146949125,0.23606153485159068
0.5063216705189607,0.4640326996839719,0.3685144333000931
0.38291131291030767,0.43172558187452903,0.1628988595417002
0.37645255939629885,0.5292939682902008,0.33122885073763225
0.45844986046308484,0.42755102621890445,0.36309895284997307
0.3626856565137894,0.5986745853905094,0.2295260515964583
0.43856667460110504,0.5180913067092554,0.370714695492441
0.4775343921154316,0.4632883589347352,-0.06502338356064019
0.21072881222034257,0.5793690442231462,0.2559155367724558
0.5622283853988502,0.5531657979345378,0.29173325265389294
0.5802952848524946,0.5818902400387502,0.3674173251706683
0.6343774673519572,0.6655280443650005,0.5093587013380649
0.3937593841679294,0.48264620100133754,0.38108111334915784
0.4334650806941783,0.6934852624671075,0.410182859057652
0.47175777942255326,0.5277878845946957,0.37242993383034695
0.49339295565967356,0.7074355469438462,0.2521329948523708
0.4219259999783102,0.4894086610659625,0.17832318137866446
0.49919259552818146,0.4784631595514034,0.1811579260779967
0.43094958032074404,0.6540735230117874,0.5911773267488879
0.43455281768388726,0.404629017665784,0.2915739262889592
0.6067722923982064,0.4884606834161441,0.48211949657715275
0.482935360303901,0.5205396695505807,0.14451820650265296
0.601891753456548,0.634133366213785,0.1833600434648503
0.5520819926589159,0.47010252350208537,0.20899061801395988
0.4164704088154273,0.4738072301451543,0.22507223028489323
0.5478525136804356,0.5783181809935993,0.4280217467873114
0.4988013805255188,0.6797929993115636,0.3262058721083194
0.6339715941982265,0.5757197810333875,0.23318500015718577
0.40055828503819185,0.48513597747419596,0.0671312499904672
0.4080670586684358,0.4857650750751373,0.36242305496676525
0.40643993609040996,0.5105953448624928,0.3090176849501946
0.2650026883300453,0.5128206942141361,0.363061441013758
0.48928512181783596,0.41007256269801173,0.3580889616982672
0.6598450644186225,0.5004115023436233,0.33177191117297655
0.5242286082054098,0.41040401590434034,0.17929653591738076
0.36476443335786757,0.6430601438049659,0.6047989667994466
0.4272437129707049,0.5078122298406128,0.362534051809732
0.5342478570192063,0.6455962278097198,0.3080724650772424
0.4216436993436479,0.4643929306888066,0.369704152980147
0.496096863702723,0.44218390333779145,0.03508408095961734
0.51128638016112,0.4398063513090478,0.08877919398281614
0.652343847921478,0.5524568911241323,0.32943204301695134
0.34258589157775954,0.45153053503965795,0.5219461314200908
0.603834938947502,0.6694133698340533,0.4015497043364281
0.602529071541488,0.5309304375382248,0.4780579899740091
0.49432472000700345,0.621650032659916,0.43438354736035734
0.621804964312225,0.43425506582809387,0.09383418176382984
0.5509920538182608,0.5481937699075222,0.4077503091902877
0.6008479637691945,0.3609847423970482,0.11687446668772482
0.5440995825591766,0.38856266312939863,0.19228426272549073
0.5458851925562408,0.5532712755447035,0.40236181335282234
0.5787106455010866,0.6226801540801526,0.1483186556566031
0.5329320859584507,0.4729683459449844,0.2782125970876562
0.33863310084862974,0.5100064150673982,0.5213758022479668
0.4924704899006491,0.34548459593466685,0.11159766874869555
0.6651265802917933,0.6439191686067558,0.3610818205896375
0.6143333578910309,0.48377179931960707,0.33389430324244074
0.3595731363072992,0.4294219303314484,-0.031493087697147266
0.49702246105947856,0.6337743281548786,0.45373459430648805
0.5877402850077814,0.5351091382241572,0.38843248263092683
0.4522332994118801,0.623425727020056,0.4513991482915584
0.6432396509260541,0.5522575946369715,0.19371293630460357
0.4862190880734535,0.49658855245027494,0.44943495898916824
0.34838343630848995,0.4693438703431352,0.3971343305839841
0.37313428681528765,0.519074049394898,-0.032433590928290984
0.45588046341656957,0.4807242504159621,0.29857647658340813
0.5443922689109005,0.5584634394397674,0.15456260846067954
0.3014289542431863,0.3764723337614338,0.37283155519287736
0.30967380403452094,0.4726688917850525,0.21050298929204234
0.5950509175273865,0.6052832000971969,0.1667826849875415
0.6025741858424037,0.6111382665965434,0.12321727226442276
0.2830718534894391,0.5802475824337543,0.35470302484296184
0.5538799447744371,0.533286026299898,0.46651136357457906
0.5168420304806839,0.5658104880634718,0.418150860766782
0.6346929594203804,0.38263307175529837,0.01983058090388995
0.5382096649179812,0.4716079498777848,0.1840902371170995
0.6060385596494345,0.49572238869564467,0.013609437131317027
0.5228905889772874,0.3512779923645526,0.33110431728361694
0.5306081869182403,0.7253155901218279,0.12575446859518166
0.5946079504778151,0.5564349697644643,0.32896882185775045
0.4247453980202859,0.5246476458822504,0.3427483648936372
0.6021215369572535,0.6512089745976529,0.005891707777242026
0.5221740508067598,0.4569420796377012,0.4524396531665533
0.5838855582014792,0.4751549721647724,0.45373351632434045
0.4241574605932774,0.46588317580233246,0.3547324844526793
0.4943813712722776,0.3380129401872071,0.09281236826944303
0.6176277432608231,0.6006565057362262,0.18174871081964766
0.30331699506593085,0.5534433053682084,0.284680157064504
0.5646179387229693,0.5852978003323587,0.07988501628026064
0.6007868290739575,0.4258159542456401,0.17164253287499318
0.45932093454895473,0.579676101645992,0.4986059484933635
0.5319278285369575,0.5673619351643017,0.34813066220886174
0.5233309030313755,0.5617682900745362,0.346269054546013
0.5280645931621727,0.4951732955295153,0.2002621508540417
0.6499828669432519,0.3333509181379562,0.22466389836750042
0.6343648036306534,0.5814021457310665,0.16163111399054472
0.3677810690812743,0.52604302811956,0.32177531383542063
0.4619266403840392,0.5975569279720209,0.43411376892783193
0.4691542723640537,0.3966229457933863,0.015064237154130052
0.48180513603647573,0.45822459955185446,0.41905566698747326
0.46423756999359855,0.503137724279831,0.42807049478017944
0.4863027891245484,0.4944134148843063,-0.13035623491095935
0.5648851190604247,0.5959362279614384,0.1325794371457783
0.402672871177825,0.5381524162179648,0.2691598336837557
0.47369000847375764,0.568856087489534,0.3697374733058199
0.6057094723624049,0.4871583283508393,0.203917271142048
0.5961290211527345,0.42397536000495206,0.22531239061336972
0.4653551042981616,0.5115252067772635,0.14073112300925777
0.5614391710371411,0.6123672199231333,0.34329602448486607
0.5742680963323697,0.5115400651469717,0.17076226147565768
0.5908798020424489,0.5526033433027461,0.3448874679936973
0.33195352833855407,0.5833690173517108,0.46162863982716007
0.3379834573604158,0.44265400207889477,0.17564259479284294
0.3784550505968811,0.3715400170229209,0.3450749301770764
0.558131109146892,0.5692390972549971,0.4197844788417724
0.5411569938888368,0.4902633401597206,0.17555392061204525
0.5813684857418466,0.5937146144045549,0.12654311172710897
0.691138883602755,0.2979453301633462,0.21211954413948014
0.3751419428971715,0.39126295916337694,0.15218279574773214
0.55153170508999,0.5115017671540187,0.25494430141586283
0.33803585904808336,0.5938275037159622,0.31176638037418697
0.6737476114634828,0.7066270420922812,0.5964046262137169
0.39334669035671976,0.6194802010275903,0.6269860258812304
0.6083894912140286,0.40713560529443477,0.29455577010925393
0.3434735135271973,0.5431849756964375,0.3749433946552976
0.5498146634709025,0.5010006199417214,0.15650173228824923
0.5193107425979818,0.6093158443311353,0.24748831349047715
0.37373088375716157,0.4802238594303528,0.2070538088741162
0.39800217065817006,0.4633007395235159,0.20193887974551875
0.3700414174806298,0.5872779399962411,0.06644606652985449
0.740771626859846,0.5061879484702212,0.2714164425684183
0.47001721507917205,0.6046187526188084,0.5000606051802905
0.5385865416907577,0.5229422226776226,0.39575853732945887
0.6780507291426286,0.6424496789513622,0.5158840526393811
0.47198500159938084,0.5116819210982657,0.3763530295095683
0.46544233704946647,0.48434987036222144,0.20835397996252333
0.5309470211947209,0.44880018886697215,0.47078290062301836
0.42210239811889344,0.47998515123296154,0.37712527108181904
0.5488286633679325,0.5698161541746125,0.5428819172859531
0.52168199685112,0.6854491024071112,0.29565714533685933
0.40120151119595043,0.5603587474413503,0.24513546798865207
0.50701491083351,0.5105815917821906,0.3420914715968196
0.45398184803364827,0.23734308941931842,-0.19891226556925082
0.5046123081195312,0.2065714994525975,0.29106746027685493
0.33196271782591635,0.5267114525803044,0.4267768450222403
0.45063162945469437,0.6022997393883085,0.2782764982398259
0.6371317249363502,0.42025165469499964,-0.0392346736692011
0.48368799005099966,0.6441660962605431,0.2271124214895899
0.05854307740600398,0.4527172170243508,0.2931982208590651
0.42700848945847,0.5483516695140436,0.1870177980743338
0.5805144792887155,0.5573834591187361,0.3532423806863371
0.30269217168397916,0.5389359598284292,0.1776491516599517
0.4867312229788046,0.3323084494496286,0.07190141606097003
0.5348753775478164,0.5006424780867832,0.19544926188427966
0.5913225290266347,0.7401201229958193,0.3835775029086989
0.5576742620010663,0.6063369571781224,0.35628666329621456
0.5583034610760095,0.5498938563851146,0.3943626407777539
0.36381711413231727,0.6004597046396484,0.40329518279916715
0.34287192002821326,0.3661768845497026,0.1622214685594796
0.512715299219679,0.47128970519504765,0.17856281311423672
0.5770232436710642,0.3576232379731963,0.04609234729054369
0.515474437197241,0.40654455970484965,0.28347977964109883
0.5511049505232253,0.510097482778337,0.43562468445984887
0.4682241721546754,0.4916140267062628,0.4156658527144349
0.3867565985461001,0.3823385517543823,0.4369831064607213
0.3323874615871894,0.546361395515697,0.08331908976674691
0.2961088663093615,0.3452081153964726,0.46091176453042176
0.6368881482185929,0.3066826285051179,0.24936470954913822
0.6195623548176646,0.5951971530624248,0.6002069812471361
0.45177965485681976,0.5520190483892987,0.2244879181877255
0.24646377384670198,0.413253626933688,0.2942170534061194
0.642509255748825,0.5700600079045067,0.2924566084778233
0.39611827641089775,0.4288086239456665,0.39815573235928137
0.4446331448786387,0.542457748024664,0.06468284491502736
0.6004593487995373,0.48918906503215975,0.31126897713576823
0.5998428192729675,0.5549036739944648,0.20264837597761162
0.5748337475695967,0.388971555929906,0.2102328117041897
0.41248290591716885,0.563942370626189,0.2444145670368359
0.5425772456342329,0.7151973050667114,0.48006735818159485
0.4349941329854999,0.5280848431741375,0.45653313270876156
0.5270127316138757,0.58161609472665,0.4245400987256317
0.39284241563354805,0.5545371291541557,0.12702160586228026
0.5957059240573924,0.5105214900092945,0.43887410940871574
0.3538301842477536,0.43648450283873014,0.30005704643089465
0.5362996978033486,0.6288600662407949,0.18805702655919673
0.41123862010074064,0.5800372274771395,0.45217431076204706
0.49656753213441457,0.5091265175853088,0.22033575276175416
0.38666653372155857,0.3060235958406856,0.22284958714986794
0.2311003503236879,0.44715272018945673,0.2780942677856851
0.4933642041641032,0.4769132695849486,0.29627084120385283
0.5375951881329734,0.7358879350319038,0.40891428870945395
0.3771297470693252,0.5028402032453022,0.3241773898564886
0.5437643561453928,0.5671974891995898,0.43671234983291773
0.43078064970949287,0.43831582409750797,0.24511919611204533
0.5525196018612479,0.6191648516678683,0.48310651235853874
0.3464657969668924,0.44992234443419926,0.04082661594421053
0.5586173539360372,0.6706369060235373,0.38986431889696765
0.3876486026975137,0.5444414613385651,0.3391929215895518
0.5016489643834521,0.6525695185499868,0.16256738582116417
0.25277672443536026,0.4028456170137646,0.38788784738193666
0.5693098569129008,0.4759600067820769,0.21312107075864498
0.36489341076030246,0.4301966979973757,0.11626546270833411
0.5678546677257313,0.5839897810655674,0.25071186830506215
0.31528639760990085,0.5592204110316417,0.49034109361115297
0.6313374325692872,0.7347994496114423,0.4207222072179749
0.48935623218134977,0.476572107864368,0.05995921524441351
0.5604014946023689,0.5880239935584171,0.3335531987950055
0.4159733421687231,0.40909418767526334,0.32490731709280013
0.5158761694725257,0.5833960246360061,0.1200141294117358
0.533779179568043,0.5320153638842016,0.31107818575365503
0.29772837823694814,0.5692014832702387,0.21647027560287285
0.3390130197726709,0.37027872527528577,0.28638683261911435
0.5385032926876051,0.6266934671122564,0.40323880077516006
0.45412587872661553,0.5997848303593843,0.45405285307825494
0.4648139006394682,0.6271464106572239,0.2967404905355528
0.5161613927003086,0.5848889096370884,0.5009500524588401
0.3970998664577222,0.32333646928666604,0.30591105124363543
0.541651240557507,0.5854962447935396,0.19538728976142095
0.33152103700976887,0.509349310100815,0.3747203205748289
0.4333566783496439,0.3778306747009237,0.19847909921615872
0.6416238292697386,0.5418486397309815,0.10001227132079847
0.4686359203887788,0.43845291155708865,0.13718020277103318
0.6028069071732265,0.4674400002819157,0.24183074384270153
0.5119441474500284,0.5315435321529521,0.14643238548538792
0.590165804663022,0.5893440903677526,0.11373193173633457
0.5026125833851289,0.7173333332604763,0.4203623009080277
0.5763851259040225,0.3153581651144301,0.26033960284089847
0.6004375572543165,0.6562207791273892,0.35311098482916176
0.5013965430556977,0.49991176820355415,0.36437100468051176
0.5245637655935523,0.47465331765975327,0.3149385602537341
0.4008470994393913,0.47066525246660706,0.27893570089953185
0.404377532799221,0.5070789016922527,0.06912182662569533
0.6748552891500774,0.43899757414428703,0.2228798774989583
0.5233479577988465,0.6565274314477731,0.3325367955641873
0.660011219810051,0.3902958419650854,0.037349962140963665
0.4519089010764441,0.5211758296142416,0.42728959937517197
0.5635800444853111,0.3787121126271745,0.28192775289348776
0.34189108711516253,0.4308049315066757,0.49567307516357795
0.4153627965674714,0.42181877717382793,0.19783662251526266
0.5279273245914282,0.5222192369076332,0.28310281507648266
0.518034755304866,0.3795722125988509,0.23442538316874129
0.5961941453370417,0.5165598476993697,0.054029234846192264
0.5535994925089923,0.29570842088393645,-0.03450712890789591
0.3509962953510372,0.39465263768934883,0.49169994248858045
0.49753343384801446,0.36790104131871576,0.18305929452341446
0.4471361689167237,0.40931741934650656,0.2666428641641094
0.6245087829229765,0.6416809286733411,0.6263797414644793
0.6726322841028924,0.5954816092842804,0.42203462720231255
0.4726761437474592,0.5486681697644966,0.48957355263949603
0.6395967515301223,0.5091884444074272,0.1450724852076616
0.6551228440958489,0.5686617761023385,0.23726346368491028
0.4170627838219079,0.4345301888828579,0.09963841443391855
0.5257209451747151,0.5908249951944543,0.27010395844990753
0.4832664353417277,0.5454451461608488,0.49490495279433283
0.6965039767306411,0.567786807331231,0.40702785410319253
0.3995544545312159,0.6043616148748462,0.33176301394448326
0.5512339957806383,0.4651791017276562,0.43910062584271387
0.3028439327644914,0.5143759186478062,0.4319814901391778
0.4669438282972301,0.47206271140879263,0.20901435754902786
0.41375383453028214,0.5327188092137248,0.45911298903212994
0.38765222189703596,0.42279355368789995,0.39343720452384895
0.41844370807183184,0.42007888450339465,0.4298980994670684
0.7774530358671184,0.5891153798747331,0.29914765757426437
0.4141841688790812,0.5315548512698786,0.5786390036646439
0.3969903815436222,0.5745652976638536,0.2421678136796656
0.4624344732714365,0.6195382819848674,0.267295739145695
0.529849692691266,0.38178340211787776,0.20201358593118987
0.5295174954292939,0.4878672014986314,0.3490309869395296
0.44584376244665513,0.5435077120767564,0.27425440054204375
0.4467430742054176,0.5677475227363383,0.07617235024635345
0.5364745358135089,0.5599025389978765,0.46873460765467223
0.6038811477268832,0.4025673011098546,0.26951326166060413
0.5772919159134875,0.4812392733037454,0.24547956198167
0.684585286594453,0.4894362239056874,0.3691934788066514
0.5652640343138766,0.6435205514750374,0.14005115961267
0.4049009527045113,0.31834567711929673,0.12595343913987517
0.4640275940163374,0.6405716819926893,0.624459390174122
0.6056209429975454,0.6903583868792207,0.42681636749075963
0.5776087907346313,0.6041632281777413,0.40159273685147034
0.32322385865193054,0.5946906514932512,0.3928206491747287
0.7107330648981327,0.7032675996315247,0.476542197939608
0.4686259386903405,0.5450873851879938,0.26819643774943375
0.73993187320748,0.5600847513845526,0.06322395327365479
0.5752661280286417,0.5345425226976896,0.05309349620626499
0.6742094161748204,0.5245869303256836,0.34148952343503225
0.47852730298275464,0.37421814756941923,0.26216482985917033
0.467076403883242,0.6667412117434898,0.4973540083075986
0.2792213635758309,0.4663165888580298,0.08566422645718019
0.58077563701298,0.6051518230286865,0.36606324703102006
0.5103030221015017,0.3726685631984396,0.0397818430215095
0.46371919885442786,0.4020661415666686,0.2747567661473005
0.20554728388086804,0.3082106569267167,0.059303023319121906
0.524064455293796,0.5517837174868137,0.5096075890083887
0.6597652075204364,0.6526484113060099,0.5844061005801594
0.5414935911999255,0.5676013331818682,0.3034706386304162
0.24069960842146268,0.5215636171534114,0.29526949684593073
0.31557970223964765,0.5249775713348317,0.4464916093588507
0.4172139797824689,0.5158681273459296,0.30808938753507176
0.565914564223772,0.5893675427820382,0.18867124968876514
0.553729351322675,0.5436032801966678,0.4034127190113403
0.5776234218222749,0.5298913767759286,0.0804020852972386
0.32087507683247596,0.2524544900251105,0.04718094934648661
0.6313553676300998,0.483946577136779,0.04540212439804854
0.33084802587688805,0.6616285196918921,0.4106885390628605
0.4059861235207388,0.5236251449926366,0.14604906202647588
0.41648161509454273,0.6103634878099732,0.32879863536081616
0.5683088286438015,0.5275326825116334,0.25544398592048295
0.529103138881339,0.512241598336906,0.30326426611011453
0.27058708082179045,0.5103127073730634,0.1915851590940817
0.4984116558003007,0.35782572261725165,0.22718081652604083
0.6015387024298641,0.538080168173472,0.389534317168977
0.5456192503585793,0.5441310572928572,0.4511936295399109
0.4888112824652738,0.578646906363417,0.3782209997524871
0.5451970969714978,0.5978766816778057,0.0539935124015327
0.6069098853840756,0.610093166804096,0.5548724404493779
0.647306174233932,0.5055987740887462,0.37949034135686666
0.3310801577246867,0.40640692800689526,0.2853096893659369
0.26895751826926284,0.466713076697214,0.16756698345638113
0.4852079997582274,0.5973927248062741,0.3938090305205344
0.42366463282437894,0.30998690034548637,-0.10417354644923948
0.41243750306520804,0.5897043121369654,0.2281613432325114
0.6073356350490539,0.54974882647896,0.3334359891743532
0.458646979175797,0.549937780424953,0.49940694313287026
0.38536334830020375,0.5833931859216055,0.3559509320013546
0.4617981325401864,0.5512048301063732,0.32428974115355413
0.44959459960621023,0.5365533448014146,0.42092337350008624
0.12505175941519872,0.45387698910667795,-0.06670186618241969
0.37882564492647036,0.5254997650929386,0.33020185149560505
0.5370803395064508,0.4101797658888788,0.17293178257736025
0.5747780943012359,0.5829321174231277,0.4626373854725253
0.6487206383827503,0.5290126640334947,0.3766399362665566
0.6468053831392642,0.45034966358578116,0.41491178814813057
0.45679074683916104,0.6463692677838642,0.5915469944115582
0.5088865213048644,0.6267873537696838,0.572012159272933
0.5175786039139687,0.41728368203636207,-0.13764485477998262
0.5876580478876838,0.5230180069660006,0.38614464907403284
0.5571658200573809,0.412148500870791,0.3804486450841162
0.49053564366857166,0.5758656434058836,0.2861601267979445
0.5159363412588625,0.5088913105459231,0.17145043281958247
0.29578937318745074,0.5706483745781418,0.3653086387914971
0.4846208436082848,0.5431878604376809,0.23525681387891112
0.5830604700010066,0.526389694793606,0.5719157263204003
0.5029336038941213,0.5206791166204539,0.42309439917888547
0.541725204047996,0.721907588882928,0.533008605624704
0.34928347404564314,0.6442598355898129,0.4587449815065651
0.5690645542605139,0.4226208216792313,0.21044469283926984
0.7117439572207157,0.49087063858050595,-0.16236366265367708
0.40913162328010444,0.6091083599477226,0.24699049192531955
0.4454719654838539,0.5181609126486727,0.48648945505353236
0.4483648655237057,0.5445747741871784,0.22869542652870234
0.4115623384747751,0.5775249240206228,0.22642754856726321
0.2660003284988615,0.3961045309791829,0.30223738012582524
0.4601577686180628,0.6817216366974752,0.5005904245008189
0.4523136271186079,0.47401682985139443,0.3853195568861569
0.31596058074121874,0.5020602520676224,0.21400407223504056
0.4179382686314719,0.4738988369916073,0.18241893674750775
0.4633413682411681,0.5482831012515471,0.19009614322094096
0.6382393313101268,0.4606840964382737,0.23009632539085448
0.3637326043853403,0.4894975392450819,0.36241727869320617
0.5220881314529426,0.6068392374524297,0.4428854110872908
0.440769761593834,0.5725597049355265,0.2727463487592259
0.4506428149657388,0.6029824111870578,0.3061623171894218
0.4381747034582496,0.5276277947015877,0.3030031663667393
0.5954869732135714,0.3887980556563345,0.02418840759034314
0.42482532327834344,0.3774020788458648,0.07908452491083534
0.5334231282026245,0.5678815248822596,0.36903134466447884
0.41910490418780794,0.5098990048933582,0.34115794268803673
0.27324252319534714,0.7009021756797635,0.4763594340202413
0.5475908291768706,0.47380580148202517,0.24942688197391377
0.5508946176209685,0.5593573414181358,0.5448517330469136
0.5010583712288111,0.4401812531355068,0.5058914900320638
0.4394234069591009,0.5056482637124187,0.24917956070911532
0.5639578950834709,0.39552686881125376,0.21880541300090708
0.48251030940580986,0.5565878039147459,0.18348255815209333
0.6096816584481606,0.6045121531088905,0.40531285660358196
0.4555704836328661,0.20270614778046608,0.14759875772910103
0.7110622607516005,0.551928125131556,0.3351290648241485
0.5409844994936487,0.47597142948304716,-0.0639726412506444
0.6866396688786969,0.7049209116432337,0.5009765379742283
0.5390341931439306,0.6646221608398905,0.5761187807787067
0.43379459314925406,0.5875765716517029,0.5488835576108761
0.4154829909071468,0.38656356325351104,0.30063374878801563
0.6114929438331164,0.5797855234556982,0.278188200114186
0.6307742695463391,0.635503447717642,0.4609660141758058
0.553683304632164,0.6463931237536644,0.40287405862522174
0.5339747398654628,0.48765726217378574,0.05835615155515058
0.5212525182457421,0.5069236905462299,0.26307686495110916
0.28999187775621393,0.42623723812866254,0.35981957384528074
0.5978169006427945,0.4047809673085917,0.16718893848605174
0.46953066934369364,0.3188843414763808,-0.1027756407684834
0.37552515609479886,0.3995816241390454,0.2953962662193367
0.6138154246974593,0.514651987322145,0.20621446842075394
0.5907218940276565,0.5886401667471555,0.23173098730017894
0.5052976033463037,0.4158944874305165,0.1891484603371328
0.6876286947090088,0.5618979824414512,0.18479839917155022
0.36696641908252636,0.49610551340863557,0.425364132925359
0.4389717443447469,0.496011571145518,0.09577797407032747
0.43118509997492616,0.5760266203404831,0.180939522801315
0.3527896453563983,0.5739487534526753,0.2945176451050513
0.5057517716182809,0.2935745931669139,0.137849939616482
0.5383446016823372,0.48016146463285625,-0.09640551575822294
0.23266789758730574,0.48723452364440784,0.15822803970688584
0.4190074223644894,0.35438480029169944,0.3792042200255393
0.4003677423018808,0.6432223126246791,0.5188513251057852
0.6136030861371827,0.49708442845332607,0.36974826269027167
0.5221681084418377,0.651125706849758,0.5055812755185035
0.6118934013601584,0.6772173266371738,0.540711055704148
0.47630329344731326,0.49635855788142974,0.42669860659371206
0.48336372381458503,0.4183254956768165,0.34519686298056973
0.5653130790504324,0.17953740622690387,0.23499611582986857
0.6593910332176763,0.5142445508483534,0.35860582793947104
0.3915693837649242,0.4378084760785013,0.3933002573014332
0.4331560241090317,0.5322625807389372,0.3360483081495747
0.6422962707789425,0.497490100258493,0.247533029321274
0.048488224252488284,0.5321965013212199,0.214320962552516
0.5367271337286166,0.42558605646067965,0.09468839725151029
0.43829343689565786,0.553790960540105,0.5032890760399304
0.40228757473115373,0.5205022235055995,0.36078788899073744
0.3447970786383606,0.49085656662694377,0.275012948293112
0.470458543385831,0.5463395576508937,0.4955756036804831
0.557944801393647,0.5065049882210605,0.17887041109068588
0.7228564012305739,0.5631004272430968,0.35244775751303187
0.3302744208444576,0.5393761199465924,0.2000352669888086
0.3896881110773227,0.5008306468345659,0.5733035038718286
0.6698623657731624,0.635912812943466,0.16769868751493566
0.6606168776735273,0.5366768280602099,0.08125063775113987
0.44385443148577486,0.4410953584287452,0.2556104000986447
0.46395912433069436,0.5914350446164168,0.44089681220728966
0.38760972991716763,0.5595983696288214,0.4743279219423441
0.3153834572505966,0.4065335720317158,0.43265070152748425
0.3697651481890247,0.602343662891061,0.34481051135061724
0.44013510394415045,0.398251725996155,0.26147212238744943
0.5271685355222879,0.5607580899247622,0.28724676821473677
0.5794735826078147,0.5945660988298932,0.3404216896467289
0.5267224844640688,0.5460358913637076,0.509882808867181
0.478392553935139,0.5127813159143071,0.3671774577542693
0.5618350372331247,0.6768978195090312,0.5305281529713965
0.4397079121420974,0.4019977395290824,0.4614514702613278
0.49910299605007286,0.4919367087666802,0.4440777946680926
0.617340399328724,0.49459064047960993,0.30729441193690454
0.7144408835255,0.5779867399093629,0.29277233705361716
0.5253809336122672,0.5618918823470608,0.31429129239687825
0.3406975928696843,0.4379997126890937,0.32294919610799017
0.4090194763293825,0.3843725949749069,0.13132174017916406
0.617798766573292,0.38743186100399724,0.21734481521228335
0.6164173337739137,0.5133760375884096,0.242577299934309
0.5670279557776613,0.5846230764924808,0.3567159641658733
0.4638602607592084,0.49285040773644123,0.34250228894429985
0.45911104466781644,0.376884642259666,0.0894212703873844
0.6631994281797499,0.5439306879918099,0.4541045145025519
0.4167956393452488,0.7109580056901293,0.46507289074652663
0.7127265435802745,0.553588771981008,0.326755252085419
0.48814215776975767,0.5610861816094412,0.19544043731385624
0.532732420400566,0.4351207328376114,0.25903040138898265
0.42224658269215437,0.5640455842645258,0.5766430102225077
0.5697955182744973,0.44718203122282235,0.3597299348893202
0.5005102893623631,0.567080788037352,0.48892678786370425
0.6575392170742942,0.6070282030700594,0.5454829368918807
0.3809335984777295,0.3390969874359759,0.3555937820246046
0.4147835584093803,0.4216455805044984,0.2900313786191065
0.5930534564602817,0.5425732936359529,0.3541447561667394
0.3886100144876606,0.36901736604340074,0.09490734654824437
0.5735481545212885,0.4800516845326789,0.44957211266671065
0.18091079142155622,0.3247432025759639,0.17789307837820598
0.32747066338147574,0.4998577326231225,0.39363689618173414
0.12030695734441395,0.5161628078771653,0.38050025345201427
0.5915921493973032,0.6382746256679712,0.1458402548482442
0.5259843360801202,0.5238185802453177,0.4413083840434154
0.3430067004281873,0.4862985963125355,0.1659102682526878
0.43510530284905413,0.6691415755189527,0.36500787914229665
0.2530070971378501,0.442067454838818,0.2560723475181502
0.4372443284892478,0.409011935683248,0.2710239809412318
0.46532460343419524,0.6206457025524557,0.41256031907383073
0.4443085195346594,0.3067006661928399,0.26934037160715585
0.3570478816541828,0.5032917835183657,0.29463754081833016
0.6249711521289176,0.6161683878871672,0.3610670778705016
0.29291574341979487,0.4295503641726969,0.3286180822221152
0.5150424765881084,0.4628028351546098,0.32059059851993515
0.49141011892105224,0.6139353713761704,0.5458072707895532
0.5200618915071414,0.3927136559431296,0.2653530372782735
0.561273742509787,0.5201657684708149,0.18005415138681247
0.3804684012760305,0.5507494668945799,0.36632396972540493
0.571781628995055,0.4344787879242976,0.15027020761312737
0.2058228141503354,0.5351120657867631,0.4409483955687861
0.6169645401949201,0.5512230017585824,0.3749757534750366
0.4320225099482337,0.43439826232447104,0.1871841203910907
0.48506931974741374,0.6449631338465884,0.3116541339649048
0.7138853084808763,0.48903985201239697,0.3725940732444784
0.42613515492899756,0.5610098853646469,0.5553100583623318
0.32195418599113135,0.41970956254987385,0.2519706301153113
0.302052758733239,0.4122985472635919,0.22016228612243963
0.517310182882662,0.448418043967909,0.43899751199610204
0.3242565029072222,0.41315094319125345,0.17762051608717128
0.5064182957974992,0.6866393032307332,0.42380461388441854
0.477505042657102,0.3251348115029462,0.4273043011623761
0.3584665381715657,0.42567767579433996,0.32859245414258703
0.5469941853970776,0.38051193375783315,-0.11408851953902377
0.5979725406356662,0.5262682860476633,0.282648319868552
0.48443071941140053,0.3634454549859026,0.34577259162629054
0.4481640739504621,0.37946689611512924,-0.023384257987143574
0.37769531766471254,0.48595306905459357,0.28447539816959155
0.29392862512520035,0.44263234291162495,0.4520282209135931
0.36035880743888316,0.47814707269532086,0.4420516741123323
0.6572004151819918,0.5576863309650635,0.1462966711923528
0.5948165188089392,0.591160197121053,0.5059506006966848
0.6121700080952217,0.42440861539545854,0.10827286118385367
0.4170137782529372,0.5685883514981285,0.2895902839196235
0.35639017369443127,0.46714733814232434,0.39252850361285985
0.4822818586693853,0.37158459153890266,0.3507664339039354
0.3557601503993408,0.538961507851049,0.46238782905083947
0.6792381079065544,0.4482825987003506,0.04438463171857814
0.5479692398778497,0.5026764723202537,0.4550665980615107
0.7011019611894382,0.618958503466122,0.3400259389665264
0.45016843321748257,0.33509984308646495,0.33626471742880215
0.6852447649987862,0.18548323242218975,0.16660256940769066
0.5023985546434072,0.5752445110768544,0.19241167327332698
0.39418550164894284,0.579232823917599,0.41226060118787855
0.5503307986080384,0.6428358406168305,0.2468639864001002
0.4779140107014665,0.5517075428699686,0.06632463168521006
0.322321428634857,0.42718088420243927,0.36624976519179103
0.33500657363282865,0.5533132085284448,0.33325671954731917
0.546441205420737,0.3472703942114761,0.4275524727870748
0.4819987422935967,0.5693369460171237,0.3077681351438853
0.33330130378335404,0.4341085831410038,0.1095054880156327
0.46427414425001,0.47344332712487575,0.26262847918451016
0.4856235979256221,0.529762729210236,0.5703829102314696
0.5008408608602897,0.5719886834242666,0.01412431203800288
0.40169312858449235,0.49611884192702055,0.41558353514658297
0.44909109052726764,0.35281041002869024,0.30997262405293935
0.4216392302611716,0.44237402336556236,0.1055236818445822
0.4725829409044775,0.42151685599047617,0.2953735509433155
0.4288073090292861,0.5392467369516363,0.40683282505154195
0.50348499970442,0.49145769927818955,0.4755542151911507
0.6288215620412898,0.5763908473604762,0.25518772714072163
0.5387863021449332,0.5830330283055979,0.2681696821634048
0.586805205374206,0.5749491853104467,0.3071058286112189
0.5982482090412455,0.4348684569412436,0.12829725703473832
0.6915402358732162,0.48635336352582653,0.3314270657283276
0.47268585906521926,0.36710186774795667,0.15566182505979423
0.5348780132133951,0.6191142631394739,0.2971925464829911
0.532579961485787,0.38280572931965506,0.4350731623807276
0.5095116039869226,0.5237012590772103,0.3972064095754715
0.5785038914623882,0.580497179768164,0.3217131136833466
0.20651218014194017,0.5149496010551166,0.1325491825522547
0.5319302772531841,0.3911232425514917,0.39623997063389155
0.5423880089469151,0.5272981293497897,0.1615299996762083
0.420288943748988,0.3561215194994729,0.043537895685007266
0.006056451305562365,0.41408589891124464,0.28060246359451385
0.5291713534618423,0.4949236301936368,0.27167387085750694
0.2961125770253053,0.3398913798395667,0.19234388393999674
0.4236974998901283,0.493009354410049,0.22241694820355634
0.4531099659614337,0.5427286012593232,0.3092866661705792
0.5430800098426215,0.7121467819745242,0.16091659955973478
0.32630039244155334,0.47671711941285994,0.4692180653800643
0.4832028945008389,0.4457635791988716,0.4393475111992256
0.4204397325865598,0.4198836293995727,0.24526746791516252
0.4404806605777608,0.4465761492456269,0.4697564085953554
0.37686851289038625,0.43483079228226595,0.41409370239503074
0.4288726425146398,0.2778162172466054,0.3007974481431229
0.5241352745247942,0.469645247477633,0.21773052951944186
0.7122431375409182,0.35133342395485,-0.059723490406718996
0.4788482489111565,0.5273120352041776,0.49966694179087645
0.49938468806025926,0.5558437844146856,0.0746977299390108
0.45711185312481034,0.5136683222470324,0.3548355661618437
0.33685881137154555,0.5689971367436207,0.20898378600362058
0.4966905823061963,0.4207596876575521,0.23648544622729306
0.4697676695762151,0.41652185057240826,0.18828545989993242
0.41641222784994475,0.2938418895763229,0.3006660019001064
0.6040951561043805,0.44437727142843314,-0.08649315538828094
0.41760333496745644,0.40799605930924787,0.33556625116089583
0.5907066076513855,0.4795317322086081,0.3830038977091882
0.3457861859750151,0.5440244629535045,0.19842639508620225
0.5154976205022024,0.5129243660594441,0.09282205482327209
0.3490929613183315,0.6342253330124179,0.49843940480737764
0.48702589916855044,0.5146428380630849,0.4132661590333229
0.5684353179794082,0.5308170586387744,0.3740702651634826
0.3041659302992032,0.5624302950413709,0.45265109911081525
0.5806736039310373,0.5184627389832267,0.3495502754272424
0.5443121151905496,0.4804075719732407,0.5594011776835282
0.678232669766307,0.4517082822385727,0.04182256061972738
0.601973529316171,0.5624760610473459,0.4848035876710839
0.5642642099127834,0.4728278313133061,0.25168730602398726
0.20529779938912193,0.4268418232928909,0.3188550021321505
0.15173922502133028,0.27414474646463355,0.4246371218073141
0.6133086258871276,0.5267379942002978,0.17368986309517756
0.5369945946749921,0.6175770617790785,0.2946943274032852
0.3785585262520871,0.5124099929570388,0.3981259700241015
0.3409625788553939,0.4804730132114758,0.17571064138578774
0.3622389294270942,0.5249719839712608,0.11224105787738907
0.6379846680415784,0.5774228304903127,0.4399300357046115
0.5858029507186622,0.5135948355753103,0.462014863471778
0.22925619320233315,0.3949932273277091,0.46629315591053017
0.10193448273667509,0.5515461068392583,0.4874143473073938
0.12647356922511335,0.5803616608654408,0.5228729459242979
0.4647286354049213,0.3819198444508997,0.036409211169757316
0.27162449680567197,0.5222073319796385,-0.017342765647990758
0.5323007688133413,0.6317135451589185,0.5273865234784337
0.33982074901888243,0.4135189905542058,0.24941261392185246
0.3017187973951472,0.5965189049271084,0.28611180045262596
0.2588795733732863,0.5887851719101358,0.4626376901671122
0.47189032847332874,0.5594016778029444,0.3530749580968006
0.584198436442974,0.4505956529205776,0.544438712922142
0.4512261795318951,0.4538762361735017,0.49136175839411383
0.7155011215347403,0.25322157099553294,0.24272306216329473
0.4753569057012102,0.45797935325316713,0.31009611619962274
0.487972815021182,0.41462663610521266,0.17397448079178443
0.4218967020191437,0.4057123141334063,0.22919448607879406
0.31264525327753717,0.5949002064622445,0.6002869364134406
0.3413583421926038,0.5809364086538024,0.25985473568503126
0.6115698401489041,0.40816856743076296,0.29954442905197837
0.3564402611884018,0.3772703337774373,0.49258858806188655
0.6449701389488145,0.5289882057015972,0.3554557138698327
0.6390064259871805,0.5655566848440541,0.3911930685030873
0.6030978647530093,0.3254378163181897,0.23843743051305974
0.5781207141675286,0.3543888619820209,0.07389585411915946
0.3563333671949227,0.5041846704097566,0.4292199254923919
0.4000410375495646,0.3189420697381119,0.333405072718606
0.44001210874450647,0.6160838999915309,0.5544354768098596
0.513519212790585,0.46996387741374984,0.49931894496641704
0.5222224882641306,0.505205856047006,0.38846129032961596
0.5071160433603695,0.6300040132094609,0.5578830029752797
0.36186267575519593,0.42624160713053594,0.23943087418106299
0.2518300436875864,0.37605876180781556,0.4780829513445697
0.6773536138552999,0.5654323063069416,0.519343139818523
0.627637584302891,0.47175912371246687,0.30082117662148866
0.3912080160671684,0.37734729794171074,0.327426906147559
0.45349062227199005,0.34027638747221517,0.36148173741119227
0.49982744312955263,0.5596663919807034,0.24999536370528605
0.41405634256505186,0.5070336321488633,0.31407302555739425
0.5983178610187047,0.4888031320982363,0.423317718198232
0.6004775722244496,0.6401738065042856,0.3628827169045103
0.4731494552438802,0.4856178085130569,0.352117598509505
0.5286813006472357,0.4443356718653832,0.020580805964243366
0.630312221167986,0.49289120128348884,0.4327615137687425
0.5754926681297418,0.5759745251883787,0.4465136413659024
0.41034672452237164,0.6646470770249869,0.4209438333241466
0.6325405531339513,0.5042533682096061,0.2993563987058674
0.5417371816887029,0.5335785316543743,0.3898667115673627
0.556482266791196,0.426877512849723,0.28145049964384294
0.46367972342244557,0.3719244954644752,0.3067288158043643
0.5834495170322402,0.49415968135911276,0.4210054938609152
0.41835222259742305,0.5717031124591613,0.4030380450838751
0.48696448606689996,0.6637395432976199,0.5621468356951923
0.5772342583988181,0.6295560299669225,0.6600160318184424
0.548307522117872,0.5018632596628518,0.22633422832781042
0.3095462780821858,0.6203169943333713,0.4259549579702703
0.5652355374289821,0.4597992330668636,0.370847811349505
0.4453093914306739,0.5277413254225775,0.18595652475293747
0.4318957409869698,0.42699849032268694,0.10244043035396914
0.6253548460562575,0.49177963847064643,0.2811354718256837
0.43019329742204476,0.7070157424422915,0.551742565443168
0.5315114579139072,0.4651646890572182,0.31005504294471586
0.4987080821717147,0.48755503535964595,0.31402782963009906
0.37088936013047896,0.6977591323627768,0.3905175718563587
0.410083976268944,0.6219592448294848,0.48808176192032193
0.24745500111160038,0.4117786183731278,0.3202744991157279
0.47545132379831245,0.6118254956562598,0.26116583399760623
0.34992498649597453,0.5784057042691123,0.5032525224878271
0.5650521710802444,0.46187383193094955,0.3020567786682053
0.5887462952827499,0.46268894650633385,0.46775276900484414
0.4856852265457941,0.4449024360033443,0.19647391592576013
0.6845109177510527,0.42588446365929555,-0.22337797172815574
0.41086901617694693,0.5628691957102601,0.12867074678452844
0.21872801480154036,0.3926550260941568,0.20873178283211977
0.5952965574777533,0.5283582756630812,0.37553717706621703
0.3974782220073242,0.36911949468470445,0.2704176699832632
0.2662124688072158,0.4138190681696465,0.3240890882838159
0.4862169495902284,0.6019898391330193,0.17741843239233213
0.3926779892173098,0.5119438262654699,0.4858662360453256
0.5650132996591539,0.5056125903963685,0.23957118453471826
0.296368288641329,0.3566075093361156,0.515906621825034
0.4747626374281366,0.4643248700381124,0.2785575908246783
0.4642896448262736,0.5391419560780948,0.3057276598261313
0.5452417455569538,0.5851389654041562,0.17983573273624978
0.2563907530792515,0.5214059569247068,0.21382970900338957
0.3472605850513989,0.5862496668417524,0.3551649820935599
0.44677642929227795,0.4508129438585517,0.10193898981466894
0.5481787469493493,0.5612783581197832,0.47201495072086413
0.5887680808928656,0.5625086636588978,0.4274680273113582
0.5925344430376662,0.5414753923552427,0.045071452984438494
0.4278420227691141,0.5538136148299457,0.3359521340408673
0.528517911542884,0.44496974320420474,0.40188472133551517
0.5695145170926571,0.6924080463061045,0.33599627106694646
0.6580224496856314,0.568202620015571,0.16155991995369634
0.19564965946170626,0.5859065919816439,0.31038878454819935
0.44869849336991297,0.48150018039553205,0.6188237206361397
0.4402598932375405,0.4468248669493997,0.31901510617872514
0.5754903574318245,0.5867153052973071,0.3915030985093138
0.3587406487322497,0.4882344656542587,0.2141764946786503
0.5082998416729129,0.5914700280362986,0.48021396164525065
0.523944196377061,0.599301574359594,0.3517336882817016
0.3617614242058397,0.4937197166939655,0.29510440687678363
0.4420794845243744,0.5068969237372634,0.2007200829545085
0.3979454742944079,0.4049339771516978,0.3767154633522094
0.5420109954091442,0.5128138561354437,0.4555705134707356
0.5421121613461811,0.6040940126040721,0.45324246635037807
0.5933088382650382,0.5723098050073402,0.2322747930777044
0.2529349270586565,0.6038228295073642,0.1411360795655468
0.41734239763625947,0.6317247969141426,0.12613717858616058
0.4298906063493674,0.6699871554172236,0.5718973660936736
0.5257456978966387,0.6033371376657618,0.5665670112390817
0.5412631113412629,0.5620061857322997,0.5021650436677562
0.44929203743424295,0.6026080530213344,0.39439140697757735
0.35714078400263227,0.4595227447731357,0.1321789498735577
0.5481198567550432,0.5984700225521711,0.2724916038156739
0.4641986518150168,0.5031715028184458,0.33098177917523736
0.4604280916608869,0.5661685356532702,0.3359429061335347
0.3876893082092786,0.651749023795421,0.18279071404973637
0.5057384577502677,0.5215504940268288,-0.21347100885698475
0.4518497969054883,0.5053450595264057,0.14403582468622622
0.5547185426843717,0.439355653439573,0.29634264196980487
0.5780433380310468,0.6094141256300567,0.5028837406588842
0.6258602706532627,0.5614347436814384,0.4512093081490122
0.42916380132669935,0.7131363427826047,0.6224345755836607
0.502485613161062,0.5382884031310152,0.3391640060611984
0.5546675383696831,0.4457310965250947,0.10572274020373307
0.25068538663165146,0.32607505176388896,0.26286022724503105
0.5706173941811515,0.5314039509964049,0.43838396265770907
0.4791122244224426,0.5263306616717658,0.38553089489402326
0.43545481176186573,0.6567450759852607,0.37885205011195333
0.40171077010589334,0.406514449779893,0.4982621909106655
0.5819472955584795,0.5197277070296619,0.18827503190130723
0.43806969979742216,0.4066181530856644,0.2737707967192723
0.5070125081357837,0.45814545773566867,-0.013663565876848636
0.41878321840510685,0.4092950354318808,0.19634873491904
0.6594997385270038,0.6582406404292542,0.3040877229692722
0.5067580676676878,0.6016377540024501,0.4914693662954233
0.19912925818036126,0.6443410466028511,0.3752121042686981
0.0894455401255772,0.4651236809491228,0.1722168456676465
0.4624265194588166,0.6058266870663614,0.5131976257036368
0.6587788675880546,0.4562327935546062,0.39011761201211864
0.4335346852146817,0.5189662457665175,0.4580634475160981
0.4845966778775555,0.5069586408610727,0.28448771754534957
0.5783426139974964,0.42071047107872067,0.18136615473378206
0.45181338120624065,0.6042053265632815,0.20779408392064583
0.5151517863064403,0.5088285373055192,0.3826580536534628
0.612899515104543,0.5070143519576938,0.4249029422712024
0.6196969769879741,0.5776646041042218,0.2175473350493361
0.2327842165922469,0.46306436548998564,0.3134148278079668
0.4476331066129389,0.38731397877946216,0.29108555634492567
0.6489476713839331,0.5544634080969503,0.5015350113918975
0.4509336332983831,0.4004673016436248,0.23343735813820554
0.4781394284957849,0.5025097607946569,0.430334922056563
0.6629595632727845,0.5954920154847476,0.35670852066922276
0.402674996032856,0.48311768001557703,0.34336642323018035
0.5440509756887384,0.5855944687685195,0.501122465997151
0.5230902676280261,0.6239118775707193,0.1456813881429988
0.29165360616914326,0.49180563659824106,0.3227812077510586
0.5937697416523569,0.3834281076953131,0.5336428257584644
0.41492580272204643,0.6069545120131316,0.4855742175946738
0.4937159323993762,0.4353267004824603,0.22115146862478863
0.6025750686966842,0.6178849915979078,0.3464249078214352
0.4636189650614947,0.5604880565891478,0.48861742249676476
0.5356504475075021,0.5974417719432444,0.30999540267145
0.37910002342261634,0.5738900182541029,0.3238074572718846
0.5205217102079266,0.6079707288074855,0.38092379741885496
0.2183442441874151,0.5438314766591502,0.5994582963334324
0.40156907795303015,0.5604946288357138,0.5323020683585379
0.5857191069696128,0.5916803724828206,0.397239394240185
0.5978925716933993,0.5028704612854759,0.170081497048957
0.5576164881578706,0.637542144868882,0.3662226441327461
0.49311365106673194,0.500702059932259,0.4092402240069515
0.44947983693061605,0.5788463346020776,0.20605839860363867
0.5019231241627505,0.34071089624199263,0.13709386638616133
0.48045891706097377,0.6123815587535353,0.3932610381815363
0.5487571618509983,0.39385726462177884,0.24176361950065764
0.6521741947976664,0.6065000407816602,0.41372949136471365
0.3352750295387127,0.4330040191126689,0.23690962187930553
0.5696423805425894,0.5837903534558155,0.40145113057297216
0.5453021441596705,0.5538946544645165,0.37916529075942806
0.31648325959515267,0.49282301017089636,0.43892880269304363
0.4980841569321261,0.632372454600908,0.3164805587436888
0.5259269529087574,0.5169405456422933,0.3506075278941407
0.5745522808492614,0.6537530480754007,0.21782685736774401
0.28720621282796815,0.6455145930753663,0.5473485291104514
0.4286859760787535,0.3480902646952113,0.2678040866612171
0.27475091650841327,0.556410730594441,0.3364587175845771
0.5292961766120757,0.6797412711052649,0.5151236675521624
0.34389973252577977,0.5128414475277766,0.140603558155783
0.5506833089042331,0.6218355543211099,0.5812410445263186
0.33208453361858553,0.5615925154649386,0.09522316025754617
0.5705304627898045,0.5504608349928777,0.4560337145289201
0.16917279720648065,0.6739277406392852,0.34652573023725974
0.3704091149836372,0.3844924275633893,0.24457211222503752
0.37835581631694365,0.4479963000833033,0.38332166098197384
0.5216355410904852,0.5759845690948625,0.19617959181559042
0.6953276603267561,0.422429943999652,0.38253686898345746
0.45732344454189156,0.5914750626265656,0.1966463551598881
0.39031893838364623,0.33089515364641786,0.25220374246853366
0.5041838110632766,0.43737358712196855,0.4558498845700961
0.6190122959651115,0.5483707489775099,0.40739846308712596
0.5478766843341687,0.32666108661274934,0.49190436148092453
0.6211521057145674,0.5649974859838883,0.24729493756622117
0.6105312518484347,0.5697240175981649,0.3493386689380777
0.5586515890219466,0.5749523909858205,0.0776218130948965
0.4349266633462223,0.5300302544284695,0.6020395035710799
0.6390464114108456,0.5817857813865257,0.3565782415453613
0.42915422948311144,0.459608292426538,0.22479567313635934
0.4231007465062631,0.5831755016283672,0.42208419079623494
0.43108470163861745,0.5442964189857712,0.41358092786925216
0.5496386667850877,0.5384226359317331,0.35620351338757417
0.26735519699958304,0.35272603369132416,0.3759568349731863
0.60767100111176,0.5680176187971515,0.08919334852209539
0.3726610119903945,0.29085769597708355,0.00439785973872489
0.7036612963047615,0.5727494113835434,0.4069972537146287
0.4643786551753879,0.5544551917732021,0.3206392774000418
0.4682631892766073,0.3821403778807982,0.0820783786184106
0.637547824848359,0.4824853246697305,0.5332795368262204
0.4524056474896819,0.4807699632324553,0.292173254834162
0.5808861648255389,0.6747809830664797,0.5133365855638905
0.6519495299478705,0.5779316175972071,-0.1831806684001186
0.4678871873000724,0.5407604596426202,0.4942945671480727
0.6296564793855339,0.7043979896171471,0.43331396121482124
0.4171859197969899,0.5502006811158793,0.20980143399532403
0.6304222204488412,0.5849924617000866,0.49408231181952095
0.48030971150079677,0.44887392462055126,0.13987205685328763
0.4938937914006423,0.6106114496310934,0.36942863326078834
0.488392693566449,0.5375753836007986,0.5074140171135951
0.5095227858001162,0.5259225680805317,0.39412609160837303
0.7135250874298673,0.5349404904542459,0.5493156610322087
0.552496042900979,0.2625328706246857,0.2696880859994923
0.3202207797464977,0.45359044620627537,0.30033044393418357
0.21845267094083726,0.5277657374634893,0.32308412260823216
0.5180605703746038,0.41337926610315573,0.1588287120530912
0.714400987401001,0.5061240594502748,0.10554287377176313
0.05996576995767845,0.46722644195229557,0.38987875594527616
0.5248827280627733,0.5075783663239821,0.2028179439241485
0.2941189767825566,0.6321252709399416,0.4443326759696454
0.642935365999526,0.6156961120044603,0.3707268522252776
0.5641898674735996,0.6625661026038057,0.5600908265735882
0.5813577667257926,0.5570386593666619,0.3436901110033279
0.5999324231571794,0.45381611906725877,0.21256654340150413
0.22523884766456628,0.48768029010002123,0.5626236650692245
0.3416174487470188,0.5984031390932374,0.2976667162157774
0.47680821062623396,0.580396627318696,0.21851375389718483
0.5899869881691797,0.5482084085678387,0.13531023540216539
0.39232176310244227,0.6305296904475901,0.43650220687184094
0.692949298794532,0.5685904249089239,0.29324067948166305
0.4423261087079457,0.45927401729372697,0.2644120276215338
0.582419062639081,0.6486782370486223,0.5807863663691337
0.4693368402326187,0.5530613054614224,0.1813007904381995
0.521700942306826,0.6095468726015113,0.28285071962545083
0.2977165857445644,0.5770447086377137,0.3352413834188516
0.3817381319922601,0.5690309772832908,0.15708336050738833
0.5143220760782391,0.6347161404544226,0.6555935135538888
0.3859763399892158,0.5197111596570575,0.3698706210639594
0.011552343370689652,0.455469477134551,0.37794546880934854
0.602605616433684,0.42522327889692013,0.4217958488447749
0.47705483496502266,0.5641596730639198,0.487463354364245
0.6058938774987599,0.6768201180918558,0.42997945510597935
0.5220711819165593,0.3308639217470602,-0.24947469650777188
0.31134034514915254,0.5760520105637219,0.5293012221382538
0.37673980745657,0.5465863197421111,0.3347077505798779
0.5617463060651346,0.5957317257110295,0.31768260734057296
0.4169214923890142,0.38408417917681476,0.5254593842143381
0.43259575870800565,0.5047851761759898,0.41074504218916286
0.46463275042698926,0.510084024786257,0.061797055712195154
0.2675657144401288,0.6963089491023796,0.5564664600166532
0.3544605787778019,0.3674389940226282,0.16647775225675526
0.5454733129677994,0.3993335774776889,0.21162983205462957
0.39357287974619315,0.5210456950518904,0.5345141113049426
0.6267291888856353,0.584023633026459,0.2043521481635466
0.45752137418446415,0.5972470140130481,0.3927124790187622
0.4642563080879731,0.41019152602541864,0.18928792603198746
0.4441401438478356,0.7100252980296601,0.4637749877716305
0.2672434665816069,0.6307536452458723,0.44936934353917907
0.5933284565029393,0.5534179548691667,0.2641373316928359
0.5443235196151042,0.41941648415749655,0.34772312710105985
0.6068114493138372,0.49600267781866914,0.421637614735402
0.5005086703272912,0.4351188952875233,0.284676687969658
0.44928603048369553,0.20738259289737143,0.10103044156224801
0.5362141633862137,0.53316502124838,0.3261088144757244
0.5058849825174526,0.44129261392021935,0.1144689314951538
0.44268828581887654,0.3246815129694899,0.3231776934448074
0.55681232561438,0.5149706844882075,0.3275237999840363
0.30413786954245875,0.48109488106753745,0.4846324663411626
0.5545963610644874,0.45933383581511633,0.3624863198618073
0.3864623377438963,0.4821480935884283,0.2976247371178919
0.4156054135709386,0.5272912650686357,0.3877591023883645
0.430920885673484,0.4678356655273759,0.3715417818343334
0.44622762828455054,0.38701413629788545,0.31591473435331957
0.4993354848398796,0.6502869965705446,0.29651528360854845
0.5837132654551417,0.5426613310029768,0.3939909900286136
0.48828242547917994,0.6433247675167559,0.36110006355827506
0.4345360874464297,0.5763046599260561,0.5504929763137792
0.5149220164796539,0.451189966544227,0.20697889355841098
0.6202030223073984,0.5414128294254337,0.10417036801968445
0.28336647371521356,0.5585167054163461,0.4949577696468088
0.2958683195138518,0.3281986726759896,0.17083609828824245
0.6236051365898209,0.6768325070289386,0.35742709981747606
0.3768497840499454,0.5642317496542354,0.23231597472500295
0.6360794227056991,0.5875734622037722,0.3951351225044963
0.5463679606335806,0.5310521374247336,0.2523296767091437
0.5983251891614704,0.6080852064181942,0.3419647890704506
0.5372488463829513,0.5835689125326738,0.05962976098861829
0.37406981465157246,0.5434141023533718,0.3198008691506169
0.3770854665401677,0.5893695807993977,0.5172243933707882
0.3817412689415323,0.5795206317443269,0.3247090204106846
0.5491590401118859,0.6046335023952253,0.3378450489838753
0.5400205353699783,0.5041229958473835,0.39744283289650795
0.28214733360584476,0.5791172290066211,0.24168519881560047
0.458725110938591,0.49744455553150213,0.2959127637298872
0.6092174912046925,0.436561113546322,0.2623033361739193
0.42712240038191207,0.5296743406153348,0.10456525961310509
