vis_RT_med,ac_RT_med,vis_dec_RT_med,ac_dec_RT_med
0.9911311140279221,0.9085231365954488,0.9674349461525488,0.9587501074152003
0.9867551582330246,0.9328064285913248,0.9649710389949729,0.9576551005116842
0.992626510440087,0.9412866135527487,0.9332572510571279,0.476803728193228
0.9933591436152599,0.9941073347742035,0.9514165199343667,0.8284174731661924
0.9884573117472082,0.8784612152514912,0.9318886279351063,0.4890136678759394
0.9914108786281777,0.9928201407368166,0.9752416008787052,0.3654670665410403
0.9902707940650953,0.8488161333263948,0.9560542594489091,0.9572489635431566
0.9931541484552833,0.9621729990450665,0.964455322278132,0.8994521409259033
0.9719938961076452,0.9273022758229027,0.956495325968752,0.8891622302564943
0.9904939612895352,0.8885034675447091,0.9566702371572158,0.5592813684951121
0.9860883724839208,0.8992354682468096,0.9763900260205639,0.965791708852414
0.9846593126471654,0.8731060392225416,0.9864175054597623,0.5007455768647043
0.9837977609596985,0.9409721545382282,0.9722176565992334,0.9014208012070507
0.9938197248176889,0.9174660984416718,0.9656717968271541,0.4246859601040457
0.9927195715218338,0.8786825658620747,0.9736258699292932,0.9695028506994704
0.9913950501767441,0.9842696139124526,0.8943859210372207,0.5134967269386103
0.9823896825815508,0.8615168003155727,0.9250235287003196,0.3522310870465203
0.9806978192727377,0.9571236858045373,0.9704011151540389,0.5637257831062417
0.9904407663059656,0.9200069253204258,0.9465077502210844,0.9719380114188427
0.985239063731529,0.938349029266313,0.9745565805919658,0.6325585646373387
0.9653584362490861,0.8804232911696872,0.9409849990544922,0.9828604045269351
0.985389599966875,0.8742420563534925,0.9786076650935747,0.23184581846279112
0.9921871855325505,0.9941222224237177,0.9707817890171436,0.41161930511699885
0.9738192333953367,0.9836902518599784,0.954125153093151,0.9111652132263114
0.9830102040325135,0.98660812610988,0.9355733232239569,0.8794578730035272
0.9914768476373148,0.9598125256365707,0.9544777804350636,0.9562501826356474
0.991657287861098,0.8791579463512372,0.9540980622864305,0.31563231454825996
0.9856635089925895,0.9397077568323504,0.9666572185999195,0.36419989225887234
0.9938808733479858,0.861116102169172,0.963871175046642,0.9539171270570446
0.9838637834898549,0.9301864169527617,0.9408869969983311,0.3470286188108816
0.9912623358731816,0.9918669474110678,0.9712295705793929,0.643349961636139
0.9886252819968137,0.9555146588144996,0.9865123091008012,0.9399182195341722
0.9665695680178239,0.8635466894181084,0.8984335881974219,0.42647254981134874
0.9855842773599168,0.9444156210515254,0.9820093855897811,0.6204978376795556
0.9751748556527849,0.9393821978289824,0.9467653450168372,0.9743304295944498
0.9688469552582325,0.9677221769020548,0.9798832687961555,0.930831991990255
0.9917201869608293,0.9354786553565864,0.9701777785538813,0.3246940296973378
0.9894409893308792,0.935386807291051,0.9848846982372707,0.34407506606520416
0.9775241127924954,0.9357802356426848,0.9622388378672944,0.5949748776544859
0.9916314139843837,0.9381332469390236,0.9736953027787677,0.9811646693401217
0.992157766909676,0.9380231751715737,0.9454476585979156,0.47778392137260967
0.9880562807324466,0.9926541448518071,0.8850420226898884,0.7062375792344324
0.9884112604953046,0.9344922833016399,0.9651303772253909,0.483595249954961
0.9910788306836625,0.90422310363899,0.9639258124820548,0.9276024421950608
0.9903320326270432,0.9627860395899992,0.9764415739448032,0.4655767131823217
0.9915743857663962,0.9901471504265715,0.96667042738853,0.9767576688254752
0.9900506461633032,0.869287558699206,0.9591079667223829,0.6192762875651033
0.9911768060421875,0.9860710848751097,0.9562515146287073,0.4707711147957414
0.991992112071403,0.9382063510953662,0.9177566971678383,0.5945028688818776
0.9790163598985738,0.9079400789203217,0.9563629683302082,0.5860753794993889
0.9506466845780628,0.9279290958983851,0.937682467550896,0.5915670519141142
0.9827432191139075,0.9312347117638252,0.9718476834209654,0.40641257019698906
0.991781690639355,0.8828180274096503,0.9826095927457617,0.9898439200089174
0.9854419847601817,0.985744141742393,0.9638071739770979,0.6527838907463396
0.9919723036097112,0.9340520941982198,0.9452322548306286,0.9831744272992867
0.9721995789854712,0.9941160420955268,0.9813306029084171,0.5666973247976808
0.9908199414002554,0.9368933768444785,0.9700211700542224,0.43230383416287294
0.9814978700895486,0.9939877075575957,0.9175241942701926,0.8824720511311636
0.9452305079714656,0.9941856315722695,0.964586026844729,0.9700340577967688
0.9871628862381342,0.9391935088891112,0.9498577937609469,0.4163720972061041
0.9874275579066315,0.9306411590221604,0.9507162292773434,0.9712858402797087
0.9900001410616781,0.9039731957916353,0.9677297456701192,0.3152640550992281
0.9827934380923474,0.8712138558599989,0.9714590340018036,0.9620954111113027
0.9929713212871576,0.9353118607343308,0.9697847062543511,0.5849312577387775
0.9902270264530462,0.9602602499251824,0.9409418219305133,0.979851306156981
0.9850761358124368,0.8567054496232647,0.9338885111916286,0.5107039600110709
0.9929034303804123,0.9889095629370034,0.9746195029783342,0.823460055334195
0.9894529770493498,0.8659703611138816,0.945630898679912,0.5939858412534291
0.9808241784407431,0.8641029346122303,0.925925417611525,0.9760947288085278
0.986201896872147,0.9721989354321838,0.9818532251271758,0.3344593860360685
0.9841001761494937,0.9735617021497796,0.9760082162095318,0.4069393562124137
0.9921439844486785,0.8514360988692105,0.972742036307385,0.5106685846435588
0.9840322296947824,0.9593783565772098,0.9841728853902577,0.9281615327497188
0.9896189496689586,0.9404449220147496,0.9686588784284392,0.5425639886337209
0.9927991612589905,0.9736421540981407,0.8888348689236009,0.9832673723737436
0.9883769561000292,0.9162160671762868,0.9828894817463395,0.9837460452718776
0.9901161957670446,0.9612168089764637,0.9676144743388551,0.558296392879564
0.97280750777719,0.9016435406569688,0.883924287802884,0.5528474686862384
0.9663927568967914,0.9605857600838635,0.9813890567704572,0.3953616407348
0.993585568094957,0.9576994872369098,0.9373181833529166,0.6688091936172105
0.9935242282034218,0.9844411884715496,0.9283806463760691,0.529497192596026
0.990439385303663,0.9699529766542159,0.9727380608255358,0.36739043442516717
0.9875952341264245,0.8653090910942758,0.9704427085002448,0.3095000829377894
0.986404679369157,0.8834033643876771,0.9787428090848289,0.9591899138938534
0.9923157546382003,0.9513767427715065,0.9808156410850308,0.882563120963004
0.9746484553683972,0.8849538076675042,0.9525754334311977,0.37173369090294384
0.9853191572100571,0.93701445085664,0.9809013043467946,0.6167962446884993
0.9892418749690797,0.9244179870001313,0.9457519944666211,0.4087488043737355
0.9865465391488136,0.984988046903183,0.9830362293060132,0.4981956848655601
0.9928882478854236,0.9934171463874034,0.9719508150935835,0.5507791865734074
0.9878691864828352,0.9540792817179963,0.9796278954570677,0.552540170278571
0.9907489398375099,0.9015705784956809,0.9756591747540496,0.9846148503566698
0.9932754430697688,0.8977857384186474,0.9395168003904899,0.387523009291428
0.9693580978465489,0.9603209288524003,0.9709079018057675,0.9621825497743208
0.9931293985543476,0.9388421514686188,0.9616753236780677,0.7516126944035099
0.991771139830374,0.9930322299048943,0.9732321110567769,0.6023292207042859
0.9916694002089581,0.9716220575052125,0.9649649900894481,0.9431955933122834
0.9876718580113664,0.8613920929505986,0.9477811826953161,0.4457721268756749
0.9848412581269184,0.9781985909585035,0.962760970593801,0.47779938655400905
0.9667237759365089,0.9756782466016934,0.958681367048487,0.8876577159265642
0.989471392063416,0.9529499055174946,0.9363564726196146,0.9374903101813655
0.9928984036979135,0.9341957905160736,0.9167166666414326,0.9880387389185108
0.9886509171883084,0.9612853863680565,0.9625067883019821,0.40560584361786756
0.9868063680890594,0.9201282981437238,0.9670075642990225,0.43505843448864007
0.990076857128939,0.9371329615652005,0.9688215250157494,0.953920939975881
0.9907813933852072,0.9351800929105473,0.9741400991897681,0.6340453137801478
0.9895250087191936,0.9847341785533092,0.968195686969938,0.9756696269885812
0.9720949520138638,0.9363503238074589,0.9743785431512049,0.9682645674798854
0.9904896137358354,0.9353647596906246,0.9727379727291381,0.5611170388609682
0.9869757088903268,0.902139215502839,0.9432227882048337,0.9616570345429032
0.9767124773755361,0.9591161940569605,0.9431688276586688,0.6749940186627144
0.9856161961035396,0.9942035591149172,0.9591631046226469,0.3113224168620752
0.9875841651027676,0.9862704356330525,0.9183883037586802,0.9198273381319095
0.9865257580883693,0.9609971266807288,0.9438932837221312,0.9161116855715675
0.9879537925332846,0.9609319610750892,0.9249481509408675,0.7329973458304866
0.9913053351824669,0.9692598859743946,0.9770238292688752,0.9720351790046623
0.9863771287762346,0.9830143174103207,0.9676743342794122,0.5244999063529924
0.988783099959132,0.9367928155754933,0.9618530377925536,0.976260594148246
0.9919017225941922,0.8358719695422121,0.978977586656038,0.9738264638651755
0.981082670329068,0.899275650915716,0.9046171438596858,0.48808069756806854
0.9910260673874706,0.9826960495117368,0.9725458786880122,0.3967435025286843
0.988749262113997,0.9342564912083116,0.9415282541325509,0.5618277646920866
0.9862306640635283,0.9370755068128739,0.9790916731127376,0.3662125303771972
0.9888008090717884,0.9925899840337772,0.942594492478976,0.7539065473966727
0.967025440258551,0.9352907302315703,0.9228880367676273,0.3684426761677961
0.9878093833243274,0.9553563177578955,0.9796553495167487,0.9614831482739489
0.9895711939958814,0.9131140830474975,0.9550086320158302,0.8900210761465125
0.9857613643910056,0.8371347723947861,0.9656514030632704,0.9537352471056657
0.9919613045752347,0.9088521464621384,0.9445162214281582,0.6354663404831784
0.9918685431519657,0.9363750101703391,0.9833859699679021,0.5346194167562159
0.9922383797275023,0.872257561251229,0.9707087232201872,0.5064846573339565
0.99195284435641,0.960910329548639,0.9835007855561732,0.4407384183951853
0.9921962500953755,0.9598442703864685,0.9525051320315607,0.9844206084723331
0.9816631033035836,0.9688135886259801,0.9738299642218591,0.5229478217005259
0.9761433997225459,0.8525008316355599,0.9307690144464279,0.961795966669318
0.9919492327273968,0.9553729879681325,0.9415654844793211,0.3854468781535439
0.9920445043385441,0.9927524697322394,0.9414988465473536,0.39506474848002776
0.9902551727568835,0.9913904123855483,0.9673441066174611,0.9913788252422915
0.98413473979818,0.9911473420811879,0.9621359295607164,0.4572696436976468
0.9915507223637511,0.8300879695804072,0.9299435628965999,0.40228848437466636
0.9849122089914676,0.9327703413788264,0.9473062636974595,0.42302177129638874
0.98970896304505,0.985298498855589,0.9772906326435343,0.6441863707295056
0.9921301032179624,0.985758206317086,0.9709986489685722,0.9771122871266735
0.9920941433145828,0.9751925858763498,0.9587499180716034,0.4363677781143063
0.9741219844424367,0.8503006989364298,0.9139543924195765,0.6050264488808916
0.9907137153569169,0.9089678660839707,0.9663957540785076,0.5552987535786299
0.9917439305239846,0.9589120976622766,0.9823902606897785,0.5855913040546327
0.9918346989295309,0.8790209729868748,0.9461509164677704,0.6673642722331604
0.9923701617432682,0.9280889108607235,0.9684723352959573,0.6984935802352501
0.9881866553330634,0.9739216324239405,0.9138624609847615,0.4193090040047158
0.9668975106470962,0.989811563049898,0.9839699862332993,0.9894159533500156
0.9923593835593091,0.9090956778242056,0.9411493693336638,0.6132970394705612
0.9891815427081554,0.9320806195583787,0.9755654882224446,0.5561440365736836
0.9857056145629793,0.9593954932995274,0.9838463855436135,0.4867516493489731
0.9855124223242392,0.9925969332477339,0.9502607942083025,0.6067152713447258
0.9818282882946072,0.9366271207305593,0.9149850158503604,0.3541377343509775
0.9916973801275976,0.8784133800582393,0.9451059423338544,0.9720321429738927
0.9854874829593245,0.972767905318484,0.9685748816334995,0.4638575326217881
0.9857398103842023,0.9844893699496601,0.9371825603660368,0.9228688948146994
0.989554364180546,0.9830724287631863,0.9386048157040423,0.5434557513894376
0.9841926136241986,0.9737451118875705,0.9782080628930191,0.24734609891237574
0.9734833522091999,0.9574198054667371,0.9279926704816871,0.9760172117613927
0.9646624984295439,0.8873087863810857,0.948259272115647,0.9863271594776757
0.9845835187280152,0.8993598085658835,0.9664879004290139,0.9437266063041974
0.9930277278936157,0.9937099935839205,0.9832573566597604,0.7384790829792741
0.9757711455424366,0.9240242926127487,0.8828362563559881,0.4576803943704886
0.9695012145961053,0.9391689623867833,0.9379103765607392,0.9889861574211731
0.9882011703360958,0.8966778172598248,0.9274629740415238,0.9893994680480087
0.988649777229879,0.8813912657640469,0.9400244877500454,0.9610202127737663
0.9750927861097136,0.8610743146093235,0.9764638271668796,0.48985261805514946
0.9666407982878283,0.9709239102578292,0.9611615037048757,0.5463405962940936
0.9689347399247505,0.9344462186911855,0.9544593183795641,0.4980006592838997
0.9875316277515476,0.8889503007381843,0.9595980318319188,0.4420690740428037
0.9913733592640659,0.8777801542423641,0.9852719590707595,0.5519998386310532
0.9899027435916965,0.9023035145468576,0.8879357421550056,0.4574974965872492
0.9924485437685979,0.8985127593605691,0.9363987895476465,0.5831070736755585
0.9882314266047509,0.9838709689236388,0.9408590543655434,0.9611236436527055
0.9877953580879593,0.905783790928668,0.9472809999056316,0.4290278608796558
0.9727484807132464,0.8967289669316345,0.9693417372653889,0.5019168628368164
0.9705493974569603,0.99316123314673,0.9443003380054941,0.9636584241901599
0.9782210207027363,0.9096909627462683,0.9750800155543716,0.5967235886626484
0.9840911780733451,0.8988373112156565,0.8960966540595938,0.4844304434359497
0.9713818562444785,0.9897561907131388,0.9643530557106185,0.49193918893068656
0.987385446914801,0.9596194581697554,0.9805473696099757,0.49193506918553614
0.9646642986830242,0.992096544434401,0.9687461123205138,0.8800729627984722
0.9922246022555757,0.9438143763248061,0.9841207216874964,0.9638840025401338
0.9877114376216483,0.854670636340598,0.9779585293117647,0.9758960934469763
0.9816139404379739,0.8772971435821534,0.9796732593414543,0.642445294833875
0.9902958740063165,0.9897107742476853,0.9662130873954893,0.9819447353989839
0.9565095283853535,0.8649471177471751,0.9760280107475627,0.2418737196213333
0.9918491958132322,0.9862207399903058,0.9318282378017968,0.9347288888405659
0.9917476990178713,0.961411677269456,0.9660480633516905,0.3168351134266606
0.9902817342521226,0.9709628439474833,0.9719878540376627,0.619527533676274
0.9925059213865377,0.8759430951697906,0.9707539817238123,0.5918108968288421
0.9921713035421748,0.9337125843930392,0.9577401742737409,0.9742449386827609
0.98801580541382,0.8786077682251315,0.9889473209323408,0.9863788080184804
0.9803426593087308,0.9065381646567705,0.9317519907319055,0.6047485144036746
0.9931916440650657,0.9772169453212247,0.9611435607032391,0.4385399277927677
0.9881356555123149,0.9320222017892352,0.9820188773280235,0.9622239287361678
0.9632801802116093,0.9829896130555196,0.9216316837280925,0.89072533451115
0.9752972445154249,0.9922221560161584,0.9758824551129254,0.7566596082516013
0.9917036452007622,0.9863688227397347,0.9345499175730501,0.9912312180039631
0.9902913689991665,0.9612346983831759,0.9694564341888874,0.824024337812207
0.9843974960877574,0.9370364821620796,0.9204579951536666,0.9846252894743617
0.989205704234702,0.9885397988096002,0.9301094892189467,0.9858769186128569
0.9925589709329709,0.986596427527131,0.9718081544098071,0.5501429114362654
0.9913767019810269,0.8579301572715373,0.9490869403328712,0.5782566133758958
0.9929093934351493,0.950141948074438,0.9641058562351544,0.651375931368893
0.9915449143296277,0.9850475861683384,0.9646394320582808,0.985592102087633
0.9871309014691976,0.8812381174424749,0.9198349224148111,0.37671484184806436
0.9881204742943365,0.9347172251236948,0.9552473952116478,0.6016753772576383
0.9845902309930807,0.9935392542091578,0.9689660893899555,0.6273647578083428
0.963715388845152,0.966339960411143,0.9600761523583764,0.4566099234457339
0.9829537884896845,0.9863976019699117,0.9009235583637751,0.22907968904375944
0.966929481095769,0.903690366757921,0.97225910303326,0.9788924859843807
0.988699422985332,0.9569376388457713,0.9302718325688056,0.4560333409081363
0.9903536859023382,0.8655604950672859,0.9719951872597375,0.4137070835180607
0.99305102925751,0.989228317934555,0.9541857907847399,0.8903314065726632
0.9759039408659032,0.9912931489918407,0.9386305062411486,0.6336433828446336
0.9806606497513869,0.8964257942520022,0.976839928398075,0.4271898807709736
0.9922600991017692,0.8982992148357541,0.9847839761186142,0.5680985828999995
0.9885514199089108,0.9058616553977427,0.9626142156246598,0.593504409791622
0.9868959955377904,0.902494999519988,0.9649529503197879,0.9864223158690417
0.9917133170868796,0.9870163151884519,0.9437132962870385,0.952238923633892
0.990087611102799,0.9913696903423612,0.9564981233293884,0.9594802836318709
0.9905751801628938,0.8569354979032983,0.956425132514086,0.9633914095734253
0.9519626705089171,0.8697354645171399,0.9496598304186905,0.9633803336803685
0.9915111417921687,0.9926488576499181,0.9678785897722915,0.5599456173688251
0.9897018216868686,0.9917143321268523,0.9186813573584255,0.8925946676273897
0.9886862102282994,0.9159870559471338,0.9355643312255242,0.653308337128023
0.9923447613359019,0.9349192686424754,0.8894811377937594,0.9632784871194588
0.9721227495606277,0.9720109589357834,0.9690964819716089,0.5391609846036978
0.9905483955059589,0.976162320978771,0.9121491585620413,0.18342737882367555
0.9837058389262383,0.901412499359161,0.9623233908036132,0.8755492609969554
0.9882517229327084,0.972569004183715,0.968446735766697,0.9554975005674737
0.9897843866561995,0.8993671769750227,0.9717381802556161,0.461708280713444
0.9549469430634941,0.9841460257026556,0.9264880359931112,0.4498579708430941
0.9875532798965104,0.8650681250645461,0.9865645666277852,0.4197784241637535
0.9908452045189374,0.9848422921654919,0.9489317191373046,0.5205696691833923
0.9868648765721181,0.9728622352512701,0.9867661779960011,0.41095588937748156
0.99226725621648,0.8739238245234273,0.9207296092750784,0.8798546324988449
0.9900771523674937,0.9750679394404972,0.966234700279857,0.546101726392678
0.9935550064226677,0.9936948169545134,0.9397697270470124,0.4507672018423047
0.9903532618383324,0.9852383226834783,0.9785948597458282,0.9408603589072406
0.985334511259792,0.9369708395086672,0.9643517405398125,0.9597500586272666
0.9891947177462121,0.9646050379794123,0.9716652069900491,0.42798281695029916
0.980473276406543,0.9742311510344583,0.9712804456083639,0.9652498745798775
0.9828540905645354,0.9425835183477823,0.9529456072810357,0.4527350216686066
0.9896215313797097,0.9859780331258026,0.967813574861725,0.4519351903998633
0.9896095910421814,0.9394299450680217,0.920378617461084,0.45971251389483814
0.9895269452858069,0.9385507648973132,0.9668921579901416,0.4335679153391372
0.9833009389146012,0.8554717336469702,0.9754448284799292,0.351233989814086
0.981836523343376,0.9847540179454718,0.9532357311837584,0.35879603267249566
0.9831843971065243,0.9733527964213066,0.9337730264694947,0.3945182019380455
0.9837079860237896,0.9863418106086409,0.9561429897732485,0.5165989534629624
0.9861494980083085,0.8631664372890293,0.9367742714193986,0.4662206967409587
0.9895714504056353,0.895601841160557,0.9459129389161659,0.9898447337250863
0.9884156342624044,0.9853734710068875,0.961930502533303,0.9901473711608718
0.9776408399627525,0.8740398605352367,0.9678472732733558,0.9277267940522583
0.9835920168714072,0.9045954777564987,0.9276025907863535,0.6010029346028597
0.9751217001184891,0.8950719377981791,0.93421773373542,0.3536105575381392
0.9709332446775665,0.9851938466854065,0.9390405981295227,0.935311579091159
0.9485390845864917,0.9084969317675763,0.9567572520922989,0.3760908835295285
0.9902812899093348,0.9395797265353937,0.9629002685782587,0.3436381777781459
0.9935323075071114,0.9060466840629107,0.9806786581229587,0.6339126206053102
0.9803556695721155,0.8612701292734034,0.9794892755029085,0.5465086162950877
0.9909650738040603,0.903225944991174,0.9595491775560572,0.9605491565543746
0.9923297866654905,0.9929935069838032,0.9658264953375044,0.4077767080562369
0.988783089221659,0.9852487397388012,0.9445750815350847,0.9884499687835369
0.9903922296760138,0.8665598291276272,0.9681229714507997,0.9620146754808862
0.9916401045914055,0.933950843326474,0.9670693899126971,0.5179197541160516
0.9906915137871813,0.9862067593567211,0.9810248761682068,0.5582077365415974
0.9897687314255796,0.9365831293337078,0.9700155598615583,0.47660188985054763
0.9928481891952615,0.9937017807799247,0.9542202399481748,0.5137769100601766
0.9735528538016027,0.9617651885799853,0.8794996266904371,0.3955467951219262
0.9888265704659158,0.9852394518344443,0.935537794330385,0.9613969170423452
0.9911816821261787,0.8521121231082339,0.9238360240216795,0.9627519541185492
0.9747314508570013,0.9715351779639938,0.9845959876864949,0.6359977250242679
0.9864611323226586,0.9843567406158616,0.961199445891911,0.8984349829473514
0.9927214802608597,0.9374774115543753,0.9522735266795399,0.25563982776910305
0.9921707395381675,0.9048224881208278,0.9701113135899812,0.5595536785768643
0.9654093018161183,0.9564271989287171,0.957136261243753,0.9766722286605299
0.991813697259381,0.8934965983771255,0.9639840637663322,0.36152585406182675
0.9882833996350707,0.8847891145290537,0.9215157276902531,0.5423235350669181
0.9621012121306816,0.8659251249021097,0.9303815791378082,0.9344718503819435
0.985708863547181,0.9364946472720264,0.9551145357193951,0.38199638909899075
0.9890506039211376,0.9078527226981251,0.9553022916182563,0.9548419194077375
0.991075837589567,0.9853080053443575,0.9594401056966795,0.4034367012526675
0.9932716217723488,0.8938047753732397,0.9720429041394004,0.5825236171271736
0.9795868383927568,0.9940908297426803,0.9436199878183242,0.48214623313402766
0.9890117889904411,0.9862494308643694,0.9809689123725063,0.48765581350586057
0.9855490701418953,0.9600062522894066,0.9671858637760616,0.5325192136165849
0.9879832634142569,0.8598530523751637,0.9393928071358982,0.8741617361178927
0.9918741192089366,0.9366817492824897,0.9405696877734931,0.3345914907002703
0.971094723829725,0.9191502648943856,0.9815477601207067,0.44340916807160813
0.9843963620641607,0.9913301171980602,0.9621948559815952,0.9723263640558519
0.9877105402611829,0.9771265868869101,0.9820527197203651,0.8871985797560588
0.9863183209395167,0.9001776418283789,0.9726625945889612,0.5787453187851432
0.9915765635957556,0.8334392066631136,0.9469218961261199,0.5175766778389903
0.9910579508663475,0.9584961808079889,0.9824224396937339,0.5161207571243225
0.992123799308458,0.9907148692124284,0.9682595782262788,0.7338733732436774
0.9760446490553978,0.8861398954894237,0.9422871436187104,0.4381274746241683
0.99150508490423,0.958814103451855,0.9428622305736886,0.634974570008336
0.9891824072537675,0.9626464894821634,0.9521173001856588,0.9759968937921379
0.9895914112229894,0.9014861482802068,0.9612666449813838,0.2819633300903663
0.9863297205503839,0.9409591304593792,0.9341180295864216,0.9741166978274086
0.9889234836013252,0.8948465059972811,0.9752925464260525,0.5657454401009603
0.9926635422367511,0.9567477556062819,0.9671816759596898,0.8696966201674058
0.9857670793066612,0.8948953171224708,0.9831425052165299,0.5532075396319194
0.9935383483972907,0.9914930105133246,0.9453772588903971,0.27705554864240467
0.9913439694161502,0.9703595215613489,0.9795786374570682,0.6744386406498162
0.9818015973786345,0.8954819673701008,0.9736595285366051,0.6750859753747798
0.9920258135158828,0.9882809942974824,0.990102761160876,0.5284715262009286
0.9858237042906889,0.9011027964317314,0.9593942575464158,0.897356278218882
0.9535902137183315,0.9337252110755253,0.9673161074029692,0.5740127446301141
0.9897711328204185,0.9918147154135819,0.9610677036938315,0.5123091881913577
0.9900988896463455,0.9742117493562807,0.9719749009976172,0.4167683265485973
0.9473474794303165,0.9339804316632759,0.9790297178698619,0.3652343899944254
0.9885686846708446,0.994455746094093,0.9266038385568597,0.3318584625636528
0.9786556803746084,0.9293268036643244,0.9235303588112761,0.9672192994661446
0.980619182349207,0.9922609494812289,0.901691223021207,0.48720490482273826
0.9924059689635164,0.9861981481972941,0.9764841302842999,0.5705824773394002
0.9248940568917454,0.8741070203666745,0.9710930085335818,0.5955914079938222
0.9930789705728821,0.8647702715567523,0.9639113575752671,0.9754326342637544
0.9895255895313666,0.8823294364660228,0.9669306101620913,0.2961934005728727
0.9914993325921269,0.9631427573143023,0.9703939725008724,0.4672535111317267
0.9875107583821131,0.9606252875631883,0.9367180710951468,0.4893074788187658
0.9913691627597815,0.9826412109819318,0.9670124509622201,0.9827615426692947
0.9748151886579418,0.9338890739394344,0.9838547428649618,0.4126998589033041
0.988980697610685,0.8795905430714652,0.9242398054518892,0.9044280152182353
0.9920598800114758,0.8715383026229242,0.9677469263502578,0.8308153232045866
0.9927065361075756,0.9545746521136772,0.9733535664512768,0.9585781806201105
0.9864934325834874,0.899040255818974,0.9725313261905738,0.5110782796184423
0.9935486037163048,0.8561456194961704,0.9656989149263902,0.6193271125487267
0.9901180155359416,0.9929175610241864,0.9681030081857309,0.9359974917795341
0.9928364636677377,0.9909070779349984,0.9215109043966976,0.5349414506362359
0.991520858272414,0.9144830852851775,0.9780876806089988,0.9306639764995448
0.991871782643975,0.8783551369348953,0.9583243694531292,0.3829157391742344
0.9839484341550097,0.9860880051994521,0.9824769535151467,0.9576736002103781
0.9754776731034228,0.929875445945944,0.932853810396275,0.44881084886680583
0.9889625091348522,0.990722543159011,0.9775448302841238,0.5169652990095643
0.9931548718082313,0.9042951084896319,0.9366018275561561,0.35956734602033064
0.9857222198647767,0.9047739188518307,0.9714635927349166,0.4570257208185209
0.9911450515494394,0.9946889201069442,0.954253653085534,0.5581023501978399
0.9862492754283666,0.9764795708119509,0.9333987438016684,0.5163485582010582
0.9917431999585806,0.9920760281592608,0.9706104806454634,0.619625461560156
0.9850352520692333,0.9023751119344406,0.945870670270997,0.9572870906828616
0.991638738721279,0.9205450398349263,0.9416450746040074,0.8817905056607775
0.986741298628392,0.9031117727798479,0.9448543245311347,0.3031302371027015
0.9917568343344938,0.8414188366057513,0.9508430846217542,0.9871404418520034
0.9907634164266766,0.9368192586411465,0.8893224294806515,0.4243440962145299
0.9698904126034762,0.993998355876413,0.9652542821255271,0.6743468609578296
0.9918089086716686,0.8801052303791667,0.961310459220808,0.5856522371533192
0.9547269438943663,0.8692229525594384,0.9823023771437269,0.967386583335771
0.9925228223007013,0.8791258097154312,0.972128702619281,0.3796903127019
0.9866754765663435,0.8616017414352867,0.9654007241159929,0.9870908162241405
0.9836629890318436,0.8897162111823146,0.9801164152259012,0.9750045070893325
0.9926837467496622,0.9899263851777276,0.9824788869715756,0.47435779498125447
0.991761957403235,0.879132177244602,0.9752988005440244,0.6520896364994051
0.9800106494127391,0.993008663299302,0.9862735430377056,0.9698370719633826
0.9876089660659123,0.9583767265805809,0.9750558997365139,0.9917292712648417
0.9920547001054036,0.9934488830247252,0.9666125825011128,0.44944669214529337
0.9877277910824575,0.9025336825079433,0.8890039988176,0.9359089668007896
0.9916842919538424,0.9844648514688485,0.9616708298730063,0.9857470420439176
0.9914769398932508,0.9721021612571762,0.9093287331418568,0.9685386446672388
0.9738646029100725,0.9838539053285231,0.950780538347478,0.2990532201605531
0.9640934905228118,0.9933009654487409,0.9292442413064487,0.9815679100075978
0.9925390782997041,0.9734813010766579,0.9750068707519994,0.40378223570138155
0.9791570715041882,0.8337806387133706,0.9231090702868114,0.9819033434086635
0.9840816472494799,0.9748070045828175,0.9209210567999312,0.9651555105202718
0.9826467228497082,0.9342488493065254,0.9675136153645327,0.23148814644986354
0.9850079359651255,0.8515694083384864,0.9737024106806678,0.6142066298425276
0.9908175349047523,0.9371210097431372,0.9099522765253159,0.9274241885359339
0.9706538163303117,0.986528777732732,0.9424340508552406,0.44535861853432845
0.9882076640991924,0.9603155611884461,0.9651558339661868,0.3867400489063552
0.9913657550223041,0.9605389010234343,0.9789056076626679,0.9625134490471998
0.9905207295638356,0.8508329337578451,0.9450756044924784,0.6815577706959093
0.990948037183434,0.9880832660252317,0.9706716904925431,0.5236262391608131
0.9840907770946079,0.98324406535328,0.9335076872397441,0.8792905821747704
0.989770848695692,0.9340130401306597,0.9655304386935328,0.5654101482434729
0.9904140968855177,0.8850187720512549,0.9634879500436768,0.24990387776929246
0.9701563264939854,0.8877622949960491,0.941721621887189,0.4641892284543468
0.9884894978953163,0.9869492960443914,0.9206064209021372,0.6311753801395827
0.9917795415530463,0.9356021566629524,0.977866903032047,0.5846576337501009
0.9824731397254918,0.9740435943861019,0.9607445115156285,0.3887763538081308
0.9487017729203623,0.9587348642586989,0.9241134962958863,0.271014651522031
0.9919297175016346,0.881834817018484,0.9739397032396291,0.9587521651107151
0.9880632263518224,0.9856799463031783,0.9584372162060062,0.3150100377089773
0.9903783372985389,0.9940829605538878,0.9340952710703032,0.9647143876190081
0.9913987320845112,0.8953696780889606,0.9743634666586862,0.6133395444886186
0.9892598661317891,0.9889115388701704,0.9641232557051943,0.6278629253096745
0.9554239676403228,0.9783820233276186,0.9540796013566922,0.6808769380560065
0.9650168309488284,0.9898045420666337,0.9764348981569174,0.49125968237033607
0.9781644519557721,0.8772882799110008,0.9696151109379946,0.3938071976691778
0.9888204049848351,0.8660438055276009,0.9651782519423229,0.96069316981199
0.98821530209135,0.9944666721128766,0.9536503917114192,0.3654424386757836
0.9922912576835845,0.9544868510173802,0.9600505054409502,0.9044534720163205
0.9909666371640307,0.9549720352567909,0.9466065688660007,0.9130845416637889
0.9815029309595085,0.8510993802017727,0.900869851319136,0.9617444859824322
0.9810953218851077,0.9114322237905433,0.925045375514097,0.9369409460184146
0.9601077531890682,0.8827681809497402,0.9466211378996835,0.9537342217323421
0.9912395705406041,0.9314741937855315,0.9646781844838707,0.9283086860627515
0.9885267305116769,0.991781905741042,0.9777565810206971,0.38634834992667455
0.9934669111782065,0.9421309065485897,0.970547931567968,0.8863585201932231
0.9662384781895702,0.9356329763571556,0.9427735158613139,0.9857223722632458
0.9587635517426137,0.9697265485512072,0.9618107194876756,0.5380691059939537
0.9871862877961848,0.9837065033710406,0.967075800038222,0.495644044636736
0.9903086380456811,0.8473712285380108,0.9461926143352609,0.6296055287853553
0.9902905640251407,0.9387799337737128,0.9805485671850804,0.9433209638774306
0.9826393485555708,0.9591365532388951,0.9711710637029061,0.9044018118364421
0.9686870024568901,0.9394893580345435,0.8671384184945146,0.7571143292078675
0.9918145207851773,0.9800466456684849,0.9595373712639319,0.425071960314078
0.9901223065716052,0.9105436227247633,0.9638735713569592,0.5974776758460899
0.9667610057486413,0.9651830317025768,0.9493863889781547,0.9276324522442145
0.989894547192497,0.985275324908343,0.8801217367830684,0.6011630795621774
0.9926830887864048,0.9891348352290635,0.9693154976856122,0.9835911578621415
0.9919247685138974,0.935166845192151,0.976717089791341,0.9878181030669476
0.9902978246892217,0.993130041686128,0.9745314467568186,0.47177589549229854
0.9922300844460816,0.9406917998695693,0.890842362765052,0.9824252486088099
0.9841028231732124,0.9892926890629254,0.9782084599954268,0.48149102244441544
0.9889120392221034,0.9760190805175641,0.9282099642777022,0.41381693042409956
0.991292164142588,0.9132762122456977,0.9533587101885281,0.6120645637951028
0.9903442836118834,0.9765200192274258,0.933919865390063,0.23497010112930983
0.990222379017411,0.9616520599043473,0.9651220931826647,0.6018870019225925
0.9921993210504206,0.9395202558308043,0.972516489086012,0.9583477434280451
0.9881280154421632,0.9370243429987989,0.9176837937663692,0.6381441733355474
0.9919699234504622,0.9859755262482877,0.9658921941209763,0.9840061798403774
0.9890746086741453,0.9710320307328083,0.9715561312961021,0.9830179684531755
0.9789007968924809,0.9346597885760007,0.9577038165894841,0.3086224370727543
0.9924282108666843,0.9581983568248338,0.9370207645252117,0.44097268844887666
0.9852272069021613,0.9623567638482291,0.9631483403263603,0.6317991870155124
0.9895637131255797,0.9851855327095986,0.977938088731875,0.23217540575015636
0.9818941895910326,0.9856233504554794,0.9356380931877628,0.4549190496755347
0.9865742111956971,0.902993993250588,0.9181406577287563,0.6454013883289613
0.9900455235668726,0.8992148329445808,0.9101955800854438,0.47307658012002257
0.9894090363095529,0.9603295119130002,0.9658773760313684,0.9638339414085898
0.9816991666092899,0.9737756107690336,0.9290515097134473,0.5150810723602248
0.9649296462376151,0.9735797218514433,0.972495618584374,0.8347186518535384
0.9886403736938788,0.9042037881406508,0.9701814755235393,0.4477094618699799
0.9717138798171358,0.9843509181855443,0.9771651089788482,0.9805397360759602
0.9690767671346185,0.9771525758433405,0.9477244925904706,0.38459229483130136
0.9828034805611728,0.9287947456674636,0.9784721635914189,0.356425446639508
0.9922278535426929,0.9879130497380256,0.9313686988581831,0.9842459575530088
0.9917653875217035,0.9050575764983622,0.9672009264294927,0.5183675075937944
0.9925794027547158,0.8957774864757774,0.9764139287393153,0.6428021410727284
0.9890413716681246,0.877170905523311,0.9849644681795737,0.5879299920167533
0.990974199098592,0.8816828204896069,0.9291104854686915,0.6117554787211499
0.9907471408325688,0.9912096816808682,0.9516188486118171,0.7591635664727129
0.9900419638919365,0.9818327910470508,0.9619908170484083,0.9270193429563172
0.9908636081812837,0.8982296508793369,0.9849195771403313,0.5839028347690751
0.9772315517864196,0.9712727847129184,0.9602448988984282,0.9222204079442103
0.9845972272498535,0.9298251936186237,0.8946072881238686,0.5073138590920825
0.9797839291839975,0.9754025309329796,0.9450377467872221,0.5822528246683226
0.9910266947570852,0.9596572096113937,0.8754815067903675,0.629911069255017
0.9728455179223311,0.960369247253661,0.9392789982906402,0.38198185213046554
0.9451100026298459,0.9746446025534696,0.9813574411940503,0.9870213372102112
0.9881511503069553,0.9862677016742554,0.9659718266205024,0.5490408087867445
0.959601770889473,0.9053578920669018,0.9532275346385337,0.9649402839678478
0.989483073705604,0.8978296159066504,0.9606909417612698,0.5424010380426312
0.9855830491591979,0.9919304042296171,0.9609440079779403,0.973070278016265
0.9921388931013313,0.9388354046487069,0.9479234408445909,0.9479329683152334
0.9828325443956593,0.8746885877176167,0.9268609450113505,0.5723458948019615
0.9928160618867701,0.9599819990517615,0.9317626589760478,0.8240771686619964
0.9926875770005368,0.9901769711289415,0.9214398344955326,0.904635374400938
0.988707590507894,0.9346259267024333,0.9812886638848767,0.620823619562306
0.9847370271839849,0.9867356105474147,0.9834468392048221,0.9490654394334436
0.9921257074057054,0.9848374237706159,0.9736074160686516,0.8900463459504536
0.9840562623557001,0.8787069331815195,0.9502882775163624,0.2702137301919111
0.9870969799088708,0.856700342680473,0.969973861893034,0.5614102546352159
0.9847777711824032,0.9849429426744598,0.9827476488334294,0.3936795770720799
0.9557626267239829,0.8848537008453943,0.9567223777809054,0.9635448751587279
0.9904205082109974,0.8986500149976692,0.9761989348358824,0.31530972170629873
0.990296114630782,0.964500158499071,0.9609598295046277,0.6449506081501762
0.9901018513052011,0.90312669240244,0.9636274409988531,0.8788795854595893
0.9595592239132252,0.9917267149885604,0.9412659421590097,0.9891012609665413
0.99069803286461,0.9343527007576493,0.9771555972450149,0.8844372849651537
0.9888236132090955,0.9566777703484006,0.9334601253622966,0.9737750082294907
0.9896699085902309,0.959247241045756,0.9691243663532667,0.942203022145335
0.9859786891162137,0.9714245933440866,0.9558612429804071,0.976744723953068
0.9643299918857301,0.9006780744092113,0.955579304236433,0.9218686595915878
0.9901566859325357,0.9706167255355422,0.9501373206010234,0.6387471753190435
0.9938209577388399,0.9336103627530031,0.978991432722795,0.46142579870687
0.9873950250540589,0.8981869111514563,0.961625503416888,0.5480151561773606
0.9916742262079788,0.8777481985158931,0.9861356343083492,0.9482022570809163
0.9917622641781094,0.9015381016842827,0.938260446685726,0.5306606127129692
0.966371765357214,0.9867506883190147,0.9217050979939989,0.47583902091729885
0.9907322995288887,0.8929226725316592,0.9681642224878679,0.4963169133006164
0.9932829518103585,0.9621425080784538,0.9812650869918565,0.9662184734058746
0.9917508031316241,0.9390606221788038,0.9359637079857702,0.3019110763690828
0.9779878541228831,0.9677805193822444,0.9094440789989708,0.9662783069947898
0.9923126705543798,0.962797072774795,0.9733837937790598,0.9400176710375368
0.9901108803303229,0.8942099034193219,0.8836656430091361,0.3786097599261544
0.9903144374161722,0.8459229289855282,0.9243759331763158,0.41975662238088174
0.9894695546548561,0.9039030105532693,0.9696868558298025,0.9078644884912733
0.9666186579724828,0.8834220138088029,0.9635186211966851,0.6257103298801276
0.9871433813255462,0.9808568603840054,0.8842883745939139,0.46057893369205843
0.9924850432747092,0.9898224209187724,0.9302952581700692,0.469077538092968
0.9892982838823479,0.9550606498757819,0.9582074569619612,0.9862566925415903
0.9914768405964445,0.8574038736039643,0.9291160316537959,0.2124058366044552
0.9921579256125926,0.8773750828810233,0.9664146108377272,0.9065744610775436
0.9914478682092019,0.8884887971745242,0.9778705153259535,0.8873438075817622
0.9760868469161128,0.8933769935262987,0.9439417521824183,0.9879897908324942
0.9584728432739551,0.9228192105888271,0.9718617308616965,0.47781682809784487
0.9926825298799058,0.8383770745390168,0.94868643861453,0.48550155966017455
0.9890217830533612,0.9855856076689958,0.9581706405645598,0.9654973293347757
0.9924343388986426,0.8813716803039461,0.9669263414371827,0.4365777272981671
0.9923801185884659,0.9313075336048067,0.9790487950757922,0.9542139037027397
0.9910513190205225,0.8866894658446719,0.9795353724816773,0.9561602959048792
0.9744923570702089,0.954058587138441,0.9797775711811231,0.6708209234163586
0.9192279801033261,0.9912526779037902,0.9778634887759474,0.9857334853914979
0.9866484689308536,0.961054266493332,0.9651944634362646,0.9706482175087636
0.9933771506604465,0.9758902228742657,0.9713699026268464,0.9642229765244625
0.9885395053137411,0.9856961474939375,0.9530864332012718,0.5416512052276565
0.9787412272963143,0.9633791282711712,0.9106145680272723,0.5770803133069257
0.9937030795245592,0.9927082905615379,0.9748904296337347,0.4484182819893355
0.9870919197904228,0.8390678688082559,0.9634159904241619,0.5576899822025515
0.9849567332329991,0.9776389078882343,0.93100790147959,0.8942222717726419
0.9919768449948578,0.9906848294150775,0.8813717359036022,0.9649776153881445
0.993641653821406,0.9307954972444978,0.9864203545617927,0.8185756907402042
0.9916314750738319,0.9372992754071996,0.9122249892366315,0.9548696701407543
0.9923461108648166,0.9400737533320107,0.9742739445815602,0.6072849707634421
0.9904946405573631,0.9425252379652993,0.9819087602075822,0.5347654855614452
0.9688830729742347,0.9688665136898006,0.9629523967500847,0.44105744792193363
0.9916628656351599,0.9866340129776199,0.9721564121332819,0.4804907886731362
0.9625204993569579,0.932580943404129,0.9616706566793322,0.9589100576544272
0.9882441092284947,0.95877932328316,0.9552114247709376,0.972941935454086
0.9785267729974301,0.994464975035402,0.978631789738573,0.9664273876729585
0.9906221845626658,0.9738100089160647,0.918969360616873,0.9740942459150318
0.9653781549765024,0.8887840674302829,0.9664915541995559,0.31371279153500825
0.9896785096542113,0.9743567239641041,0.936454465373572,0.6090417090747248
0.9863460226664964,0.8937345623196874,0.9245233043815921,0.9796523895501208
0.9914626363145881,0.9859075533656753,0.9751810917913458,0.4441495826950756
0.9921024829202234,0.9105691099919215,0.9721190942294003,0.8842540203741399
0.9861926910762197,0.9200232628014613,0.9644996958243711,0.50057260832039
0.9921740650758857,0.9895680410605937,0.981679027694807,0.29547516407036833
0.9918135191245082,0.9019439813470246,0.967291320442548,0.6117172401226492
0.9918654081981184,0.9368964862587708,0.9824972451920884,0.5310172380343342
0.9899084761948633,0.9547261868931388,0.9876050953734191,0.6015926523916517
0.993166363908307,0.9762776444246526,0.9163276644520604,0.4456366961707127
0.9818574622238093,0.9911992203863663,0.9602027558740664,0.23554641979030158
0.9864370402272746,0.936885836704511,0.9386009148378387,0.31070395102498555
0.9739427310506259,0.9571575679636753,0.9589016230715595,0.8389044134634701
0.9506684292475103,0.9407485169547877,0.9435375166195189,0.3546661355550927
0.9872860734868296,0.9202776441852057,0.946097745392369,0.889719050971652
0.9903340500610338,0.897943700552093,0.9175581150651149,0.9189420313496124
0.9761376745506074,0.9382391504165093,0.9483135582440402,0.9705620348608852
0.9801898110253566,0.9610933077130842,0.9672462264040405,0.3108686032191888
0.9892616065254942,0.9098610630866389,0.9675642771742669,0.6419527058127739
0.9867257259471383,0.8934353664558219,0.9409088919376215,0.4790687275835538
0.9834957149083925,0.9741147667533695,0.9449947598656956,0.9858196883732543
0.9842670563251326,0.9623426229042141,0.9563563358020019,0.9896223100967315
0.991440123893918,0.909827630807618,0.956021973450325,0.9352546175872702
0.9904129874228272,0.9566014870308953,0.9688167833928513,0.4357858730702231
0.9931180993099481,0.9579457084956028,0.9631738047264831,0.5794632671138605
0.9913788080653367,0.9008725104550495,0.9613176996143361,0.5012450544091541
0.991503811316215,0.8867752378988621,0.9283160857243309,0.9130842541200082
0.9880863004075012,0.9913702150153626,0.9605157281671525,0.6841330323459188
0.9907987736889564,0.9766260613487446,0.965203379161348,0.4567420202953949
0.9916530707361457,0.89243089040533,0.9816654034650732,0.988545462517415
0.9498477863026893,0.8758694528525688,0.9431686584585108,0.5805524591880699
0.9882152310973206,0.924563534798918,0.9392109631470763,0.535884257962461
0.9746101650924033,0.9748237901107744,0.9346094870484314,0.6526740554264602
0.9918982361463606,0.9940312209573058,0.9103161510219989,0.9659433113517978
0.9936311494121615,0.9171426820872818,0.9460935437571122,0.5028290494253859
0.9859478880623317,0.9854818280504741,0.9824195467090034,0.6667568379455588
0.97771311880945,0.9362912944985251,0.9391102026949112,0.5893827694423288
0.9922289309904527,0.9913784117902095,0.963335999127682,0.4211884352117239
0.9893045292579407,0.9583613536798372,0.9803860908431082,0.5054523151040817
0.9887982836931052,0.9334043591615745,0.9035151852417835,0.973920656785641
0.9936025724905064,0.9385550477870966,0.9443242123256864,0.37058872462904574
0.9929977739925151,0.9053795945531111,0.9615593770759542,0.4579244874715431
0.9877261968693184,0.899759939099317,0.855360807603339,0.6864160809268314
0.9785141240322021,0.936350789967097,0.9335936689072204,0.8268382413463665
0.9677817475001541,0.8925842465515578,0.9656786247141176,0.3533280760265363
0.9919584001699047,0.8466275951105477,0.8868065306463266,0.9650596627548546
0.9558020434504355,0.8910568471799204,0.9592594060792116,0.9783812316792556
0.9746170138540116,0.8841129747873191,0.9569238384277342,0.9776853856256208
0.9924276850354835,0.895433606356089,0.9596687264734857,0.9593793197625246
0.9929240605475135,0.9935223907125882,0.9824801517192999,0.8636111861081008
0.9910648313657747,0.9062538966964065,0.9845544453420327,0.4546858874926244
0.9837630184965893,0.901395644262667,0.9594300710429077,0.5786387445510396
0.9543132024101956,0.8861553258458316,0.9222906814765673,0.19158538806489245
0.9726148448101575,0.9866513075920637,0.9690356684383421,0.42624872935604313
0.9643247334810718,0.8812216496160205,0.9378218340896514,0.5094817893745368
0.9940634883480733,0.9849133244400246,0.9242734116489246,0.9380965493574487
0.9733485643069529,0.8691886388193429,0.9683056762519017,0.9757774187639658
0.9909170126302824,0.9846457056963576,0.937186680310024,0.47260046450944576
0.9839983916117193,0.8917798400466774,0.9359186422195702,0.6401632135826655
0.985013939173558,0.8836102783644404,0.9409806253235514,0.9874547631380767
0.9909098244537903,0.9930887197164988,0.9540716629313643,0.9534522459149709
0.9890221358835265,0.9211141565115374,0.9175976571603877,0.968710863770155
0.9919146856907012,0.9397964053405956,0.9463163836359667,0.9276288730599743
0.988083903040525,0.9004373359321742,0.9606710914339835,0.979335977378221
0.992876669185059,0.9847466544620067,0.9634205870107105,0.34963162011524596
0.986538998988622,0.8883374468413371,0.9736784264584184,0.9885493938332165
0.9907706050038686,0.9049760822752617,0.9656328685167629,0.6167819890053164
0.9903451447466214,0.9746268994603237,0.9702834378909004,0.3080980964779416
0.9915495780408875,0.873787568678965,0.9585698879731278,0.3757942265363322
0.9836095194646963,0.9920539698625074,0.9633405172317843,0.5496869989523737
0.9908277660956577,0.9265544186325987,0.9410418299122354,0.2609485699630717
0.9887287708826116,0.9090504100030704,0.955777930592049,0.39028870724236836
0.9860969669095516,0.9843072145204138,0.9656600297269908,0.883401929260568
0.9897424008204915,0.9044518922976517,0.9816656419083802,0.9336891182764585
0.9854443436784251,0.9862559899160687,0.9796553423967046,0.5874725534525761
0.9883853926689149,0.9607087776935175,0.9807753898297582,0.5912594514125893
0.9866439770110518,0.9126093330321834,0.957702871320677,0.6568072832604084
0.9878150741329687,0.9355913977543636,0.970354347009308,0.41180749736210537
0.9851649882900473,0.9568224346200227,0.9842245975180629,0.36966167149722257
0.9848485124879872,0.9781916591618767,0.9277002906488381,0.611474119224151
0.9925094934751263,0.9563569387788073,0.9496077905991633,0.9878036045820178
0.9901484638892506,0.9911252547743217,0.9852087978290243,0.47458643725347516
0.9883421357946772,0.936494638584857,0.9700322240274891,0.28666247278287066
0.9855820125791916,0.92682112857398,0.9724917250015722,0.535143571081365
0.9890909586884582,0.8558484327742208,0.9578737420608638,0.5625573085204463
0.9906438810002302,0.933470815045835,0.9724371813264724,0.9679115822859263
0.963532343381653,0.9886554003691199,0.9859285234796676,0.3833833924149918
0.9676840634869651,0.9800330503438943,0.9714440062757723,0.3367619749526769
0.990304290165116,0.9369792454414233,0.9160205957677072,0.2610302420548932
0.9922183446219369,0.8632611256458049,0.9734674902646832,0.46703265885620227
0.9911037990994164,0.9935134475169046,0.9746176186849432,0.5848230499662004
0.9574497244275136,0.9894662855959478,0.9658270600671829,0.44410182317066793
0.9925601605720108,0.9057422500934718,0.9727113625884463,0.4634375760800052
0.992886865241079,0.9899336466757716,0.9606824059016394,0.9630073749466097
0.9466489012426235,0.9305675469566626,0.9584951663189574,0.9482297737342763
0.9863776815441236,0.8769347772882898,0.9483884938119708,0.553078513066776
0.9907644797265569,0.9855359392168297,0.9366037505393555,0.6353631109605613
0.9890727472102752,0.8684109655682151,0.9557071893061065,0.48053611176658423
0.9873334440731797,0.8698694016437934,0.9655316956707317,0.594586038496443
0.9922388709828472,0.857711319346996,0.948181781876224,0.4763274648298889
0.970659872376408,0.9516238968213698,0.9824330137181453,0.41018174685663455
0.9922999546473701,0.8803314799225403,0.9634883253614503,0.3816393529121145
0.9725197414888012,0.8988954596519273,0.9733381428418706,0.9648068049308903
0.9923801769478429,0.9005630236925376,0.9611701937979639,0.5397702948997288
0.9637573358574332,0.9054550746449314,0.9763214153645965,0.5763900678268339
0.9827941553887668,0.8876305864476574,0.9108304064786492,0.7383132785535338
0.991212275086178,0.8400098131700395,0.9758702419157098,0.32570583424269717
0.9889950618654715,0.98345220296444,0.9587661759094204,0.9872709817925815
0.9834507300039523,0.9634525582405182,0.980355336761344,0.5806995783022925
0.992318182060523,0.9587737581389378,0.9217250041678012,0.9804676740123813
0.992734182217407,0.9740529391994877,0.9653754972180466,0.9436448418203863
0.987492572121814,0.8836056004156679,0.9523342368471122,0.6585943584954157
0.9917897751087323,0.8620306284157655,0.9325598697449367,0.7230875491694148
0.9901237007284195,0.9361084222228572,0.9756353925153652,0.48565077894829595
0.9758595021082411,0.9651354807621649,0.974818672009983,0.9315061354559963
0.9892191074447606,0.9753219844428038,0.9796243563298082,0.5683614354733327
0.987743023945206,0.9933870121104239,0.9487286140950618,0.5456383007170722
0.9909632725429874,0.8903583556369125,0.9501913871863464,0.9896428253763265
0.9908391615045264,0.977906629484629,0.9707766912547625,0.44349645621576667
0.9861655596222602,0.9621770962601698,0.934790751236791,0.3070171815423971
0.9875306126491783,0.8573127133459302,0.9415793751387486,0.6373904834214306
0.9927330179877963,0.982730652301209,0.947094405561577,0.8356829885107473
0.9904318207991829,0.9362591545163137,0.9617334780932049,0.3037095588668914
0.9923325182174136,0.9800685171998428,0.9731387379789194,0.5458401258215898
0.9927828598655037,0.8973095467388281,0.9875083989827286,0.9037195012991668
0.9921997537333673,0.9005941236311796,0.9785896125241919,0.513335993570498
0.9918679637301078,0.8981677371030861,0.9214911711661103,0.5487294449429228
0.9797877074934178,0.9842468952124911,0.9415093412572859,0.5129767092774977
0.9667845457499166,0.9150353061746819,0.9631295845809291,0.4494163421722988
0.9852985520238948,0.8926703729596133,0.9499717073417806,0.9471618233791341
0.9907922439013376,0.9384755256643253,0.9683005176890822,0.6409818935131313
0.9894952152055,0.9762971161520483,0.968268063730544,0.9589104956355629
0.9878516707507116,0.8798219373392694,0.9747585090104175,0.5110467231846615
0.9935624112798813,0.9883921250143818,0.9661694351123893,0.4395584032632726
0.9869393412623789,0.9034915122825307,0.9519626612337796,0.9281543702071231
0.9920261321209177,0.9348790718102292,0.9768372802647102,0.597831605141624
0.9928158604818206,0.9035305846766355,0.9673159840865674,0.9418731611858386
0.9924692758103247,0.9044495178515363,0.9747294297824275,0.7485532212672023
0.9867968811398075,0.8562176262842981,0.9624351653831104,0.9645049895383289
0.9671019703884377,0.986296935670016,0.9376115963278628,0.24518855520066085
0.9829798213854984,0.9790703923240229,0.9684796636442854,0.9673321283404719
0.9809237819364112,0.8800719052359036,0.9876112614502954,0.6112841047586114
0.9924852721588784,0.9019434797652904,0.9618864124178764,0.212574608483648
0.9856690531659461,0.9713904059071768,0.9537658545127705,0.46313842550346757
0.983162508937006,0.9368991905833205,0.9652626697955998,0.9875814878247553
0.9810204958881952,0.8504874550758621,0.9067237591969521,0.9881714014616262
0.950782070566296,0.8980237602588363,0.9125099590523227,0.8959018429572759
0.9801505044447741,0.9860293662482204,0.9492636562042839,0.621097349525885
0.989349727441712,0.8509232667734337,0.9752893601663949,0.9887603354483839
0.9911506799608752,0.9851292400781492,0.9830186665573795,0.5504751557136937
0.9916193260706807,0.9128004308709012,0.9441483474211328,0.5905417320499239
0.9926406813545432,0.9854869926210309,0.9079984796655948,0.975684888408565
0.987915548689482,0.9536674117584959,0.9538417553886342,0.6440803574066716
0.9914836354900379,0.8828450973594193,0.9726126913287695,0.9606658378833274
0.9871967027100663,0.9893536196825413,0.9563584849644057,0.9037894132729769
0.9854630896775496,0.9919406575417496,0.9614676249070202,0.31069977544266625
0.991859482345447,0.9740985377611101,0.9456513633995689,0.8785660902764184
0.9911027335552296,0.8597453058493459,0.9706219600905667,0.4892132294966235
0.9475325533460377,0.9251403354654015,0.9002431286009586,0.9834290507181839
0.9906640496891448,0.9331469870414787,0.9099126174487525,0.9812034293130639
0.9911089670379163,0.9384136919007903,0.9646781685801962,0.9396742345636973
0.9853878241051074,0.8587274659338512,0.9773312372328922,0.9577471855800654
0.9919946614763023,0.8667682959895663,0.976861670031615,0.9791567561908027
0.9928876317956216,0.975235049928671,0.950125097427914,0.9607734822760962
0.9699984373871705,0.8530666891184181,0.9652153430507237,0.5905185410661262
0.9910448899913822,0.994431028760517,0.9796250029978242,0.9786935401323148
0.9822426993938282,0.984494692709798,0.9725605297327532,0.5683644936608268
0.9785492394646366,0.9942126683761916,0.9733499871961115,0.22386536409658064
0.9882618221907861,0.9835740153467396,0.9709186649820567,0.5047644148300054
0.9693690120401007,0.8948272510921331,0.9191731618107525,0.9863446235837632
0.9858152584167503,0.8785679920029537,0.9510812275330809,0.47821506223456495
0.9893457573838754,0.9403240492729651,0.9691471279684516,0.3120974862054869
0.9854366754417636,0.8712785817489823,0.9663770353982646,0.5967582977200578
0.9890869458140722,0.9620341551221281,0.9386726543421775,0.5427282071975329
0.9925974975177623,0.9920364474484582,0.9761727541658158,0.5018177213604563
0.9918094523721827,0.960679865074753,0.9403410905436284,0.491269226281393
0.9805206777478147,0.9019813153330233,0.9603179292254854,0.6353671102455144
0.9665110082763412,0.9726658146455227,0.9283336033147613,0.9848534114119448
0.9909358278611583,0.8990672569440639,0.8934843213003928,0.8367550815828148
0.9917963800393211,0.972619000991196,0.9248770234560748,0.6594416270276373
0.9913957054990196,0.9945029334676654,0.9394828976626822,0.9833006176946966
0.985338629353608,0.9889965422371861,0.9257906702732378,0.6738702003367998
0.9650396110712827,0.9029281615819724,0.9219350066017273,0.6351808449377313
0.9922368755864313,0.9746140275467344,0.9819882333703545,0.9530419276831691
0.9891928771405873,0.8991423559441649,0.9179596108600738,0.9586670559825883
0.9827928614767882,0.9342637265191533,0.9753398377355329,0.9471599020245026
0.992846054222848,0.9935605325429656,0.9713372411857752,0.9820149135101188
0.9833919970878435,0.9374322356224555,0.9594802607157109,0.41944677072528036
0.991056762509408,0.8687150392413588,0.9426470376189532,0.5657991749191492
0.9912619407039228,0.865631573155869,0.9650710810873412,0.4261971814427162
0.992018218361384,0.9926442237065777,0.97257662365961,0.8992694769121192
0.9920219518374378,0.8387977641960871,0.9864451189812641,0.8810465797908024
0.9916070923577807,0.9051036393164889,0.903575966672478,0.6249993364451208
0.985394377437907,0.8962389203439671,0.9571620062997626,0.9373478987263462
0.9912468572395035,0.9098383857243597,0.95326126692472,0.2972611932279077
0.9918236007551678,0.9616632294541182,0.9286942506313373,0.6735482183845894
0.9885226326048391,0.9925432602580184,0.9174798327299577,0.5088764859067688
0.9928699381912771,0.9469739890283269,0.9556435270997665,0.6548498717970654
0.9865931447100472,0.9602547525420736,0.9524624146872104,0.4614194311001692
0.9873672725517358,0.9612129289004071,0.8711990710668663,0.4677666497649384
0.9825905494585836,0.9904364877086034,0.968787355295772,0.9399417736528881
0.9919943648894399,0.9889147308302385,0.9576752842827372,0.9891750178991522
0.9903417112525642,0.9021203746125572,0.9415710156475573,0.9679355590594735
0.991776047930399,0.9200595057487084,0.9765969470403496,0.1867940351029402
0.9704684256988428,0.9373959947521238,0.979153780923619,0.9863946805017173
0.9919324359519349,0.9748715124852269,0.9809581166862549,0.9348626590524606
0.9718715463092359,0.887745030390677,0.9713951213853393,0.9676975940059627
0.9808061448090564,0.9744124701226597,0.8937470231331988,0.47067746044604514
0.9674191417823631,0.9927350523107596,0.9203680497980464,0.5120423083285782
0.9704058271483821,0.9863748819838128,0.9653377442735814,0.5946512145268341
0.9895711086979584,0.993251743744765,0.9728361406709541,0.9403503406256979
0.9900413002057719,0.9397067634818422,0.9477208277495003,0.9819880120101443
0.9868885127547907,0.9699924302368319,0.9435563481716255,0.3042501113240508
0.9909790585193105,0.971476550017064,0.9815811641681377,0.6228483001055187
0.98281784974698,0.9903843492207509,0.9630143152033945,0.46835492795819067
0.9840013485249408,0.9823265923636644,0.9676872207113121,0.5262661988611537
0.9607386299081264,0.8562205255501406,0.9423134136143793,0.9593293742881602
0.979079507167061,0.8465999133118658,0.964529206283283,0.9703455846790859
0.9882211454683324,0.9852024530796679,0.960957112465505,0.9643173727973218
0.9917266507526575,0.970869560414468,0.9660021873570382,0.31996462448060664
0.9837174800013506,0.9349840330767586,0.957941211579534,0.43817528574340553
0.9929400021832384,0.8617609346074068,0.9829506458481094,0.6000492044780278
0.9926201075708682,0.9334635213323956,0.9011047391474503,0.9880609324535934
0.9890098415084733,0.8962894390384948,0.9537496283872106,0.43093813476120024
0.9919744229935777,0.935703694734903,0.9820933212201169,0.5920277167556308
0.9896058257315501,0.914826625782738,0.9766937242772279,0.538872846558266
0.988240947107702,0.9705564886764791,0.9747220924648244,0.3756498633415719
0.9892140921550594,0.993389134225995,0.9719703875356861,0.9717056988905128
0.9695208871460484,0.9905675183537646,0.9623716009415292,0.6468138132494647
0.9938672481517414,0.9932523292802785,0.9748765428106815,0.5875335841319679
0.990383490016568,0.9709529673452147,0.9249179304296725,0.986658365003752
0.9925508781285668,0.8847722056266937,0.9740265793109414,0.9753745399007199
0.9900080229215992,0.874427546699722,0.9859179808725229,0.5380830963617836
0.9893700032899617,0.9398926808227246,0.9822129215973916,0.359264107644598
0.9447332217611135,0.9106556776745338,0.9057815294361403,0.1870486449710881
0.9893955744607112,0.9342711835440645,0.9698679194757459,0.5669946553296801
0.9884119624210261,0.9615211537269401,0.9501261667243576,0.5517324491639145
0.9914149434859614,0.9788572398424983,0.9728781759525154,0.4575015538795701
0.9906262888922533,0.9250896492106431,0.9631315159602368,0.9663600938517856
0.9934944545421022,0.894963795968813,0.9775154454556373,0.8770970647944034
0.984758066288867,0.939478895484208,0.9600748794279259,0.6149880311571894
0.9873245596103261,0.9847320601557189,0.9627671008350885,0.2943399007334305
0.9869220292244397,0.9282221722202666,0.9817629265124624,0.5253948778870663
0.9914579868904425,0.9637814073607658,0.9679305727078418,0.45499764809733373
0.9745786053299272,0.9036420650924374,0.9790640572099268,0.5427408678163731
0.9882605338414854,0.9610042339326192,0.9460455931244738,0.9909512321520032
0.9888369760027714,0.9334603607674004,0.9238390291437278,0.9586853338464456
0.987573547483285,0.9287769318272352,0.9700040877306124,0.8976843925220186
0.9842265335826752,0.9159071415088365,0.9686451002970445,0.44918757706025825
0.9900530542324338,0.9922524807171353,0.9358273667874054,0.6889922452685996
0.9919073500191458,0.984674019894866,0.9449487495466606,0.6415603081512269
0.9842698742429666,0.9857619932623615,0.9440946161908682,0.9696767102886241
0.9832465087619148,0.9844569054928898,0.9516523645210286,0.5480051099249786
0.9824506021038927,0.853525951697999,0.9498760752379929,0.45043625856623465
0.9825835095040961,0.9921780536839162,0.9780039707549533,0.9695806827377793
0.9907155062512557,0.8993632640948486,0.9156026192400695,0.317947582677346
0.9931504691002845,0.9925136035623029,0.8934255477293578,0.9883322382349519
0.9726304729312985,0.995134531603963,0.9208302924686244,0.9781469244983528
0.9902499198878539,0.9355290195605909,0.9764164930183631,0.9185029234115785
0.986380789498765,0.9788850618230793,0.9717925711337636,0.8204772965061242
0.9925884465835841,0.9774341604298393,0.9743241714991587,0.37888566487663894
0.9922931719938347,0.9917050507895693,0.9849292249609259,0.22618157287845406
0.9922908587559878,0.9910336798494861,0.9622097455136317,0.9511311382515543
0.9911517173842292,0.9603945814915795,0.9745975060410524,0.5708966419043384
0.9836888712419329,0.8602122844731548,0.961299616155902,0.6053954578724519
0.9876028599939183,0.9054731075581329,0.9327485583270796,0.45044792283896135
0.9919211976830807,0.9917716148686936,0.9613838385933829,0.9560421411940438
0.992706640345356,0.9310013977540568,0.9653605462426632,0.6853109234561492
0.993155280761662,0.9859850564656308,0.9646474081838088,0.980900206221845
0.9922706902382454,0.9048015246941642,0.8749292517656372,0.8768167733530099
0.9878362198464417,0.9042247508324999,0.969471482241739,0.6709563693304038
0.9923754145992549,0.9356827527735937,0.9677786138898092,0.8755965134548283
0.9919940314366049,0.9898552200095101,0.9396831064300866,0.36056818819753
0.9761316616672653,0.9917311162743179,0.934460503411866,0.9590694569370133
0.9914124893058798,0.9373177660529396,0.9785495441966234,0.939594625390959
0.990821768667763,0.9926547631278387,0.9809236652502121,0.9528722923716649
0.9908921700280183,0.9931576311854879,0.9437025939393849,0.475306636099435
0.9797325836781126,0.8752296642757335,0.983110764117071,0.5274286385791864
0.9715497274939565,0.9541784527916304,0.9703596154001013,0.5648902395243095
0.9849509256565186,0.9045955791067463,0.9674475595143313,0.968261222287443
0.9641358215653187,0.9385665149125395,0.9750485801333336,0.9423580027011462
0.9884835744267192,0.9806460934942088,0.9185546453836915,0.4643720130577631
0.9904004039599205,0.9237783628570304,0.961228821037946,0.9579532273277833
0.9856565855546904,0.9548960901778878,0.9745378860396783,0.41669371200031624
0.9891600859381394,0.9313965021175884,0.9851946793210594,0.6464041664728392
0.9873633011496121,0.8853554965411775,0.9572014127478483,0.30222371129528747
0.9909707849253316,0.9366919696174523,0.9497235031154153,0.9512109202515108
0.9923455595108223,0.9191015301494703,0.9761240631773546,0.9323232529729033
0.9819348103181431,0.9785025377826015,0.9593637209495119,0.9883449381657938
0.9867239949377565,0.9929400731263238,0.9581579026878579,0.9907257586033671
0.9932246764463944,0.9099025558082805,0.9834437460729238,0.4570484956860482
0.9931089644450243,0.9002141667248034,0.9150748967937526,0.878978533437132
0.9860558170227313,0.9604407902485824,0.9627834628398151,0.5562331919864574
0.9912095024717296,0.9582822118924527,0.9532918035850076,0.9869162557991726
0.989769470397108,0.9837871838519779,0.9632567140367667,0.29406964256431467
0.9933823492777748,0.9579865183863914,0.973318312303806,0.9226961449773278
0.9908032960007435,0.9939617994577279,0.9737789653017624,0.954337238732869
0.9818660346670475,0.991197741900995,0.9664427894966389,0.9469162318491642
0.9809453923765696,0.9382755622903076,0.9657230708835293,0.9914722113271138
0.9858541931398713,0.9013273178817864,0.9902037505440495,0.44078209076618025
0.9625339969752787,0.8918107670562785,0.973762704329282,0.9601466259188204
0.9835938446449372,0.9911056403034636,0.9226656447653961,0.4848272036722088
0.9587618362613706,0.9559925812171839,0.9680201793575629,0.6641802708057609
0.9934098410965111,0.9568927075778674,0.9830439508149373,0.499535939020324
0.9916810439312379,0.960153507135859,0.9395481423345228,0.5788071592202985
0.9916900965416939,0.901200202734921,0.9220459283166439,0.6640531662346152
0.9907704372372595,0.9488162467640234,0.9523458790341064,0.6181346542710842
0.9914061386628806,0.8819326729190753,0.9337916434263352,0.3310034698660756
0.9883812607649539,0.9376380963200517,0.986688477600121,0.5087853962743727
0.9887299990223686,0.8814034081116413,0.9717665344336706,0.5195297900416089
0.9841561802475752,0.9264781509491243,0.9507175726698026,0.6289043805297759
0.9923795519098325,0.9732730985293935,0.8748006267477776,0.6613984056683476
0.9917737771130646,0.9022675182141184,0.9786903086550975,0.6227337408433802
0.9844016311844609,0.9896934886751522,0.9617143620999866,0.9495054196142519
0.9807718734696464,0.9368007764862546,0.979328548944783,0.5334224670997816
0.9834812052701705,0.9166417253028901,0.9682647703241124,0.4491564960870525
0.9813710760161197,0.9666366031153828,0.957212789763076,0.9839181907215294
0.9918868785191044,0.9051942400562796,0.962234036986964,0.9830353504853323
0.9847411436895388,0.9853153269537934,0.982969618769908,0.9763352367201699
0.9932340254229582,0.9767858683109153,0.941505276559822,0.4702304860528334
0.9849844374810501,0.9921609876729917,0.982535861439162,0.6331783832990671
0.9910196677822781,0.9606300099409263,0.9598547522871617,0.4888853036699153
0.9863606688710571,0.9951831621084534,0.9623800123979713,0.9794405832416794
0.9696116479676459,0.8985682084927089,0.9091517032769992,0.9317985741968757
0.9920697731520104,0.9329286275919172,0.8950681018988392,0.9632049879348266
0.987588283857667,0.9390183845849535,0.9565568073784209,0.9852505217580005
0.987492894978426,0.9284186180877089,0.9614859847286903,0.9125460572173788
0.9899400565733879,0.9779356918334463,0.9535223150818709,0.9942987701347024
0.9657880886529165,0.9352228950249559,0.9401803486978958,0.46095156444995783
0.9842198445187285,0.887056865226322,0.9662057448585494,0.6093731670909472
0.9897595247624027,0.9862153567415919,0.9460203365886481,0.46123270072423095
0.9890577468072684,0.94068709851796,0.9635574858530768,0.9717987351344213
0.9900727587616442,0.9734113656848155,0.9633736150756953,0.2513873256641965
0.988660860350629,0.9216494414198814,0.9460052091677706,0.9866470469698573
0.9878728038262644,0.985836992168384,0.9597769137386648,0.8131663585714283
0.9919967793634231,0.9086501683603588,0.976398017325616,0.37935383620244867
0.9921736124715019,0.9943765367410219,0.9777026809114722,0.9217654641387687
0.9863942610697604,0.9655099750607271,0.9259192129491429,0.5218729685318171
0.9888778198400383,0.9938240596827715,0.9558666786502301,0.8789043111138689
0.9928370236801335,0.9768606572826598,0.9405212459844378,0.45103243809294546
0.9932915766378162,0.9369386655014476,0.9371132523684493,0.49271060544265166
0.9903718729449777,0.9763777285013231,0.9342057512373316,0.9263771786383551
0.9917622412282442,0.9605433633109886,0.9439286380592293,0.9233394896610703
0.9669623518685335,0.9733208226860764,0.969268878332473,0.6504157013063468
0.9890225611166207,0.9149394747024815,0.9804878879838586,0.41113628627109183
0.9922773994857811,0.8661889826815932,0.9423161326060785,0.9687890460147678
0.9908299710950362,0.9329246300652537,0.9074382629893871,0.8168334729087018
0.9885326379422503,0.8524909131613893,0.9425931683895316,0.5442369164478585
0.9882943867543191,0.9027929806272394,0.9575810303254184,0.40834165328563704
0.9915171805256044,0.9561419895726535,0.9683476017505434,0.4222843544078364
0.9911610416975005,0.9873536473388905,0.9729049300889326,0.6747277759590958
0.9730578353101045,0.9945457744431676,0.963754014003804,0.9605202492042385
0.9919015277888611,0.8990263268582351,0.9694829787500983,0.9232828943011481
0.9897696502805735,0.88869165310759,0.9858114401793866,0.5148242763182986
0.9692920854883101,0.9859946843232839,0.9792159627948437,0.9837476887066089
0.9897032764974735,0.9035169561535235,0.9627339911564681,0.4740745470272935
0.9913558396053406,0.8903811469708404,0.9773387889021912,0.6025687305108492
0.991551026364881,0.9744069514793527,0.9444872820448306,0.4196687237036978
0.9843120242150585,0.8934812035007901,0.9730383886181784,0.9719578476735807
0.986865924819824,0.9816033926072534,0.9806950782558875,0.5443990643219374
0.9916277173975812,0.9934751549219986,0.9636693530571697,0.5137872512440911
0.9896987445700873,0.9326762402569917,0.8881395890759857,0.4666127194899936
0.9898114305467003,0.9915846294118819,0.9468763825117118,0.6357035346085876
0.990814159251069,0.8893251092741434,0.9337443426729232,0.9142267706340776
0.9894037054215649,0.8603423594629441,0.9357820494765186,0.9837102977758709
0.9752609717259569,0.915372948714071,0.9610000009624701,0.4779779571550375
0.9898189743084802,0.9938105265945327,0.956128431753373,0.4224583424542457
0.9922947981525765,0.9346366423088787,0.9560674616929888,0.5562809672111033
0.9931099912603808,0.9737596724361229,0.9528384451795486,0.82282483896206
0.9894356179019275,0.9326672512619377,0.9715146486983276,0.6147316843177332
0.9916632413342521,0.8943240128763668,0.9720470725831116,0.9265819213619826
0.9835610544898759,0.9370189886913145,0.9288754229809209,0.9599313915149412
0.9874472170621585,0.9742212962008135,0.9338564751041522,0.977134799622876
0.975950964277024,0.9351065714238926,0.9279909655213802,0.8777940518351565
0.9927325167441825,0.9940003260128413,0.9678785128556793,0.9667331052515661
0.9763937282906768,0.8643274922961367,0.9587925332522318,0.9845110677822742
0.9535854233725998,0.9899121220914104,0.9707762411944634,0.966990817381421
0.9926582341491126,0.902136911479402,0.9883328575595828,0.4112086107967787
0.9938078795260762,0.9586802151843031,0.9049367730547604,0.25018165654775637
0.9870943453532174,0.9597701215725355,0.9651442189494999,0.9256321457054182
0.9944157123428324,0.9596737960158026,0.9605725181340321,0.9742611013115049
0.9835539659764145,0.962733775790304,0.9260700962607381,0.5556105019024514
0.9902137341582711,0.9395858865986069,0.9604348487704654,0.9075546982014561
0.9903007938904925,0.9949260284416839,0.9232293949714956,0.4672206135277997
0.9576211451380462,0.9739797816822541,0.9063909132678943,0.8326526464980046
0.9897024699477299,0.9401551145486512,0.9193565144594453,0.5410683435665351
0.9561596699430779,0.9926049942796497,0.9755133820680104,0.3862376845527772
0.9870578156208549,0.9608090955584907,0.9671530052572542,0.5147543601445249
0.9761550136268529,0.9756419980078477,0.9529329786149375,0.35050866963743865
0.9925296800234961,0.9593198474881605,0.9352062366502741,0.5628212419019512
0.9888956679332526,0.8464074936617861,0.9710939754615212,0.9682576129437122
0.9875877813745157,0.9381025526133343,0.9592869894552073,0.39775602017069456
0.9912927662322532,0.9039560081688803,0.9834674696348837,0.4114708772071311
0.990485545017253,0.9381742229110781,0.968364148131824,0.4854364206539071
0.9892829822940079,0.9565565945744784,0.9370554567942257,0.4844332810520475
0.9904716556242567,0.8798622691314477,0.9568880052608164,0.9580638411342196
0.9865861067775173,0.9861092189057745,0.9844274287674741,0.8775505790974845
0.9651618167435482,0.9342493550981392,0.983994351185951,0.9800460813534414
0.9917210239397154,0.991769669938578,0.9229504991975632,0.9805226081411489
0.9821571853557627,0.9008647423595809,0.968585853557379,0.9508812206667887
0.9927193756606757,0.8954389730947868,0.9613943592770665,0.9199863027334944
0.9913320569601712,0.9728663061463558,0.9236742271268216,0.45735854637583967
0.9903841748904774,0.9607917884552661,0.9812987346398151,0.5847647063422097
0.9892655752026731,0.9700101444359266,0.9779245451706471,0.9483233958507582
0.9896302956346614,0.9047617411900809,0.9465288510068501,0.3493467151465963
0.9731434412557542,0.8922008897794401,0.9654756865880114,0.48237630690993644
0.9878993813898547,0.9849571704010475,0.9726344666491694,0.9715876454958399
0.9881532733730541,0.9728683468139567,0.9316232053253546,0.9820552930346189
0.9929790912366578,0.9133680069808203,0.9754526836853585,0.18239631336808465
0.9799471681033058,0.9401120793883999,0.9725197863261172,0.585117053855926
0.9851450955868257,0.9552102128030374,0.9515004611064044,0.23186339858479807
0.9896509096628806,0.8948560026110276,0.9683741889892907,0.9601383504478177
0.9873884807803147,0.971336350175734,0.970905529381105,0.6005960819738256
0.9863312765830475,0.9039365232281027,0.938717039366063,0.34369579333369993
0.9887547002442467,0.8804681878073735,0.9375824639989695,0.970988980667643
0.9911820359405562,0.9849831115867114,0.9673437882218247,0.4896939930823205
0.9823627862981688,0.9072194995366873,0.9001355131086416,0.2663568297015005
0.9855387746827616,0.9913282289807389,0.9819619722190696,0.36114342291465756
0.9933401652058035,0.9867247665261011,0.9255672375406125,0.6215425031072286
0.9656508631114403,0.9396927324251063,0.9574670411010366,0.6345037457663536
0.9925985186914051,0.9934406230800329,0.9565576426204483,0.36258161389986393
0.9927618271536965,0.9580231513593281,0.9486091806980352,0.9836697975957246
0.991345073449219,0.8636118410481239,0.9664262212982279,0.3999761309894374
0.9860175176593918,0.8849130341129743,0.969965041532126,0.63409341457249
0.9857444926480821,0.88045845880187,0.9634179078450789,0.6537923121468396
0.9889605648413529,0.9007847588203998,0.9515046417534659,0.5738660004775741
0.9875591817938819,0.9256504267843874,0.9265087119793689,0.3558693573936854
0.9915470420086541,0.9118532875863727,0.9707951645081984,0.46472058261737614
0.974756244440723,0.9911905666629994,0.9201065972726374,0.9664455494814683
0.9900009487281592,0.9585308891025327,0.9804042153815525,0.27925119204920634
0.9869551157817442,0.9342420757937109,0.9785831022620838,0.8813084640062792
0.9912917198891745,0.8899549984891718,0.9826541878104295,0.6127836931011474
0.9921405572657525,0.9832440198976844,0.8923200538495996,0.9426563531189827
0.9909390949134923,0.9589082153160475,0.9755741655675225,0.4422746908443401
0.9855040696093285,0.9853223960584275,0.9467916738152068,0.6108571577876514
0.990047771439544,0.8934017568086808,0.935840620801192,0.30045346502576636
0.9550654226902746,0.867745793216535,0.9849938427597429,0.5351738041158043
0.9912167440785051,0.9864408016336876,0.9613918191435439,0.9709774696247766
0.9784360913211584,0.9922962866453964,0.9716414811509142,0.878887821975897
0.9918986162571146,0.9830233538700573,0.9611090204227449,0.9669212114799574
0.9875730552496341,0.9940174961341046,0.9771658586811178,0.8841671799743462
0.9868320262045736,0.9075603663072944,0.9622275828586851,0.5357215121727447
0.9707005753315939,0.9304410763293829,0.9335737732549758,0.42901919399761757
0.9880209508100334,0.9082782524479434,0.9731021216915023,0.2172114228133478
0.9912968701757078,0.9816635209869828,0.9438985769655671,0.5828055868898608
0.9854618144865656,0.9930567506115979,0.9818540018180886,0.6224036545589035
0.986864961918489,0.9611761353844254,0.9597997528518656,0.9852383823477844
0.9857439792318042,0.8899557516518484,0.9639130775385121,0.9638170026872157
0.9885600348615086,0.9622772918842686,0.9655934867768609,0.8407772420351165
0.9904678035627352,0.9317057631024568,0.9708057971008275,0.9072495170552117
0.9896935512105637,0.9905357871579344,0.975575761544494,0.5068609548590783
0.9821157727663572,0.8745959670901973,0.9485784852863243,0.9630222053734453
0.9891652352135727,0.9931480481839725,0.8703353473659057,0.3605573366182582
0.9888352803361901,0.8832201610116133,0.9616637912633789,0.9833705139910516
0.9797133945475602,0.8655183974486538,0.9510507185805916,0.3566072578930117
0.9909886876023769,0.9142909347140316,0.9673128796068571,0.40551846457166546
0.9891742101792643,0.9726118109003529,0.9376650600379657,0.9786204223817219
0.9908570403604713,0.9430752511990058,0.9771543362607746,0.39723460161650725
0.9908925190148025,0.9503284292240277,0.9615468772202415,0.8809705146823256
0.9913937555455566,0.985825672882451,0.9726092444148245,0.9734407432821346
0.9915642668099632,0.9938907354543908,0.945508040972262,0.8192070489016631
0.989410137017457,0.8730608699992907,0.9564729192464619,0.9859582323937665
0.9874703962575293,0.98909497573663,0.922814771569886,0.8336161709984774
0.9909634934357875,0.9235719683683207,0.9482417017602313,0.4160611979352178
0.9784586658067852,0.9154060330139367,0.9808386629626965,0.9159254889740134
0.9926672245879258,0.9823704644259906,0.9313994777500999,0.6092734748587764
0.9896844065441441,0.9884484649105599,0.9542858337940365,0.30947130339637313
0.9913301702656766,0.9796332883289706,0.935786293680787,0.4093520900705217
0.990956100719232,0.8640950285053152,0.9253567716128934,0.5495457081720789
0.992936230010155,0.9852539617630409,0.9154755158816436,0.6096624004017004
0.9921910825775782,0.8427993977566969,0.9546427084392106,0.9157432449044896
